
> gia-main@1.0.0 dev
> vite --host 0.0.0.0

[2m2:04:10 p.m.[22m [36m[1m[vite][22m[39m [90m[2m(client)[22m[39m Re-optimizing dependencies because vite config has changed

  [32m[1mVITE[22m v8.0.12[39m  [2mready in [0m[1m1318[22m[2m[0m ms[22m

  [32m➜[39m  [1mLocal[22m:   [36mhttp://localhost:[1m5173[22m/[39m
  [32m➜[39m  [1mNetwork[22m: [36mhttp://10.163.209.80:[1m5173[22m/[39m
  [32m➜[39m  [1mNetwork[22m: [36mhttp://172.24.96.1:[1m5173[22m/[39m
[2m2:28:48 p.m.[22m [36m[1m[vite][22m[39m [90m[2m(client)[22m[39m [32mhmr update [39m[2m/slides/slide04.jsx[22m
[2m2:28:48 p.m.[22m [36m[1m[vite][22m[39m [90m[2m(client)[22m[39m [33mhmr invalidate [39m[2m/slides/slide04.jsx[22m Could not Fast Refresh ("default" export is incompatible). Learn more at https://github.com/vitejs/vite-plugin-react/tree/main/packages/plugin-react#consistent-components-exports
[2m2:28:48 p.m.[22m [36m[1m[vite][22m[39m [90m[2m(client)[22m[39m [32mhmr update [39m[2m/App.jsx[22m
[2m2:29:53 p.m.[22m [36m[1m[vite][22m[39m [90m[2m(client)[22m[39m [32mhmr update [39m[2m/slides/slide04.jsx[22m
[2m2:29:53 p.m.[22m [36m[1m[vite][22m[39m [90m[2m(client)[22m[39m [33mhmr invalidate [39m[2m/slides/slide04.jsx[22m Could not Fast Refresh ("default" export is incompatible). Learn more at https://github.com/vitejs/vite-plugin-react/tree/main/packages/plugin-react#consistent-components-exports
[2m2:29:53 p.m.[22m [36m[1m[vite][22m[39m [90m[2m(client)[22m[39m [32mhmr update [39m[2m/App.jsx[22m
[2m2:31:03 p.m.[22m [36m[1m[vite][22m[39m [90m[2m(client)[22m[39m [32mhmr update [39m[2m/slides/slide04.jsx[22m
[2m2:31:03 p.m.[22m [36m[1m[vite][22m[39m [90m[2m(client)[22m[39m [33mhmr invalidate [39m[2m/slides/slide04.jsx[22m Could not Fast Refresh ("default" export is incompatible). Learn more at https://github.com/vitejs/vite-plugin-react/tree/main/packages/plugin-react#consistent-components-exports
[2m2:31:03 p.m.[22m [36m[1m[vite][22m[39m [90m[2m(client)[22m[39m [32mhmr update [39m[2m/App.jsx[22m
[2m2:31:58 p.m.[22m [36m[1m[vite][22m[39m [90m[2m(client)[22m[39m [32mhmr update [39m[2m/slides/slide04.jsx[22m
[2m2:31:58 p.m.[22m [36m[1m[vite][22m[39m [90m[2m(client)[22m[39m [33mhmr invalidate [39m[2m/slides/slide04.jsx[22m Could not Fast Refresh ("default" export is incompatible). Learn more at https://github.com/vitejs/vite-plugin-react/tree/main/packages/plugin-react#consistent-components-exports
[2m2:31:58 p.m.[22m [36m[1m[vite][22m[39m [90m[2m(client)[22m[39m [32mhmr update [39m[2m/App.jsx[22m
[2m2:34:33 p.m.[22m [36m[1m[vite][22m[39m [90m[2m(client)[22m[39m [32mhmr update [39m[2m/slides/slide04.jsx[22m
[2m2:34:33 p.m.[22m [36m[1m[vite][22m[39m [90m[2m(client)[22m[39m [33mhmr invalidate [39m[2m/slides/slide04.jsx[22m Could not Fast Refresh ("default" export is incompatible). Learn more at https://github.com/vitejs/vite-plugin-react/tree/main/packages/plugin-react#consistent-components-exports
[2m2:34:33 p.m.[22m [36m[1m[vite][22m[39m [90m[2m(client)[22m[39m [32mhmr update [39m[2m/App.jsx[22m
[2m2:35:36 p.m.[22m [36m[1m[vite][22m[39m [90m[2m(client)[22m[39m [32mhmr update [39m[2m/slides/slide04.jsx[22m
[2m2:35:37 p.m.[22m [36m[1m[vite][22m[39m [90m[2m(client)[22m[39m [33mhmr invalidate [39m[2m/slides/slide04.jsx[22m Could not Fast Refresh ("default" export is incompatible). Learn more at https://github.com/vitejs/vite-plugin-react/tree/main/packages/plugin-react#consistent-components-exports
[2m2:35:37 p.m.[22m [36m[1m[vite][22m[39m [90m[2m(client)[22m[39m [32mhmr update [39m[2m/App.jsx[22m
[2m2:42:47 p.m.[22m [36m[1m[vite][22m[39m [90m[2m(client)[22m[39m [32mhmr update [39m[2m/slides/slide04.jsx[22m
[2m2:42:48 p.m.[22m [36m[1m[vite][22m[39m [90m[2m(client)[22m[39m [33mhmr invalidate [39m[2m/slides/slide04.jsx[22m Could not Fast Refresh ("default" export is incompatible). Learn more at https://github.com/vitejs/vite-plugin-react/tree/main/packages/plugin-react#consistent-components-exports
[2m2:42:48 p.m.[22m [36m[1m[vite][22m[39m [90m[2m(client)[22m[39m [32mhmr update [39m[2m/App.jsx[22m
[2m3:03:00 p.m.[22m [36m[1m[vite][22m[39m [90m[2m(client)[22m[39m [32mhmr update [39m[2m/slides/slide05.jsx[22m
[2m3:03:01 p.m.[22m [36m[1m[vite][22m[39m [90m[2m(client)[22m[39m [33mhmr invalidate [39m[2m/slides/slide05.jsx[22m Could not Fast Refresh ("default" export is incompatible). Learn more at https://github.com/vitejs/vite-plugin-react/tree/main/packages/plugin-react#consistent-components-exports
[2m3:03:01 p.m.[22m [36m[1m[vite][22m[39m [90m[2m(client)[22m[39m [32mhmr update [39m[2m/App.jsx[22m
[2m3:07:46 p.m.[22m [36m[1m[vite][22m[39m [90m[2m(client)[22m[39m [32mhmr update [39m[2m/slides/slide04.jsx[22m
[2m3:07:46 p.m.[22m [36m[1m[vite][22m[39m [90m[2m(client)[22m[39m [33mhmr invalidate [39m[2m/slides/slide04.jsx[22m Could not Fast Refresh ("default" export is incompatible). Learn more at https://github.com/vitejs/vite-plugin-react/tree/main/packages/plugin-react#consistent-components-exports
[2m3:07:46 p.m.[22m [36m[1m[vite][22m[39m [90m[2m(client)[22m[39m [32mhmr update [39m[2m/App.jsx[22m
[2m3:09:55 p.m.[22m [36m[1m[vite][22m[39m [90m[2m(client)[22m[39m [32mhmr update [39m[2m/slides/slide04.jsx[22m
[2m3:09:55 p.m.[22m [36m[1m[vite][22m[39m [90m[2m(client)[22m[39m [33mhmr invalidate [39m[2m/slides/slide04.jsx[22m Could not Fast Refresh ("default" export is incompatible). Learn more at https://github.com/vitejs/vite-plugin-react/tree/main/packages/plugin-react#consistent-components-exports
[2m3:09:55 p.m.[22m [36m[1m[vite][22m[39m [90m[2m(client)[22m[39m [32mhmr update [39m[2m/App.jsx[22m
[2m3:15:49 p.m.[22m [36m[1m[vite][22m[39m [90m[2m(client)[22m[39m [32mhmr update [39m[2m/slides/slide04.jsx[22m
[2m3:15:49 p.m.[22m [36m[1m[vite][22m[39m [90m[2m(client)[22m[39m [33mhmr invalidate [39m[2m/slides/slide04.jsx[22m Could not Fast Refresh ("default" export is incompatible). Learn more at https://github.com/vitejs/vite-plugin-react/tree/main/packages/plugin-react#consistent-components-exports
[2m3:15:49 p.m.[22m [36m[1m[vite][22m[39m [90m[2m(client)[22m[39m [32mhmr update [39m[2m/App.jsx[22m
[2m3:16:42 p.m.[22m [36m[1m[vite][22m[39m [90m[2m(client)[22m[39m [32mhmr update [39m[2m/slides/slide04.jsx[22m
[2m3:16:42 p.m.[22m [36m[1m[vite][22m[39m [90m[2m(client)[22m[39m [33mhmr invalidate [39m[2m/slides/slide04.jsx[22m Could not Fast Refresh ("default" export is incompatible). Learn more at https://github.com/vitejs/vite-plugin-react/tree/main/packages/plugin-react#consistent-components-exports
[2m3:16:42 p.m.[22m [36m[1m[vite][22m[39m [90m[2m(client)[22m[39m [32mhmr update [39m[2m/App.jsx[22m
[2m3:18:02 p.m.[22m [36m[1m[vite][22m[39m [90m[2m(client)[22m[39m [32mhmr update [39m[2m/slides/slide04.jsx[22m
[2m3:18:02 p.m.[22m [36m[1m[vite][22m[39m [90m[2m(client)[22m[39m [33mhmr invalidate [39m[2m/slides/slide04.jsx[22m Could not Fast Refresh ("default" export is incompatible). Learn more at https://github.com/vitejs/vite-plugin-react/tree/main/packages/plugin-react#consistent-components-exports
[2m3:18:02 p.m.[22m [36m[1m[vite][22m[39m [90m[2m(client)[22m[39m [32mhmr update [39m[2m/App.jsx[22m
[2m3:18:28 p.m.[22m [36m[1m[vite][22m[39m [90m[2m(client)[22m[39m [32mhmr update [39m[2m/slides/slide05.jsx[22m
[2m3:18:28 p.m.[22m [36m[1m[vite][22m[39m [90m[2m(client)[22m[39m [33mhmr invalidate [39m[2m/slides/slide05.jsx[22m Could not Fast Refresh ("default" export is incompatible). Learn more at https://github.com/vitejs/vite-plugin-react/tree/main/packages/plugin-react#consistent-components-exports
[2m3:18:28 p.m.[22m [36m[1m[vite][22m[39m [90m[2m(client)[22m[39m [32mhmr update [39m[2m/App.jsx[22m
[2m3:23:13 p.m.[22m [36m[1m[vite][22m[39m [90m[2m(client)[22m[39m [32mhmr update [39m[2m/slides/slide04.jsx[22m
[2m3:23:13 p.m.[22m [36m[1m[vite][22m[39m [90m[2m(client)[22m[39m [33mhmr invalidate [39m[2m/slides/slide04.jsx[22m Could not Fast Refresh ("default" export is incompatible). Learn more at https://github.com/vitejs/vite-plugin-react/tree/main/packages/plugin-react#consistent-components-exports
[2m3:23:13 p.m.[22m [36m[1m[vite][22m[39m [90m[2m(client)[22m[39m [32mhmr update [39m[2m/App.jsx[22m
[2m3:27:52 p.m.[22m [36m[1m[vite][22m[39m [90m[2m(client)[22m[39m [32mhmr update [39m[2m/slides/slide05.jsx[22m
[2m3:27:52 p.m.[22m [36m[1m[vite][22m[39m [90m[2m(client)[22m[39m [33mhmr invalidate [39m[2m/slides/slide05.jsx[22m Could not Fast Refresh ("default" export is incompatible). Learn more at https://github.com/vitejs/vite-plugin-react/tree/main/packages/plugin-react#consistent-components-exports
[2m3:27:52 p.m.[22m [36m[1m[vite][22m[39m [90m[2m(client)[22m[39m [32mhmr update [39m[2m/App.jsx[22m
[2m3:28:07 p.m.[22m [36m[1m[vite][22m[39m [90m[2m(client)[22m[39m [32mhmr update [39m[2m/slides/slide05.jsx[22m
[2m3:28:07 p.m.[22m [36m[1m[vite][22m[39m [90m[2m(client)[22m[39m [33mhmr invalidate [39m[2m/slides/slide05.jsx[22m Could not Fast Refresh ("default" export is incompatible). Learn more at https://github.com/vitejs/vite-plugin-react/tree/main/packages/plugin-react#consistent-components-exports
[2m3:28:07 p.m.[22m [36m[1m[vite][22m[39m [90m[2m(client)[22m[39m [32mhmr update [39m[2m/App.jsx[22m
[2m3:28:59 p.m.[22m [36m[1m[vite][22m[39m [90m[2m(client)[22m[39m [32mhmr update [39m[2m/slides/slide05.jsx[22m
[2m3:28:59 p.m.[22m [36m[1m[vite][22m[39m [90m[2m(client)[22m[39m [33mhmr invalidate [39m[2m/slides/slide05.jsx[22m Could not Fast Refresh ("default" export is incompatible). Learn more at https://github.com/vitejs/vite-plugin-react/tree/main/packages/plugin-react#consistent-components-exports
[2m3:28:59 p.m.[22m [36m[1m[vite][22m[39m [90m[2m(client)[22m[39m [32mhmr update [39m[2m/App.jsx[22m
[2m3:29:01 p.m.[22m [36m[1m[vite][22m[39m [90m[2m(client)[22m[39m [32mhmr update [39m[2m/slides/slide04.jsx[22m
[2m3:29:02 p.m.[22m [36m[1m[vite][22m[39m [90m[2m(client)[22m[39m [33mhmr invalidate [39m[2m/slides/slide04.jsx[22m Could not Fast Refresh ("default" export is incompatible). Learn more at https://github.com/vitejs/vite-plugin-react/tree/main/packages/plugin-react#consistent-components-exports
[2m3:29:02 p.m.[22m [36m[1m[vite][22m[39m [90m[2m(client)[22m[39m [32mhmr update [39m[2m/App.jsx[22m
[2m3:29:18 p.m.[22m [36m[1m[vite][22m[39m [90m[2m(client)[22m[39m [32mhmr update [39m[2m/slides/slide05.jsx[22m
[2m3:29:18 p.m.[22m [36m[1m[vite][22m[39m [90m[2m(client)[22m[39m [33mhmr invalidate [39m[2m/slides/slide05.jsx[22m Could not Fast Refresh ("default" export is incompatible). Learn more at https://github.com/vitejs/vite-plugin-react/tree/main/packages/plugin-react#consistent-components-exports
[2m3:29:18 p.m.[22m [36m[1m[vite][22m[39m [90m[2m(client)[22m[39m [32mhmr update [39m[2m/App.jsx[22m
[2m3:31:02 p.m.[22m [36m[1m[vite][22m[39m [90m[2m(client)[22m[39m [32mhmr update [39m[2m/slides/slide04.jsx[22m
[2m3:31:02 p.m.[22m [36m[1m[vite][22m[39m [90m[2m(client)[22m[39m [33mhmr invalidate [39m[2m/slides/slide04.jsx[22m Could not Fast Refresh ("default" export is incompatible). Learn more at https://github.com/vitejs/vite-plugin-react/tree/main/packages/plugin-react#consistent-components-exports
[2m3:31:02 p.m.[22m [36m[1m[vite][22m[39m [90m[2m(client)[22m[39m [32mhmr update [39m[2m/App.jsx[22m
[2m3:31:15 p.m.[22m [36m[1m[vite][22m[39m [90m[2m(client)[22m[39m [32mhmr update [39m[2m/slides/slide05.jsx[22m
[2m3:31:15 p.m.[22m [36m[1m[vite][22m[39m [90m[2m(client)[22m[39m [33mhmr invalidate [39m[2m/slides/slide05.jsx[22m Could not Fast Refresh ("default" export is incompatible). Learn more at https://github.com/vitejs/vite-plugin-react/tree/main/packages/plugin-react#consistent-components-exports
[2m3:31:15 p.m.[22m [36m[1m[vite][22m[39m [90m[2m(client)[22m[39m [32mhmr update [39m[2m/App.jsx[22m
[2m3:32:43 p.m.[22m [36m[1m[vite][22m[39m [90m[2m(client)[22m[39m [32mhmr update [39m[2m/slides/slide04.jsx[22m
[2m3:32:43 p.m.[22m [36m[1m[vite][22m[39m [90m[2m(client)[22m[39m [33mhmr invalidate [39m[2m/slides/slide04.jsx[22m Could not Fast Refresh ("default" export is incompatible). Learn more at https://github.com/vitejs/vite-plugin-react/tree/main/packages/plugin-react#consistent-components-exports
[2m3:32:43 p.m.[22m [36m[1m[vite][22m[39m [90m[2m(client)[22m[39m [32mhmr update [39m[2m/App.jsx[22m
[2m3:34:48 p.m.[22m [36m[1m[vite][22m[39m [90m[2m(client)[22m[39m [32mhmr update [39m[2m/slides/slide04.jsx[22m
[2m3:34:49 p.m.[22m [36m[1m[vite][22m[39m [90m[2m(client)[22m[39m [33mhmr invalidate [39m[2m/slides/slide04.jsx[22m Could not Fast Refresh ("default" export is incompatible). Learn more at https://github.com/vitejs/vite-plugin-react/tree/main/packages/plugin-react#consistent-components-exports
[2m3:34:49 p.m.[22m [36m[1m[vite][22m[39m [90m[2m(client)[22m[39m [32mhmr update [39m[2m/App.jsx[22m
[2m3:35:13 p.m.[22m [36m[1m[vite][22m[39m [90m[2m(client)[22m[39m [32mhmr update [39m[2m/slides/slide04.jsx[22m
[2m3:35:13 p.m.[22m [36m[1m[vite][22m[39m [90m[2m(client)[22m[39m [33mhmr invalidate [39m[2m/slides/slide04.jsx[22m Could not Fast Refresh ("default" export is incompatible). Learn more at https://github.com/vitejs/vite-plugin-react/tree/main/packages/plugin-react#consistent-components-exports
[2m3:35:13 p.m.[22m [36m[1m[vite][22m[39m [90m[2m(client)[22m[39m [32mhmr update [39m[2m/App.jsx[22m
[2m3:36:42 p.m.[22m [36m[1m[vite][22m[39m [90m[2m(client)[22m[39m [32mhmr update [39m[2m/slides/slide05.jsx[22m
[2m3:36:42 p.m.[22m [36m[1m[vite][22m[39m [90m[2m(client)[22m[39m [33mhmr invalidate [39m[2m/slides/slide05.jsx[22m Could not Fast Refresh ("default" export is incompatible). Learn more at https://github.com/vitejs/vite-plugin-react/tree/main/packages/plugin-react#consistent-components-exports
[2m3:36:42 p.m.[22m [36m[1m[vite][22m[39m [90m[2m(client)[22m[39m [32mhmr update [39m[2m/App.jsx[22m
[2m3:36:47 p.m.[22m [36m[1m[vite][22m[39m [90m[2m(client)[22m[39m [32mhmr update [39m[2m/slides/slide04.jsx[22m
[2m3:36:47 p.m.[22m [36m[1m[vite][22m[39m [90m[2m(client)[22m[39m [33mhmr invalidate [39m[2m/slides/slide04.jsx[22m Could not Fast Refresh ("default" export is incompatible). Learn more at https://github.com/vitejs/vite-plugin-react/tree/main/packages/plugin-react#consistent-components-exports
[2m3:36:47 p.m.[22m [36m[1m[vite][22m[39m [90m[2m(client)[22m[39m [32mhmr update [39m[2m/App.jsx[22m
[2m3:37:04 p.m.[22m [36m[1m[vite][22m[39m [90m[2m(client)[22m[39m [32mhmr update [39m[2m/slides/slide05.jsx[22m
[2m3:37:05 p.m.[22m [36m[1m[vite][22m[39m [90m[2m(client)[22m[39m [33mhmr invalidate [39m[2m/slides/slide05.jsx[22m Could not Fast Refresh ("default" export is incompatible). Learn more at https://github.com/vitejs/vite-plugin-react/tree/main/packages/plugin-react#consistent-components-exports
[2m3:37:05 p.m.[22m [36m[1m[vite][22m[39m [90m[2m(client)[22m[39m [32mhmr update [39m[2m/App.jsx[22m
[2m3:37:15 p.m.[22m [36m[1m[vite][22m[39m [90m[2m(client)[22m[39m [32mhmr update [39m[2m/slides/slide04.jsx[22m
[2m3:37:15 p.m.[22m [36m[1m[vite][22m[39m [90m[2m(client)[22m[39m [33mhmr invalidate [39m[2m/slides/slide04.jsx[22m Could not Fast Refresh ("default" export is incompatible). Learn more at https://github.com/vitejs/vite-plugin-react/tree/main/packages/plugin-react#consistent-components-exports
[2m3:37:15 p.m.[22m [36m[1m[vite][22m[39m [90m[2m(client)[22m[39m [32mhmr update [39m[2m/App.jsx[22m
[2m3:37:20 p.m.[22m [36m[1m[vite][22m[39m [90m[2m(client)[22m[39m [32mhmr update [39m[2m/slides/slide05.jsx[22m
[2m3:37:20 p.m.[22m [36m[1m[vite][22m[39m [90m[2m(client)[22m[39m [33mhmr invalidate [39m[2m/slides/slide05.jsx[22m Could not Fast Refresh ("default" export is incompatible). Learn more at https://github.com/vitejs/vite-plugin-react/tree/main/packages/plugin-react#consistent-components-exports
[2m3:37:20 p.m.[22m [36m[1m[vite][22m[39m [90m[2m(client)[22m[39m [32mhmr update [39m[2m/App.jsx[22m
[2m3:39:20 p.m.[22m [36m[1m[vite][22m[39m [90m[2m(client)[22m[39m [32mhmr update [39m[2m/slides/slide04.jsx[22m
[2m3:39:20 p.m.[22m [36m[1m[vite][22m[39m [90m[2m(client)[22m[39m [33mhmr invalidate [39m[2m/slides/slide04.jsx[22m Could not Fast Refresh ("default" export is incompatible). Learn more at https://github.com/vitejs/vite-plugin-react/tree/main/packages/plugin-react#consistent-components-exports
[2m3:39:20 p.m.[22m [36m[1m[vite][22m[39m [90m[2m(client)[22m[39m [32mhmr update [39m[2m/App.jsx[22m
[2m3:42:24 p.m.[22m [36m[1m[vite][22m[39m [90m[2m(client)[22m[39m [32mhmr update [39m[2m/slides/slide05.jsx[22m
[2m3:42:24 p.m.[22m [36m[1m[vite][22m[39m [90m[2m(client)[22m[39m [33mhmr invalidate [39m[2m/slides/slide05.jsx[22m Could not Fast Refresh ("default" export is incompatible). Learn more at https://github.com/vitejs/vite-plugin-react/tree/main/packages/plugin-react#consistent-components-exports
[2m3:42:24 p.m.[22m [36m[1m[vite][22m[39m [90m[2m(client)[22m[39m [32mhmr update [39m[2m/App.jsx[22m
[2m3:42:30 p.m.[22m [36m[1m[vite][22m[39m [90m[2m(client)[22m[39m [32mhmr update [39m[2m/slides/slide04.jsx[22m
[2m3:42:31 p.m.[22m [36m[1m[vite][22m[39m [90m[2m(client)[22m[39m [33mhmr invalidate [39m[2m/slides/slide04.jsx[22m Could not Fast Refresh ("default" export is incompatible). Learn more at https://github.com/vitejs/vite-plugin-react/tree/main/packages/plugin-react#consistent-components-exports
[2m3:42:31 p.m.[22m [36m[1m[vite][22m[39m [90m[2m(client)[22m[39m [32mhmr update [39m[2m/App.jsx[22m
[2m3:42:51 p.m.[22m [36m[1m[vite][22m[39m [90m[2m(client)[22m[39m [32mhmr update [39m[2m/slides/slide05.jsx[22m
[2m3:42:51 p.m.[22m [36m[1m[vite][22m[39m [90m[2m(client)[22m[39m [33mhmr invalidate [39m[2m/slides/slide05.jsx[22m Could not Fast Refresh ("default" export is incompatible). Learn more at https://github.com/vitejs/vite-plugin-react/tree/main/packages/plugin-react#consistent-components-exports
[2m3:42:51 p.m.[22m [36m[1m[vite][22m[39m [90m[2m(client)[22m[39m [32mhmr update [39m[2m/App.jsx[22m
[2m3:44:06 p.m.[22m [36m[1m[vite][22m[39m [90m[2m(client)[22m[39m [32mhmr update [39m[2m/slides/slide05.jsx[22m
[2m3:44:07 p.m.[22m [36m[1m[vite][22m[39m [90m[2m(client)[22m[39m [33mhmr invalidate [39m[2m/slides/slide05.jsx[22m Could not Fast Refresh ("default" export is incompatible). Learn more at https://github.com/vitejs/vite-plugin-react/tree/main/packages/plugin-react#consistent-components-exports
[2m3:44:07 p.m.[22m [36m[1m[vite][22m[39m [90m[2m(client)[22m[39m [32mhmr update [39m[2m/App.jsx[22m
[2m3:45:57 p.m.[22m [36m[1m[vite][22m[39m [90m[2m(client)[22m[39m [32mhmr update [39m[2m/slides/slide04.jsx[22m
[2m3:45:57 p.m.[22m [36m[1m[vite][22m[39m [90m[2m(client)[22m[39m [33mhmr invalidate [39m[2m/slides/slide04.jsx[22m Could not Fast Refresh ("default" export is incompatible). Learn more at https://github.com/vitejs/vite-plugin-react/tree/main/packages/plugin-react#consistent-components-exports
[2m3:45:57 p.m.[22m [36m[1m[vite][22m[39m [90m[2m(client)[22m[39m [32mhmr update [39m[2m/App.jsx[22m
[2m3:47:04 p.m.[22m [36m[1m[vite][22m[39m [90m[2m(client)[22m[39m [32mhmr update [39m[2m/slides/slide05.jsx[22m
[2m3:47:04 p.m.[22m [36m[1m[vite][22m[39m [90m[2m(client)[22m[39m [33mhmr invalidate [39m[2m/slides/slide05.jsx[22m Could not Fast Refresh ("default" export is incompatible). Learn more at https://github.com/vitejs/vite-plugin-react/tree/main/packages/plugin-react#consistent-components-exports
[2m3:47:04 p.m.[22m [36m[1m[vite][22m[39m [90m[2m(client)[22m[39m [32mhmr update [39m[2m/App.jsx[22m
[2m3:47:12 p.m.[22m [36m[1m[vite][22m[39m [90m[2m(client)[22m[39m [32mhmr update [39m[2m/slides/slide04.jsx[22m
[2m3:47:12 p.m.[22m [36m[1m[vite][22m[39m [90m[2m(client)[22m[39m [33mhmr invalidate [39m[2m/slides/slide04.jsx[22m Could not Fast Refresh ("default" export is incompatible). Learn more at https://github.com/vitejs/vite-plugin-react/tree/main/packages/plugin-react#consistent-components-exports
[2m3:47:12 p.m.[22m [36m[1m[vite][22m[39m [90m[2m(client)[22m[39m [32mhmr update [39m[2m/App.jsx[22m
[2m3:47:38 p.m.[22m [36m[1m[vite][22m[39m [90m[2m(client)[22m[39m [32mhmr update [39m[2m/slides/slide05.jsx[22m
[2m3:47:38 p.m.[22m [36m[1m[vite][22m[39m [90m[2m(client)[22m[39m [33mhmr invalidate [39m[2m/slides/slide05.jsx[22m Could not Fast Refresh ("default" export is incompatible). Learn more at https://github.com/vitejs/vite-plugin-react/tree/main/packages/plugin-react#consistent-components-exports
[2m3:47:38 p.m.[22m [36m[1m[vite][22m[39m [90m[2m(client)[22m[39m [32mhmr update [39m[2m/App.jsx[22m
[2m3:48:10 p.m.[22m [36m[1m[vite][22m[39m [90m[2m(client)[22m[39m [32mhmr update [39m[2m/slides/slide05.jsx[22m
[2m3:48:10 p.m.[22m [36m[1m[vite][22m[39m [90m[2m(client)[22m[39m [33mhmr invalidate [39m[2m/slides/slide05.jsx[22m Could not Fast Refresh ("default" export is incompatible). Learn more at https://github.com/vitejs/vite-plugin-react/tree/main/packages/plugin-react#consistent-components-exports
[2m3:48:10 p.m.[22m [36m[1m[vite][22m[39m [90m[2m(client)[22m[39m [32mhmr update [39m[2m/App.jsx[22m
[2m3:50:23 p.m.[22m [36m[1m[vite][22m[39m [90m[2m(client)[22m[39m [32mhmr update [39m[2m/slides/slide04.jsx[22m
[2m3:50:23 p.m.[22m [36m[1m[vite][22m[39m [90m[2m(client)[22m[39m [33mhmr invalidate [39m[2m/slides/slide04.jsx[22m Could not Fast Refresh ("default" export is incompatible). Learn more at https://github.com/vitejs/vite-plugin-react/tree/main/packages/plugin-react#consistent-components-exports
[2m3:50:23 p.m.[22m [36m[1m[vite][22m[39m [90m[2m(client)[22m[39m [32mhmr update [39m[2m/App.jsx[22m
[2m3:53:38 p.m.[22m [36m[1m[vite][22m[39m [90m[2m(client)[22m[39m [32mhmr update [39m[2m/slides/slide05.jsx[22m
[2m3:53:38 p.m.[22m [36m[1m[vite][22m[39m [90m[2m(client)[22m[39m [33mhmr invalidate [39m[2m/slides/slide05.jsx[22m Could not Fast Refresh ("default" export is incompatible). Learn more at https://github.com/vitejs/vite-plugin-react/tree/main/packages/plugin-react#consistent-components-exports
[2m3:53:38 p.m.[22m [36m[1m[vite][22m[39m [90m[2m(client)[22m[39m [32mhmr update [39m[2m/App.jsx[22m
[2m3:53:54 p.m.[22m [36m[1m[vite][22m[39m [90m[2m(client)[22m[39m [32mhmr update [39m[2m/slides/slide05.jsx[22m
[2m3:53:54 p.m.[22m [36m[1m[vite][22m[39m [90m[2m(client)[22m[39m [33mhmr invalidate [39m[2m/slides/slide05.jsx[22m Could not Fast Refresh ("default" export is incompatible). Learn more at https://github.com/vitejs/vite-plugin-react/tree/main/packages/plugin-react#consistent-components-exports
[2m3:53:54 p.m.[22m [36m[1m[vite][22m[39m [90m[2m(client)[22m[39m [32mhmr update [39m[2m/App.jsx[22m
[2m3:56:10 p.m.[22m [36m[1m[vite][22m[39m [90m[2m(client)[22m[39m [32mhmr update [39m[2m/slides/slide05.jsx[22m
[2m3:56:10 p.m.[22m [36m[1m[vite][22m[39m [90m[2m(client)[22m[39m [33mhmr invalidate [39m[2m/slides/slide05.jsx[22m Could not Fast Refresh ("default" export is incompatible). Learn more at https://github.com/vitejs/vite-plugin-react/tree/main/packages/plugin-react#consistent-components-exports
[2m3:56:10 p.m.[22m [36m[1m[vite][22m[39m [90m[2m(client)[22m[39m [32mhmr update [39m[2m/App.jsx[22m
[2m3:56:15 p.m.[22m [36m[1m[vite][22m[39m [90m[2m(client)[22m[39m [32mhmr update [39m[2m/slides/slide05.jsx[22m
[2m3:56:15 p.m.[22m [36m[1m[vite][22m[39m [90m[2m(client)[22m[39m [33mhmr invalidate [39m[2m/slides/slide05.jsx[22m Could not Fast Refresh ("default" export is incompatible). Learn more at https://github.com/vitejs/vite-plugin-react/tree/main/packages/plugin-react#consistent-components-exports
[2m3:56:15 p.m.[22m [36m[1m[vite][22m[39m [90m[2m(client)[22m[39m [32mhmr update [39m[2m/App.jsx[22m
[2m3:56:20 p.m.[22m [36m[1m[vite][22m[39m [90m[2m(client)[22m[39m [32mhmr update [39m[2m/slides/slide05.jsx[22m
[2m3:56:20 p.m.[22m [36m[1m[vite][22m[39m [90m[2m(client)[22m[39m [33mhmr invalidate [39m[2m/slides/slide05.jsx[22m Could not Fast Refresh ("default" export is incompatible). Learn more at https://github.com/vitejs/vite-plugin-react/tree/main/packages/plugin-react#consistent-components-exports
[2m3:56:20 p.m.[22m [36m[1m[vite][22m[39m [90m[2m(client)[22m[39m [32mhmr update [39m[2m/App.jsx[22m
[2m3:56:28 p.m.[22m [36m[1m[vite][22m[39m [90m[2m(client)[22m[39m [32mhmr update [39m[2m/slides/slide05.jsx[22m
[2m3:56:28 p.m.[22m [36m[1m[vite][22m[39m [90m[2m(client)[22m[39m [33mhmr invalidate [39m[2m/slides/slide05.jsx[22m Could not Fast Refresh ("default" export is incompatible). Learn more at https://github.com/vitejs/vite-plugin-react/tree/main/packages/plugin-react#consistent-components-exports
[2m3:56:28 p.m.[22m [36m[1m[vite][22m[39m [90m[2m(client)[22m[39m [32mhmr update [39m[2m/App.jsx[22m
[2m3:57:01 p.m.[22m [36m[1m[vite][22m[39m [90m[2m(client)[22m[39m [32mhmr update [39m[2m/slides/slide05.jsx[22m
[2m3:57:01 p.m.[22m [36m[1m[vite][22m[39m [90m[2m(client)[22m[39m [33mhmr invalidate [39m[2m/slides/slide05.jsx[22m Could not Fast Refresh ("default" export is incompatible). Learn more at https://github.com/vitejs/vite-plugin-react/tree/main/packages/plugin-react#consistent-components-exports
[2m3:57:01 p.m.[22m [36m[1m[vite][22m[39m [90m[2m(client)[22m[39m [32mhmr update [39m[2m/App.jsx[22m
[2m3:57:07 p.m.[22m [36m[1m[vite][22m[39m [90m[2m(client)[22m[39m [32mhmr update [39m[2m/slides/slide05.jsx[22m
[2m3:57:07 p.m.[22m [36m[1m[vite][22m[39m [90m[2m(client)[22m[39m [33mhmr invalidate [39m[2m/slides/slide05.jsx[22m Could not Fast Refresh ("default" export is incompatible). Learn more at https://github.com/vitejs/vite-plugin-react/tree/main/packages/plugin-react#consistent-components-exports
[2m3:57:07 p.m.[22m [36m[1m[vite][22m[39m [90m[2m(client)[22m[39m [32mhmr update [39m[2m/App.jsx[22m
[2m3:57:10 p.m.[22m [36m[1m[vite][22m[39m [90m[2m(client)[22m[39m [32mhmr update [39m[2m/slides/slide05.jsx[22m
[2m3:57:10 p.m.[22m [36m[1m[vite][22m[39m [90m[2m(client)[22m[39m [33mhmr invalidate [39m[2m/slides/slide05.jsx[22m Could not Fast Refresh ("default" export is incompatible). Learn more at https://github.com/vitejs/vite-plugin-react/tree/main/packages/plugin-react#consistent-components-exports
[2m3:57:10 p.m.[22m [36m[1m[vite][22m[39m [90m[2m(client)[22m[39m [32mhmr update [39m[2m/App.jsx[22m
[2m3:57:10 p.m.[22m [36m[1m[vite][22m[39m [90m[2m(client)[22m[39m [32mhmr update [39m[2m/slides/slide05.jsx[22m
[2m3:57:10 p.m.[22m [36m[1m[vite][22m[39m [90m[2m(client)[22m[39m [33mhmr invalidate [39m[2m/slides/slide05.jsx[22m Could not Fast Refresh ("default" export is incompatible). Learn more at https://github.com/vitejs/vite-plugin-react/tree/main/packages/plugin-react#consistent-components-exports
[2m3:57:10 p.m.[22m [36m[1m[vite][22m[39m [90m[2m(client)[22m[39m [32mhmr update [39m[2m/App.jsx[22m
[2m3:57:10 p.m.[22m [36m[1m[vite][22m[39m [90m[2m(client)[22m[39m [32mhmr update [39m[2m/slides/slide05.jsx[22m
[2m3:57:10 p.m.[22m [36m[1m[vite][22m[39m [90m[2m(client)[22m[39m [33mhmr invalidate [39m[2m/slides/slide05.jsx[22m Could not Fast Refresh ("default" export is incompatible). Learn more at https://github.com/vitejs/vite-plugin-react/tree/main/packages/plugin-react#consistent-components-exports
[2m3:57:10 p.m.[22m [36m[1m[vite][22m[39m [90m[2m(client)[22m[39m [32mhmr update [39m[2m/App.jsx[22m
[2m3:57:14 p.m.[22m [36m[1m[vite][22m[39m [90m[2m(client)[22m[39m [32mhmr update [39m[2m/slides/slide05.jsx[22m
[2m3:57:14 p.m.[22m [36m[1m[vite][22m[39m [90m[2m(client)[22m[39m [33mhmr invalidate [39m[2m/slides/slide05.jsx[22m Could not Fast Refresh ("default" export is incompatible). Learn more at https://github.com/vitejs/vite-plugin-react/tree/main/packages/plugin-react#consistent-components-exports
[2m3:57:14 p.m.[22m [36m[1m[vite][22m[39m [90m[2m(client)[22m[39m [32mhmr update [39m[2m/App.jsx[22m
[2m3:57:19 p.m.[22m [36m[1m[vite][22m[39m [90m[2m(client)[22m[39m [32mhmr update [39m[2m/slides/slide05.jsx[22m
[2m3:57:19 p.m.[22m [36m[1m[vite][22m[39m [90m[2m(client)[22m[39m [33mhmr invalidate [39m[2m/slides/slide05.jsx[22m Could not Fast Refresh ("default" export is incompatible). Learn more at https://github.com/vitejs/vite-plugin-react/tree/main/packages/plugin-react#consistent-components-exports
[2m3:57:19 p.m.[22m [36m[1m[vite][22m[39m [90m[2m(client)[22m[39m [32mhmr update [39m[2m/App.jsx[22m
[2m3:57:23 p.m.[22m [36m[1m[vite][22m[39m [90m[2m(client)[22m[39m [32mhmr update [39m[2m/slides/slide05.jsx[22m
[2m3:57:23 p.m.[22m [36m[1m[vite][22m[39m [90m[2m(client)[22m[39m [33mhmr invalidate [39m[2m/slides/slide05.jsx[22m Could not Fast Refresh ("default" export is incompatible). Learn more at https://github.com/vitejs/vite-plugin-react/tree/main/packages/plugin-react#consistent-components-exports
[2m3:57:23 p.m.[22m [36m[1m[vite][22m[39m [90m[2m(client)[22m[39m [32mhmr update [39m[2m/App.jsx[22m
[2m3:57:29 p.m.[22m [36m[1m[vite][22m[39m [90m[2m(client)[22m[39m [32mhmr update [39m[2m/slides/slide05.jsx[22m
[2m3:57:29 p.m.[22m [36m[1m[vite][22m[39m [90m[2m(client)[22m[39m [33mhmr invalidate [39m[2m/slides/slide05.jsx[22m Could not Fast Refresh ("default" export is incompatible). Learn more at https://github.com/vitejs/vite-plugin-react/tree/main/packages/plugin-react#consistent-components-exports
[2m3:57:29 p.m.[22m [36m[1m[vite][22m[39m [90m[2m(client)[22m[39m [32mhmr update [39m[2m/App.jsx[22m
[2m3:57:31 p.m.[22m [36m[1m[vite][22m[39m [90m[2m(client)[22m[39m [32mhmr update [39m[2m/slides/slide05.jsx[22m
[2m3:57:31 p.m.[22m [36m[1m[vite][22m[39m [90m[2m(client)[22m[39m [33mhmr invalidate [39m[2m/slides/slide05.jsx[22m Could not Fast Refresh ("default" export is incompatible). Learn more at https://github.com/vitejs/vite-plugin-react/tree/main/packages/plugin-react#consistent-components-exports
[2m3:57:31 p.m.[22m [36m[1m[vite][22m[39m [90m[2m(client)[22m[39m [32mhmr update [39m[2m/App.jsx[22m
[2m3:57:32 p.m.[22m [36m[1m[vite][22m[39m [90m[2m(client)[22m[39m [32mhmr update [39m[2m/slides/slide05.jsx[22m
[2m3:57:32 p.m.[22m [36m[1m[vite][22m[39m [90m[2m(client)[22m[39m [33mhmr invalidate [39m[2m/slides/slide05.jsx[22m Could not Fast Refresh ("default" export is incompatible). Learn more at https://github.com/vitejs/vite-plugin-react/tree/main/packages/plugin-react#consistent-components-exports
[2m3:57:32 p.m.[22m [36m[1m[vite][22m[39m [90m[2m(client)[22m[39m [32mhmr update [39m[2m/App.jsx[22m
[2m3:57:32 p.m.[22m [36m[1m[vite][22m[39m [90m[2m(client)[22m[39m [32mhmr update [39m[2m/slides/slide05.jsx[22m
[2m3:57:32 p.m.[22m [36m[1m[vite][22m[39m [90m[2m(client)[22m[39m [32mhmr update [39m[2m/slides/slide05.jsx[22m
[2m3:57:32 p.m.[22m [36m[1m[vite][22m[39m [90m[2m(client)[22m[39m [33mhmr invalidate [39m[2m/slides/slide05.jsx[22m Could not Fast Refresh ("default" export is incompatible). Learn more at https://github.com/vitejs/vite-plugin-react/tree/main/packages/plugin-react#consistent-components-exports
[2m3:57:32 p.m.[22m [36m[1m[vite][22m[39m [90m[2m(client)[22m[39m [32mhmr update [39m[2m/App.jsx[22m
[2m3:57:36 p.m.[22m [36m[1m[vite][22m[39m [90m[2m(client)[22m[39m [32mhmr update [39m[2m/slides/slide05.jsx[22m
[2m3:57:36 p.m.[22m [36m[1m[vite][22m[39m [90m[2m(client)[22m[39m [33mhmr invalidate [39m[2m/slides/slide05.jsx[22m Could not Fast Refresh ("default" export is incompatible). Learn more at https://github.com/vitejs/vite-plugin-react/tree/main/packages/plugin-react#consistent-components-exports
[2m3:57:36 p.m.[22m [36m[1m[vite][22m[39m [90m[2m(client)[22m[39m [32mhmr update [39m[2m/App.jsx[22m
[2m3:57:37 p.m.[22m [36m[1m[vite][22m[39m [90m[2m(client)[22m[39m [32mhmr update [39m[2m/slides/slide05.jsx[22m
[2m3:57:37 p.m.[22m [36m[1m[vite][22m[39m [90m[2m(client)[22m[39m [33mhmr invalidate [39m[2m/slides/slide05.jsx[22m Could not Fast Refresh ("default" export is incompatible). Learn more at https://github.com/vitejs/vite-plugin-react/tree/main/packages/plugin-react#consistent-components-exports
[2m3:57:37 p.m.[22m [36m[1m[vite][22m[39m [90m[2m(client)[22m[39m [32mhmr update [39m[2m/App.jsx[22m
[2m3:57:49 p.m.[22m [36m[1m[vite][22m[39m [90m[2m(client)[22m[39m [32mhmr update [39m[2m/slides/slide05.jsx[22m
[2m3:57:49 p.m.[22m [36m[1m[vite][22m[39m [90m[2m(client)[22m[39m [33mhmr invalidate [39m[2m/slides/slide05.jsx[22m Could not Fast Refresh ("default" export is incompatible). Learn more at https://github.com/vitejs/vite-plugin-react/tree/main/packages/plugin-react#consistent-components-exports
[2m3:57:49 p.m.[22m [36m[1m[vite][22m[39m [90m[2m(client)[22m[39m [32mhmr update [39m[2m/App.jsx[22m
[2m3:58:05 p.m.[22m [36m[1m[vite][22m[39m [90m[2m(client)[22m[39m [32mhmr update [39m[2m/slides/slide05.jsx[22m
[2m3:58:05 p.m.[22m [36m[1m[vite][22m[39m [90m[2m(client)[22m[39m [32mhmr update [39m[2m/slides/slide05.jsx[22m
[2m3:58:06 p.m.[22m [36m[1m[vite][22m[39m [90m[2m(client)[22m[39m [33mhmr invalidate [39m[2m/slides/slide05.jsx[22m Could not Fast Refresh ("default" export is incompatible). Learn more at https://github.com/vitejs/vite-plugin-react/tree/main/packages/plugin-react#consistent-components-exports
[2m3:58:06 p.m.[22m [36m[1m[vite][22m[39m [90m[2m(client)[22m[39m [32mhmr update [39m[2m/App.jsx[22m
[2m3:58:07 p.m.[22m [36m[1m[vite][22m[39m [90m[2m(client)[22m[39m [32mhmr update [39m[2m/slides/slide05.jsx[22m
[2m3:58:07 p.m.[22m [36m[1m[vite][22m[39m [90m[2m(client)[22m[39m [33mhmr invalidate [39m[2m/slides/slide05.jsx[22m Could not Fast Refresh ("default" export is incompatible). Learn more at https://github.com/vitejs/vite-plugin-react/tree/main/packages/plugin-react#consistent-components-exports
[2m3:58:07 p.m.[22m [36m[1m[vite][22m[39m [90m[2m(client)[22m[39m [32mhmr update [39m[2m/App.jsx[22m
[2m3:58:07 p.m.[22m [36m[1m[vite][22m[39m [90m[2m(client)[22m[39m [32mhmr update [39m[2m/slides/slide05.jsx[22m
[2m3:58:07 p.m.[22m [36m[1m[vite][22m[39m [90m[2m(client)[22m[39m [33mhmr invalidate [39m[2m/slides/slide05.jsx[22m Could not Fast Refresh ("default" export is incompatible). Learn more at https://github.com/vitejs/vite-plugin-react/tree/main/packages/plugin-react#consistent-components-exports
[2m3:58:07 p.m.[22m [36m[1m[vite][22m[39m [90m[2m(client)[22m[39m [32mhmr update [39m[2m/App.jsx[22m
[2m3:58:07 p.m.[22m [36m[1m[vite][22m[39m [90m[2m(client)[22m[39m [32mhmr update [39m[2m/slides/slide05.jsx[22m
[2m3:58:07 p.m.[22m [36m[1m[vite][22m[39m [90m[2m(client)[22m[39m [33mhmr invalidate [39m[2m/slides/slide05.jsx[22m Could not Fast Refresh ("default" export is incompatible). Learn more at https://github.com/vitejs/vite-plugin-react/tree/main/packages/plugin-react#consistent-components-exports
[2m3:58:07 p.m.[22m [36m[1m[vite][22m[39m [90m[2m(client)[22m[39m [32mhmr update [39m[2m/App.jsx[22m
[2m3:58:27 p.m.[22m [36m[1m[vite][22m[39m [90m[2m(client)[22m[39m [32mhmr update [39m[2m/slides/slide05.jsx[22m
[2m3:58:27 p.m.[22m [36m[1m[vite][22m[39m [90m[2m(client)[22m[39m [33mhmr invalidate [39m[2m/slides/slide05.jsx[22m Could not Fast Refresh ("default" export is incompatible). Learn more at https://github.com/vitejs/vite-plugin-react/tree/main/packages/plugin-react#consistent-components-exports
[2m3:58:27 p.m.[22m [36m[1m[vite][22m[39m [90m[2m(client)[22m[39m [32mhmr update [39m[2m/App.jsx[22m
[2m3:58:36 p.m.[22m [36m[1m[vite][22m[39m [90m[2m(client)[22m[39m [32mhmr update [39m[2m/slides/slide05.jsx[22m
[2m3:58:36 p.m.[22m [36m[1m[vite][22m[39m [90m[2m(client)[22m[39m [33mhmr invalidate [39m[2m/slides/slide05.jsx[22m Could not Fast Refresh ("default" export is incompatible). Learn more at https://github.com/vitejs/vite-plugin-react/tree/main/packages/plugin-react#consistent-components-exports
[2m3:58:36 p.m.[22m [36m[1m[vite][22m[39m [90m[2m(client)[22m[39m [32mhmr update [39m[2m/App.jsx[22m
[2m3:58:44 p.m.[22m [36m[1m[vite][22m[39m [90m[2m(client)[22m[39m [32mhmr update [39m[2m/slides/slide05.jsx[22m
[2m3:58:44 p.m.[22m [36m[1m[vite][22m[39m [90m[2m(client)[22m[39m [33mhmr invalidate [39m[2m/slides/slide05.jsx[22m Could not Fast Refresh ("default" export is incompatible). Learn more at https://github.com/vitejs/vite-plugin-react/tree/main/packages/plugin-react#consistent-components-exports
[2m3:58:44 p.m.[22m [36m[1m[vite][22m[39m [90m[2m(client)[22m[39m [32mhmr update [39m[2m/App.jsx[22m
[2m3:58:50 p.m.[22m [36m[1m[vite][22m[39m [90m[2m(client)[22m[39m [32mhmr update [39m[2m/slides/slide05.jsx[22m
[2m3:58:50 p.m.[22m [36m[1m[vite][22m[39m [90m[2m(client)[22m[39m [33mhmr invalidate [39m[2m/slides/slide05.jsx[22m Could not Fast Refresh ("default" export is incompatible). Learn more at https://github.com/vitejs/vite-plugin-react/tree/main/packages/plugin-react#consistent-components-exports
[2m3:58:50 p.m.[22m [36m[1m[vite][22m[39m [90m[2m(client)[22m[39m [32mhmr update [39m[2m/App.jsx[22m
[2m3:58:59 p.m.[22m [36m[1m[vite][22m[39m [90m[2m(client)[22m[39m [32mhmr update [39m[2m/slides/slide05.jsx[22m
[2m3:58:59 p.m.[22m [36m[1m[vite][22m[39m [90m[2m(client)[22m[39m [33mhmr invalidate [39m[2m/slides/slide05.jsx[22m Could not Fast Refresh ("default" export is incompatible). Learn more at https://github.com/vitejs/vite-plugin-react/tree/main/packages/plugin-react#consistent-components-exports
[2m3:58:59 p.m.[22m [36m[1m[vite][22m[39m [90m[2m(client)[22m[39m [32mhmr update [39m[2m/App.jsx[22m
[2m3:59:07 p.m.[22m [36m[1m[vite][22m[39m [90m[2m(client)[22m[39m [32mhmr update [39m[2m/slides/slide05.jsx[22m
[2m3:59:07 p.m.[22m [36m[1m[vite][22m[39m [90m[2m(client)[22m[39m [33mhmr invalidate [39m[2m/slides/slide05.jsx[22m Could not Fast Refresh ("default" export is incompatible). Learn more at https://github.com/vitejs/vite-plugin-react/tree/main/packages/plugin-react#consistent-components-exports
[2m3:59:07 p.m.[22m [36m[1m[vite][22m[39m [90m[2m(client)[22m[39m [32mhmr update [39m[2m/App.jsx[22m
[2m3:59:14 p.m.[22m [36m[1m[vite][22m[39m [90m[2m(client)[22m[39m [32mhmr update [39m[2m/slides/slide05.jsx[22m
[2m3:59:14 p.m.[22m [36m[1m[vite][22m[39m [90m[2m(client)[22m[39m [33mhmr invalidate [39m[2m/slides/slide05.jsx[22m Could not Fast Refresh ("default" export is incompatible). Learn more at https://github.com/vitejs/vite-plugin-react/tree/main/packages/plugin-react#consistent-components-exports
[2m3:59:14 p.m.[22m [36m[1m[vite][22m[39m [90m[2m(client)[22m[39m [32mhmr update [39m[2m/App.jsx[22m
[2m3:59:18 p.m.[22m [36m[1m[vite][22m[39m [90m[2m(client)[22m[39m [32mhmr update [39m[2m/slides/slide05.jsx[22m
[2m3:59:18 p.m.[22m [36m[1m[vite][22m[39m [90m[2m(client)[22m[39m [33mhmr invalidate [39m[2m/slides/slide05.jsx[22m Could not Fast Refresh ("default" export is incompatible). Learn more at https://github.com/vitejs/vite-plugin-react/tree/main/packages/plugin-react#consistent-components-exports
[2m3:59:18 p.m.[22m [36m[1m[vite][22m[39m [90m[2m(client)[22m[39m [32mhmr update [39m[2m/App.jsx[22m
[2m3:59:23 p.m.[22m [36m[1m[vite][22m[39m [90m[2m(client)[22m[39m [32mhmr update [39m[2m/slides/slide05.jsx[22m
[2m3:59:23 p.m.[22m [36m[1m[vite][22m[39m [90m[2m(client)[22m[39m [33mhmr invalidate [39m[2m/slides/slide05.jsx[22m Could not Fast Refresh ("default" export is incompatible). Learn more at https://github.com/vitejs/vite-plugin-react/tree/main/packages/plugin-react#consistent-components-exports
[2m3:59:23 p.m.[22m [36m[1m[vite][22m[39m [90m[2m(client)[22m[39m [32mhmr update [39m[2m/App.jsx[22m
[2m3:59:26 p.m.[22m [36m[1m[vite][22m[39m [90m[2m(client)[22m[39m [32mhmr update [39m[2m/slides/slide05.jsx[22m
[2m3:59:27 p.m.[22m [36m[1m[vite][22m[39m [90m[2m(client)[22m[39m [33mhmr invalidate [39m[2m/slides/slide05.jsx[22m Could not Fast Refresh ("default" export is incompatible). Learn more at https://github.com/vitejs/vite-plugin-react/tree/main/packages/plugin-react#consistent-components-exports
[2m3:59:27 p.m.[22m [36m[1m[vite][22m[39m [90m[2m(client)[22m[39m [32mhmr update [39m[2m/App.jsx[22m
[2m3:59:32 p.m.[22m [36m[1m[vite][22m[39m [90m[2m(client)[22m[39m [32mhmr update [39m[2m/slides/slide05.jsx[22m
[2m3:59:32 p.m.[22m [36m[1m[vite][22m[39m [90m[2m(client)[22m[39m [33mhmr invalidate [39m[2m/slides/slide05.jsx[22m Could not Fast Refresh ("default" export is incompatible). Learn more at https://github.com/vitejs/vite-plugin-react/tree/main/packages/plugin-react#consistent-components-exports
[2m3:59:32 p.m.[22m [36m[1m[vite][22m[39m [90m[2m(client)[22m[39m [32mhmr update [39m[2m/App.jsx[22m
[2m3:59:39 p.m.[22m [36m[1m[vite][22m[39m [90m[2m(client)[22m[39m [32mhmr update [39m[2m/slides/slide05.jsx[22m
[2m3:59:39 p.m.[22m [36m[1m[vite][22m[39m [90m[2m(client)[22m[39m [32mhmr update [39m[2m/slides/slide05.jsx[22m
[2m3:59:39 p.m.[22m [36m[1m[vite][22m[39m [90m[2m(client)[22m[39m [33mhmr invalidate [39m[2m/slides/slide05.jsx[22m Could not Fast Refresh ("default" export is incompatible). Learn more at https://github.com/vitejs/vite-plugin-react/tree/main/packages/plugin-react#consistent-components-exports
[2m3:59:39 p.m.[22m [36m[1m[vite][22m[39m [90m[2m(client)[22m[39m [32mhmr update [39m[2m/App.jsx[22m
[2m4:00:21 p.m.[22m [36m[1m[vite][22m[39m [90m[2m(client)[22m[39m [32mhmr update [39m[2m/slides/slide05.jsx[22m
[2m4:00:21 p.m.[22m [36m[1m[vite][22m[39m [90m[2m(client)[22m[39m [33mhmr invalidate [39m[2m/slides/slide05.jsx[22m Could not Fast Refresh ("default" export is incompatible). Learn more at https://github.com/vitejs/vite-plugin-react/tree/main/packages/plugin-react#consistent-components-exports
[2m4:00:21 p.m.[22m [36m[1m[vite][22m[39m [90m[2m(client)[22m[39m [32mhmr update [39m[2m/App.jsx[22m
[2m4:00:26 p.m.[22m [36m[1m[vite][22m[39m [90m[2m(client)[22m[39m [32mhmr update [39m[2m/slides/slide05.jsx[22m
[2m4:00:26 p.m.[22m [36m[1m[vite][22m[39m [90m[2m(client)[22m[39m [33mhmr invalidate [39m[2m/slides/slide05.jsx[22m Could not Fast Refresh ("default" export is incompatible). Learn more at https://github.com/vitejs/vite-plugin-react/tree/main/packages/plugin-react#consistent-components-exports
[2m4:00:26 p.m.[22m [36m[1m[vite][22m[39m [90m[2m(client)[22m[39m [32mhmr update [39m[2m/App.jsx[22m
[2m4:00:43 p.m.[22m [36m[1m[vite][22m[39m [90m[2m(client)[22m[39m [32mhmr update [39m[2m/slides/slide05.jsx[22m
[2m4:00:43 p.m.[22m [36m[1m[vite][22m[39m [90m[2m(client)[22m[39m [33mhmr invalidate [39m[2m/slides/slide05.jsx[22m Could not Fast Refresh ("default" export is incompatible). Learn more at https://github.com/vitejs/vite-plugin-react/tree/main/packages/plugin-react#consistent-components-exports
[2m4:00:43 p.m.[22m [36m[1m[vite][22m[39m [90m[2m(client)[22m[39m [32mhmr update [39m[2m/App.jsx[22m
[2m4:00:54 p.m.[22m [36m[1m[vite][22m[39m [90m[2m(client)[22m[39m [32mhmr update [39m[2m/slides/slide05.jsx[22m
[2m4:00:54 p.m.[22m [36m[1m[vite][22m[39m [90m[2m(client)[22m[39m [33mhmr invalidate [39m[2m/slides/slide05.jsx[22m Could not Fast Refresh ("default" export is incompatible). Learn more at https://github.com/vitejs/vite-plugin-react/tree/main/packages/plugin-react#consistent-components-exports
[2m4:00:54 p.m.[22m [36m[1m[vite][22m[39m [90m[2m(client)[22m[39m [32mhmr update [39m[2m/App.jsx[22m
[2m4:03:46 p.m.[22m [36m[1m[vite][22m[39m [90m[2m(client)[22m[39m [32mhmr update [39m[2m/slides/slide05.jsx[22m
[2m4:03:46 p.m.[22m [36m[1m[vite][22m[39m [90m[2m(client)[22m[39m [33mhmr invalidate [39m[2m/slides/slide05.jsx[22m Could not Fast Refresh ("default" export is incompatible). Learn more at https://github.com/vitejs/vite-plugin-react/tree/main/packages/plugin-react#consistent-components-exports
[2m4:03:46 p.m.[22m [36m[1m[vite][22m[39m [90m[2m(client)[22m[39m [32mhmr update [39m[2m/App.jsx[22m
[2m4:06:01 p.m.[22m [36m[1m[vite][22m[39m [90m[2m(client)[22m[39m [32mhmr update [39m[2m/slides/slide05.jsx[22m
[2m4:06:01 p.m.[22m [36m[1m[vite][22m[39m [90m[2m(client)[22m[39m [33mhmr invalidate [39m[2m/slides/slide05.jsx[22m Could not Fast Refresh ("default" export is incompatible). Learn more at https://github.com/vitejs/vite-plugin-react/tree/main/packages/plugin-react#consistent-components-exports
[2m4:06:01 p.m.[22m [36m[1m[vite][22m[39m [90m[2m(client)[22m[39m [32mhmr update [39m[2m/App.jsx[22m
[2m4:14:00 p.m.[22m [36m[1m[vite][22m[39m [90m[2m(client)[22m[39m [32mhmr update [39m[2m/slides/slide05.jsx[22m
[2m4:14:00 p.m.[22m [36m[1m[vite][22m[39m [90m[2m(client)[22m[39m [33mhmr invalidate [39m[2m/slides/slide05.jsx[22m Could not Fast Refresh ("default" export is incompatible). Learn more at https://github.com/vitejs/vite-plugin-react/tree/main/packages/plugin-react#consistent-components-exports
[2m4:14:00 p.m.[22m [36m[1m[vite][22m[39m [90m[2m(client)[22m[39m [32mhmr update [39m[2m/App.jsx[22m
[2m4:15:50 p.m.[22m [36m[1m[vite][22m[39m [90m[2m(client)[22m[39m [32mhmr update [39m[2m/slides/slide05.jsx[22m
[2m4:15:50 p.m.[22m [36m[1m[vite][22m[39m [90m[2m(client)[22m[39m [33mhmr invalidate [39m[2m/slides/slide05.jsx[22m Could not Fast Refresh ("default" export is incompatible). Learn more at https://github.com/vitejs/vite-plugin-react/tree/main/packages/plugin-react#consistent-components-exports
[2m4:15:50 p.m.[22m [36m[1m[vite][22m[39m [90m[2m(client)[22m[39m [32mhmr update [39m[2m/App.jsx[22m
[2m4:16:01 p.m.[22m [36m[1m[vite][22m[39m [90m[2m(client)[22m[39m [32mhmr update [39m[2m/slides/slide05.jsx[22m
[2m4:16:01 p.m.[22m [36m[1m[vite][22m[39m [90m[2m(client)[22m[39m [33mhmr invalidate [39m[2m/slides/slide05.jsx[22m Could not Fast Refresh ("default" export is incompatible). Learn more at https://github.com/vitejs/vite-plugin-react/tree/main/packages/plugin-react#consistent-components-exports
[2m4:16:01 p.m.[22m [36m[1m[vite][22m[39m [90m[2m(client)[22m[39m [32mhmr update [39m[2m/App.jsx[22m
[2m4:16:05 p.m.[22m [36m[1m[vite][22m[39m [90m[2m(client)[22m[39m [32mhmr update [39m[2m/slides/slide05.jsx[22m
[2m4:16:05 p.m.[22m [36m[1m[vite][22m[39m [90m[2m(client)[22m[39m [33mhmr invalidate [39m[2m/slides/slide05.jsx[22m Could not Fast Refresh ("default" export is incompatible). Learn more at https://github.com/vitejs/vite-plugin-react/tree/main/packages/plugin-react#consistent-components-exports
[2m4:16:05 p.m.[22m [36m[1m[vite][22m[39m [90m[2m(client)[22m[39m [32mhmr update [39m[2m/App.jsx[22m
[2m4:16:10 p.m.[22m [36m[1m[vite][22m[39m [90m[2m(client)[22m[39m [32mhmr update [39m[2m/slides/slide05.jsx[22m
[2m4:16:10 p.m.[22m [36m[1m[vite][22m[39m [90m[2m(client)[22m[39m [33mhmr invalidate [39m[2m/slides/slide05.jsx[22m Could not Fast Refresh ("default" export is incompatible). Learn more at https://github.com/vitejs/vite-plugin-react/tree/main/packages/plugin-react#consistent-components-exports
[2m4:16:10 p.m.[22m [36m[1m[vite][22m[39m [90m[2m(client)[22m[39m [32mhmr update [39m[2m/App.jsx[22m
[2m4:16:16 p.m.[22m [36m[1m[vite][22m[39m [90m[2m(client)[22m[39m [32mhmr update [39m[2m/slides/slide05.jsx[22m
[2m4:16:16 p.m.[22m [36m[1m[vite][22m[39m [90m[2m(client)[22m[39m [33mhmr invalidate [39m[2m/slides/slide05.jsx[22m Could not Fast Refresh ("default" export is incompatible). Learn more at https://github.com/vitejs/vite-plugin-react/tree/main/packages/plugin-react#consistent-components-exports
[2m4:16:16 p.m.[22m [36m[1m[vite][22m[39m [90m[2m(client)[22m[39m [32mhmr update [39m[2m/App.jsx[22m
[2m4:18:39 p.m.[22m [36m[1m[vite][22m[39m [90m[2m(client)[22m[39m [32mhmr update [39m[2m/slides/slide05.jsx[22m
[2m4:18:39 p.m.[22m [36m[1m[vite][22m[39m [90m[2m(client)[22m[39m [33mhmr invalidate [39m[2m/slides/slide05.jsx[22m Could not Fast Refresh ("default" export is incompatible). Learn more at https://github.com/vitejs/vite-plugin-react/tree/main/packages/plugin-react#consistent-components-exports
[2m4:18:39 p.m.[22m [36m[1m[vite][22m[39m [90m[2m(client)[22m[39m [32mhmr update [39m[2m/App.jsx[22m
[2m4:18:43 p.m.[22m [36m[1m[vite][22m[39m [90m[2m(client)[22m[39m [32mhmr update [39m[2m/slides/slide05.jsx[22m
[2m4:18:43 p.m.[22m [36m[1m[vite][22m[39m [90m[2m(client)[22m[39m [33mhmr invalidate [39m[2m/slides/slide05.jsx[22m Could not Fast Refresh ("default" export is incompatible). Learn more at https://github.com/vitejs/vite-plugin-react/tree/main/packages/plugin-react#consistent-components-exports
[2m4:18:43 p.m.[22m [36m[1m[vite][22m[39m [90m[2m(client)[22m[39m [32mhmr update [39m[2m/App.jsx[22m
[2m4:18:48 p.m.[22m [36m[1m[vite][22m[39m [90m[2m(client)[22m[39m [32mhmr update [39m[2m/slides/slide05.jsx[22m
[2m4:18:48 p.m.[22m [36m[1m[vite][22m[39m [90m[2m(client)[22m[39m [32mhmr update [39m[2m/slides/slide05.jsx[22m
[2m4:18:49 p.m.[22m [36m[1m[vite][22m[39m [90m[2m(client)[22m[39m [33mhmr invalidate [39m[2m/slides/slide05.jsx[22m Could not Fast Refresh ("default" export is incompatible). Learn more at https://github.com/vitejs/vite-plugin-react/tree/main/packages/plugin-react#consistent-components-exports
[2m4:18:49 p.m.[22m [36m[1m[vite][22m[39m [90m[2m(client)[22m[39m [32mhmr update [39m[2m/App.jsx[22m
[2m4:19:02 p.m.[22m [36m[1m[vite][22m[39m [90m[2m(client)[22m[39m [32mhmr update [39m[2m/slides/slide05.jsx[22m
[2m4:19:02 p.m.[22m [36m[1m[vite][22m[39m [90m[2m(client)[22m[39m [33mhmr invalidate [39m[2m/slides/slide05.jsx[22m Could not Fast Refresh ("default" export is incompatible). Learn more at https://github.com/vitejs/vite-plugin-react/tree/main/packages/plugin-react#consistent-components-exports
[2m4:19:02 p.m.[22m [36m[1m[vite][22m[39m [90m[2m(client)[22m[39m [32mhmr update [39m[2m/App.jsx[22m
[2m4:19:08 p.m.[22m [36m[1m[vite][22m[39m [90m[2m(client)[22m[39m [32mhmr update [39m[2m/slides/slide05.jsx[22m
[2m4:19:08 p.m.[22m [36m[1m[vite][22m[39m [90m[2m(client)[22m[39m [33mhmr invalidate [39m[2m/slides/slide05.jsx[22m Could not Fast Refresh ("default" export is incompatible). Learn more at https://github.com/vitejs/vite-plugin-react/tree/main/packages/plugin-react#consistent-components-exports
[2m4:19:08 p.m.[22m [36m[1m[vite][22m[39m [90m[2m(client)[22m[39m [32mhmr update [39m[2m/App.jsx[22m
[2m4:19:12 p.m.[22m [36m[1m[vite][22m[39m [90m[2m(client)[22m[39m [32mhmr update [39m[2m/slides/slide05.jsx[22m
[2m4:19:12 p.m.[22m [36m[1m[vite][22m[39m [90m[2m(client)[22m[39m [32mhmr update [39m[2m/slides/slide05.jsx[22m
[2m4:19:12 p.m.[22m [36m[1m[vite][22m[39m [90m[2m(client)[22m[39m [33mhmr invalidate [39m[2m/slides/slide05.jsx[22m Could not Fast Refresh ("default" export is incompatible). Learn more at https://github.com/vitejs/vite-plugin-react/tree/main/packages/plugin-react#consistent-components-exports
[2m4:19:12 p.m.[22m [36m[1m[vite][22m[39m [90m[2m(client)[22m[39m [32mhmr update [39m[2m/App.jsx[22m
[2m4:19:17 p.m.[22m [36m[1m[vite][22m[39m [90m[2m(client)[22m[39m [32mhmr update [39m[2m/slides/slide05.jsx[22m
[2m4:19:17 p.m.[22m [36m[1m[vite][22m[39m [90m[2m(client)[22m[39m [33mhmr invalidate [39m[2m/slides/slide05.jsx[22m Could not Fast Refresh ("default" export is incompatible). Learn more at https://github.com/vitejs/vite-plugin-react/tree/main/packages/plugin-react#consistent-components-exports
[2m4:19:17 p.m.[22m [36m[1m[vite][22m[39m [90m[2m(client)[22m[39m [32mhmr update [39m[2m/App.jsx[22m
[2m4:19:31 p.m.[22m [36m[1m[vite][22m[39m [90m[2m(client)[22m[39m [32mhmr update [39m[2m/slides/slide05.jsx[22m
[2m4:19:31 p.m.[22m [36m[1m[vite][22m[39m [90m[2m(client)[22m[39m [33mhmr invalidate [39m[2m/slides/slide05.jsx[22m Could not Fast Refresh ("default" export is incompatible). Learn more at https://github.com/vitejs/vite-plugin-react/tree/main/packages/plugin-react#consistent-components-exports
[2m4:19:31 p.m.[22m [36m[1m[vite][22m[39m [90m[2m(client)[22m[39m [32mhmr update [39m[2m/App.jsx[22m
[2m4:19:36 p.m.[22m [36m[1m[vite][22m[39m [90m[2m(client)[22m[39m [32mhmr update [39m[2m/slides/slide05.jsx[22m
[2m4:19:36 p.m.[22m [36m[1m[vite][22m[39m [90m[2m(client)[22m[39m [33mhmr invalidate [39m[2m/slides/slide05.jsx[22m Could not Fast Refresh ("default" export is incompatible). Learn more at https://github.com/vitejs/vite-plugin-react/tree/main/packages/plugin-react#consistent-components-exports
[2m4:19:36 p.m.[22m [36m[1m[vite][22m[39m [90m[2m(client)[22m[39m [32mhmr update [39m[2m/App.jsx[22m
[2m4:19:41 p.m.[22m [36m[1m[vite][22m[39m [90m[2m(client)[22m[39m [32mhmr update [39m[2m/slides/slide05.jsx[22m
[2m4:19:41 p.m.[22m [36m[1m[vite][22m[39m [90m[2m(client)[22m[39m [33mhmr invalidate [39m[2m/slides/slide05.jsx[22m Could not Fast Refresh ("default" export is incompatible). Learn more at https://github.com/vitejs/vite-plugin-react/tree/main/packages/plugin-react#consistent-components-exports
[2m4:19:41 p.m.[22m [36m[1m[vite][22m[39m [90m[2m(client)[22m[39m [32mhmr update [39m[2m/App.jsx[22m
[2m4:19:55 p.m.[22m [36m[1m[vite][22m[39m [90m[2m(client)[22m[39m [32mhmr update [39m[2m/slides/slide05.jsx[22m
[2m4:19:55 p.m.[22m [36m[1m[vite][22m[39m [90m[2m(client)[22m[39m [33mhmr invalidate [39m[2m/slides/slide05.jsx[22m Could not Fast Refresh ("default" export is incompatible). Learn more at https://github.com/vitejs/vite-plugin-react/tree/main/packages/plugin-react#consistent-components-exports
[2m4:19:55 p.m.[22m [36m[1m[vite][22m[39m [90m[2m(client)[22m[39m [32mhmr update [39m[2m/App.jsx[22m
[2m4:20:22 p.m.[22m [36m[1m[vite][22m[39m [90m[2m(client)[22m[39m [32mhmr update [39m[2m/slides/slide05.jsx[22m
[2m4:20:22 p.m.[22m [36m[1m[vite][22m[39m [90m[2m(client)[22m[39m [33mhmr invalidate [39m[2m/slides/slide05.jsx[22m Could not Fast Refresh ("default" export is incompatible). Learn more at https://github.com/vitejs/vite-plugin-react/tree/main/packages/plugin-react#consistent-components-exports
[2m4:20:22 p.m.[22m [36m[1m[vite][22m[39m [90m[2m(client)[22m[39m [32mhmr update [39m[2m/App.jsx[22m
[2m4:20:46 p.m.[22m [36m[1m[vite][22m[39m [90m[2m(client)[22m[39m [32mhmr update [39m[2m/slides/slide05.jsx[22m
[2m4:20:47 p.m.[22m [36m[1m[vite][22m[39m [90m[2m(client)[22m[39m [33mhmr invalidate [39m[2m/slides/slide05.jsx[22m Could not Fast Refresh ("default" export is incompatible). Learn more at https://github.com/vitejs/vite-plugin-react/tree/main/packages/plugin-react#consistent-components-exports
[2m4:20:47 p.m.[22m [36m[1m[vite][22m[39m [90m[2m(client)[22m[39m [32mhmr update [39m[2m/App.jsx[22m
[2m7:46:12 p.m.[22m [36m[1m[vite][22m[39m [90m[2m(client)[22m[39m [32mhmr update [39m[2m/slides/slide05.jsx[22m
[2m7:46:12 p.m.[22m [36m[1m[vite][22m[39m [90m[2m(client)[22m[39m [33mhmr invalidate [39m[2m/slides/slide05.jsx[22m Could not Fast Refresh ("default" export is incompatible). Learn more at https://github.com/vitejs/vite-plugin-react/tree/main/packages/plugin-react#consistent-components-exports
[2m7:46:12 p.m.[22m [36m[1m[vite][22m[39m [90m[2m(client)[22m[39m [32mhmr update [39m[2m/App.jsx[22m
[2m7:46:13 p.m.[22m [36m[1m[vite][22m[39m [90m[2m(client)[22m[39m [32mhmr update [39m[2m/slides/slide05.jsx[22m
[2m7:46:13 p.m.[22m [36m[1m[vite][22m[39m [90m[2m(client)[22m[39m [33mhmr invalidate [39m[2m/slides/slide05.jsx[22m Could not Fast Refresh ("default" export is incompatible). Learn more at https://github.com/vitejs/vite-plugin-react/tree/main/packages/plugin-react#consistent-components-exports
[2m7:46:13 p.m.[22m [36m[1m[vite][22m[39m [90m[2m(client)[22m[39m [32mhmr update [39m[2m/App.jsx[22m
[2m7:46:14 p.m.[22m [36m[1m[vite][22m[39m [90m[2m(client)[22m[39m [32mhmr update [39m[2m/slides/slide05.jsx[22m
[2m7:46:14 p.m.[22m [36m[1m[vite][22m[39m [90m[2m(client)[22m[39m [33mhmr invalidate [39m[2m/slides/slide05.jsx[22m Could not Fast Refresh ("default" export is incompatible). Learn more at https://github.com/vitejs/vite-plugin-react/tree/main/packages/plugin-react#consistent-components-exports
[2m7:46:14 p.m.[22m [36m[1m[vite][22m[39m [90m[2m(client)[22m[39m [32mhmr update [39m[2m/App.jsx[22m
[2m7:46:19 p.m.[22m [36m[1m[vite][22m[39m [90m[2m(client)[22m[39m [32mhmr update [39m[2m/slides/slide05.jsx[22m
[2m7:46:20 p.m.[22m [36m[1m[vite][22m[39m [90m[2m(client)[22m[39m [33mhmr invalidate [39m[2m/slides/slide05.jsx[22m Could not Fast Refresh ("default" export is incompatible). Learn more at https://github.com/vitejs/vite-plugin-react/tree/main/packages/plugin-react#consistent-components-exports
[2m7:46:20 p.m.[22m [36m[1m[vite][22m[39m [90m[2m(client)[22m[39m [32mhmr update [39m[2m/App.jsx[22m
[2m7:47:33 p.m.[22m [36m[1m[vite][22m[39m [90m[2m(client)[22m[39m [32mhmr update [39m[2m/slides/slide05.jsx[22m
[2m7:47:33 p.m.[22m [36m[1m[vite][22m[39m [90m[2m(client)[22m[39m [33mhmr invalidate [39m[2m/slides/slide05.jsx[22m Could not Fast Refresh ("default" export is incompatible). Learn more at https://github.com/vitejs/vite-plugin-react/tree/main/packages/plugin-react#consistent-components-exports
[2m7:47:33 p.m.[22m [36m[1m[vite][22m[39m [90m[2m(client)[22m[39m [32mhmr update [39m[2m/App.jsx[22m
[2m7:58:18 p.m.[22m [36m[1m[vite][22m[39m [90m[2m(client)[22m[39m [32mhmr update [39m[2m/slides/slide05.jsx[22m
[2m7:58:18 p.m.[22m [36m[1m[vite][22m[39m [90m[2m(client)[22m[39m [33mhmr invalidate [39m[2m/slides/slide05.jsx[22m Could not Fast Refresh ("default" export is incompatible). Learn more at https://github.com/vitejs/vite-plugin-react/tree/main/packages/plugin-react#consistent-components-exports
[2m7:58:18 p.m.[22m [36m[1m[vite][22m[39m [90m[2m(client)[22m[39m [32mhmr update [39m[2m/App.jsx[22m
[2m8:02:01 p.m.[22m [36m[1m[vite][22m[39m [90m[2m(client)[22m[39m [32mhmr update [39m[2m/slides/slide05.jsx[22m
[2m8:02:01 p.m.[22m [36m[1m[vite][22m[39m [90m[2m(client)[22m[39m [32mhmr update [39m[2m/slides/slide05.jsx[22m
[2m8:02:01 p.m.[22m [36m[1m[vite][22m[39m [90m[2m(client)[22m[39m [33mhmr invalidate [39m[2m/slides/slide05.jsx[22m Could not Fast Refresh ("default" export is incompatible). Learn more at https://github.com/vitejs/vite-plugin-react/tree/main/packages/plugin-react#consistent-components-exports
[2m8:02:01 p.m.[22m [36m[1m[vite][22m[39m [90m[2m(client)[22m[39m [32mhmr update [39m[2m/App.jsx[22m
[2m8:02:17 p.m.[22m [36m[1m[vite][22m[39m [90m[2m(client)[22m[39m [32mhmr update [39m[2m/slides/slide05.jsx[22m
[2m8:02:17 p.m.[22m [36m[1m[vite][22m[39m [90m[2m(client)[22m[39m [33mhmr invalidate [39m[2m/slides/slide05.jsx[22m Could not Fast Refresh ("default" export is incompatible). Learn more at https://github.com/vitejs/vite-plugin-react/tree/main/packages/plugin-react#consistent-components-exports
[2m8:02:17 p.m.[22m [36m[1m[vite][22m[39m [90m[2m(client)[22m[39m [32mhmr update [39m[2m/App.jsx[22m
[2m8:02:29 p.m.[22m [36m[1m[vite][22m[39m [90m[2m(client)[22m[39m [32mhmr update [39m[2m/slides/slide05.jsx[22m
[2m8:02:29 p.m.[22m [36m[1m[vite][22m[39m [90m[2m(client)[22m[39m [33mhmr invalidate [39m[2m/slides/slide05.jsx[22m Could not Fast Refresh ("default" export is incompatible). Learn more at https://github.com/vitejs/vite-plugin-react/tree/main/packages/plugin-react#consistent-components-exports
[2m8:02:29 p.m.[22m [36m[1m[vite][22m[39m [90m[2m(client)[22m[39m [32mhmr update [39m[2m/App.jsx[22m
[2m9:34:12 p.m.[22m [36m[1m[vite][22m[39m [90m[2m(client)[22m[39m [32mhmr update [39m[2m/slides/slide05.jsx[22m
[2m9:34:12 p.m.[22m [36m[1m[vite][22m[39m [90m[2m(client)[22m[39m [33mhmr invalidate [39m[2m/slides/slide05.jsx[22m Could not Fast Refresh ("default" export is incompatible). Learn more at https://github.com/vitejs/vite-plugin-react/tree/main/packages/plugin-react#consistent-components-exports
[2m9:34:12 p.m.[22m [36m[1m[vite][22m[39m [90m[2m(client)[22m[39m [32mhmr update [39m[2m/App.jsx[22m
[2m11:42:39 p.m.[22m [36m[1m[vite][22m[39m [90m[2m(client)[22m[39m [32mhmr update [39m[2m/slides/slide06.jsx[22m
[2m11:42:39 p.m.[22m [36m[1m[vite][22m[39m [90m[2m(client)[22m[39m [33mhmr invalidate [39m[2m/slides/slide06.jsx[22m Could not Fast Refresh ("default" export is incompatible). Learn more at https://github.com/vitejs/vite-plugin-react/tree/main/packages/plugin-react#consistent-components-exports
[2m11:42:39 p.m.[22m [36m[1m[vite][22m[39m [90m[2m(client)[22m[39m [32mhmr update [39m[2m/App.jsx[22m
[2m11:42:55 p.m.[22m [36m[1m[vite][22m[39m [90m[2m(client)[22m[39m [32mhmr update [39m[2m/slides/slide06.jsx[22m
[2m11:42:55 p.m.[22m [36m[1m[vite][22m[39m [90m[2m(client)[22m[39m [33mhmr invalidate [39m[2m/slides/slide06.jsx[22m Could not Fast Refresh ("default" export is incompatible). Learn more at https://github.com/vitejs/vite-plugin-react/tree/main/packages/plugin-react#consistent-components-exports
[2m11:42:55 p.m.[22m [36m[1m[vite][22m[39m [90m[2m(client)[22m[39m [32mhmr update [39m[2m/App.jsx[22m
[2m11:46:43 p.m.[22m [36m[1m[vite][22m[39m [90m[2m(client)[22m[39m [32mhmr update [39m[2m/slides/slide06.jsx[22m
[2m11:46:43 p.m.[22m [36m[1m[vite][22m[39m [90m[2m(client)[22m[39m [33mhmr invalidate [39m[2m/slides/slide06.jsx[22m Could not Fast Refresh ("default" export is incompatible). Learn more at https://github.com/vitejs/vite-plugin-react/tree/main/packages/plugin-react#consistent-components-exports
[2m11:46:43 p.m.[22m [36m[1m[vite][22m[39m [90m[2m(client)[22m[39m [32mhmr update [39m[2m/App.jsx[22m
[2m11:47:53 p.m.[22m [36m[1m[vite][22m[39m [90m[2m(client)[22m[39m [32mhmr update [39m[2m/slides/slide06.jsx[22m
[2m11:47:54 p.m.[22m [36m[1m[vite][22m[39m [90m[2m(client)[22m[39m [33mhmr invalidate [39m[2m/slides/slide06.jsx[22m Could not Fast Refresh ("default" export is incompatible). Learn more at https://github.com/vitejs/vite-plugin-react/tree/main/packages/plugin-react#consistent-components-exports
[2m11:47:54 p.m.[22m [36m[1m[vite][22m[39m [90m[2m(client)[22m[39m [32mhmr update [39m[2m/App.jsx[22m
[2m11:55:17 p.m.[22m [36m[1m[vite][22m[39m [90m[2m(client)[22m[39m [32mhmr update [39m[2m/slides/slide06.jsx[22m
[2m11:55:17 p.m.[22m [36m[1m[vite][22m[39m [90m[2m(client)[22m[39m [33mhmr invalidate [39m[2m/slides/slide06.jsx[22m Could not Fast Refresh ("default" export is incompatible). Learn more at https://github.com/vitejs/vite-plugin-react/tree/main/packages/plugin-react#consistent-components-exports
[2m11:55:17 p.m.[22m [36m[1m[vite][22m[39m [90m[2m(client)[22m[39m [32mhmr update [39m[2m/App.jsx[22m
[2m11:58:14 p.m.[22m [36m[1m[vite][22m[39m [90m[2m(client)[22m[39m [32mhmr update [39m[2m/slides/slide06.jsx[22m
[2m11:58:14 p.m.[22m [36m[1m[vite][22m[39m [90m[2m(client)[22m[39m [33mhmr invalidate [39m[2m/slides/slide06.jsx[22m Could not Fast Refresh ("default" export is incompatible). Learn more at https://github.com/vitejs/vite-plugin-react/tree/main/packages/plugin-react#consistent-components-exports
[2m11:58:14 p.m.[22m [36m[1m[vite][22m[39m [90m[2m(client)[22m[39m [32mhmr update [39m[2m/App.jsx[22m
[2m12:02:54 a.m.[22m [36m[1m[vite][22m[39m [90m[2m(client)[22m[39m [32mhmr update [39m[2m/slides/slide06.jsx[22m
[2m12:02:55 a.m.[22m [36m[1m[vite][22m[39m [90m[2m(client)[22m[39m [33mhmr invalidate [39m[2m/slides/slide06.jsx[22m Could not Fast Refresh ("default" export is incompatible). Learn more at https://github.com/vitejs/vite-plugin-react/tree/main/packages/plugin-react#consistent-components-exports
[2m12:02:55 a.m.[22m [36m[1m[vite][22m[39m [90m[2m(client)[22m[39m [32mhmr update [39m[2m/App.jsx[22m
[2m12:03:30 a.m.[22m [36m[1m[vite][22m[39m [90m[2m(client)[22m[39m [32mhmr update [39m[2m/slides/slide06.jsx[22m
[2m12:03:30 a.m.[22m [36m[1m[vite][22m[39m [90m[2m(client)[22m[39m [33mhmr invalidate [39m[2m/slides/slide06.jsx[22m Could not Fast Refresh ("default" export is incompatible). Learn more at https://github.com/vitejs/vite-plugin-react/tree/main/packages/plugin-react#consistent-components-exports
[2m12:03:30 a.m.[22m [36m[1m[vite][22m[39m [90m[2m(client)[22m[39m [32mhmr update [39m[2m/App.jsx[22m
[2m12:04:46 a.m.[22m [36m[1m[vite][22m[39m [90m[2m(client)[22m[39m [32mhmr update [39m[2m/slides/slide06.jsx[22m
[2m12:04:46 a.m.[22m [36m[1m[vite][22m[39m [90m[2m(client)[22m[39m [33mhmr invalidate [39m[2m/slides/slide06.jsx[22m Could not Fast Refresh ("default" export is incompatible). Learn more at https://github.com/vitejs/vite-plugin-react/tree/main/packages/plugin-react#consistent-components-exports
[2m12:04:46 a.m.[22m [36m[1m[vite][22m[39m [90m[2m(client)[22m[39m [32mhmr update [39m[2m/App.jsx[22m
[2m12:07:41 a.m.[22m [36m[1m[vite][22m[39m [90m[2m(client)[22m[39m [32mhmr update [39m[2m/slides/slide06.jsx[22m
[2m12:07:41 a.m.[22m [36m[1m[vite][22m[39m [90m[2m(client)[22m[39m [33mhmr invalidate [39m[2m/slides/slide06.jsx[22m Could not Fast Refresh ("default" export is incompatible). Learn more at https://github.com/vitejs/vite-plugin-react/tree/main/packages/plugin-react#consistent-components-exports
[2m12:07:41 a.m.[22m [36m[1m[vite][22m[39m [90m[2m(client)[22m[39m [32mhmr update [39m[2m/App.jsx[22m
[2m12:09:15 a.m.[22m [36m[1m[vite][22m[39m [90m[2m(client)[22m[39m [32mhmr update [39m[2m/slides/slide06.jsx[22m
[2m12:09:15 a.m.[22m [36m[1m[vite][22m[39m [90m[2m(client)[22m[39m [33mhmr invalidate [39m[2m/slides/slide06.jsx[22m Could not Fast Refresh ("default" export is incompatible). Learn more at https://github.com/vitejs/vite-plugin-react/tree/main/packages/plugin-react#consistent-components-exports
[2m12:09:15 a.m.[22m [36m[1m[vite][22m[39m [90m[2m(client)[22m[39m [32mhmr update [39m[2m/App.jsx[22m
[2m12:09:51 a.m.[22m [36m[1m[vite][22m[39m [90m[2m(client)[22m[39m [32mhmr update [39m[2m/slides/slide06.jsx[22m
[2m12:09:51 a.m.[22m [36m[1m[vite][22m[39m [90m[2m(client)[22m[39m [33mhmr invalidate [39m[2m/slides/slide06.jsx[22m Could not Fast Refresh ("default" export is incompatible). Learn more at https://github.com/vitejs/vite-plugin-react/tree/main/packages/plugin-react#consistent-components-exports
[2m12:09:51 a.m.[22m [36m[1m[vite][22m[39m [90m[2m(client)[22m[39m [32mhmr update [39m[2m/App.jsx[22m
[2m12:11:20 a.m.[22m [36m[1m[vite][22m[39m [90m[2m(client)[22m[39m [32mhmr update [39m[2m/slides/slide06.jsx[22m
[2m12:11:20 a.m.[22m [36m[1m[vite][22m[39m [90m[2m(client)[22m[39m [33mhmr invalidate [39m[2m/slides/slide06.jsx[22m Could not Fast Refresh ("default" export is incompatible). Learn more at https://github.com/vitejs/vite-plugin-react/tree/main/packages/plugin-react#consistent-components-exports
[2m12:11:20 a.m.[22m [36m[1m[vite][22m[39m [90m[2m(client)[22m[39m [32mhmr update [39m[2m/App.jsx[22m
[2m1:59:37 a.m.[22m [36m[1m[vite][22m[39m [90m[2m(client)[22m[39m [32mhmr update [39m[2m/slides/slide06.jsx[22m
[2m1:59:37 a.m.[22m [36m[1m[vite][22m[39m [90m[2m(client)[22m[39m [32mhmr update [39m[2m/slides/slide06.jsx[22m
[2m1:59:37 a.m.[22m [36m[1m[vite][22m[39m [90m[2m(client)[22m[39m [33mhmr invalidate [39m[2m/slides/slide06.jsx[22m Could not Fast Refresh ("default" export is incompatible). Learn more at https://github.com/vitejs/vite-plugin-react/tree/main/packages/plugin-react#consistent-components-exports
[2m1:59:37 a.m.[22m [36m[1m[vite][22m[39m [90m[2m(client)[22m[39m [32mhmr update [39m[2m/App.jsx[22m
[2m2:00:00 a.m.[22m [36m[1m[vite][22m[39m [90m[2m(client)[22m[39m [32mhmr update [39m[2m/slides/slide06.jsx[22m
[2m2:00:00 a.m.[22m [36m[1m[vite][22m[39m [90m[2m(client)[22m[39m [33mhmr invalidate [39m[2m/slides/slide06.jsx[22m Could not Fast Refresh ("default" export is incompatible). Learn more at https://github.com/vitejs/vite-plugin-react/tree/main/packages/plugin-react#consistent-components-exports
[2m2:00:00 a.m.[22m [36m[1m[vite][22m[39m [90m[2m(client)[22m[39m [32mhmr update [39m[2m/App.jsx[22m
[2m2:01:38 a.m.[22m [36m[1m[vite][22m[39m [90m[2m(client)[22m[39m [32mhmr update [39m[2m/slides/slide06.jsx[22m
[2m2:01:38 a.m.[22m [36m[1m[vite][22m[39m [90m[2m(client)[22m[39m [33mhmr invalidate [39m[2m/slides/slide06.jsx[22m Could not Fast Refresh ("default" export is incompatible). Learn more at https://github.com/vitejs/vite-plugin-react/tree/main/packages/plugin-react#consistent-components-exports
[2m2:01:38 a.m.[22m [36m[1m[vite][22m[39m [90m[2m(client)[22m[39m [32mhmr update [39m[2m/App.jsx[22m
[2m2:08:21 a.m.[22m [36m[1m[vite][22m[39m [90m[2m(client)[22m[39m [32mhmr update [39m[2m/slides/slide06.jsx[22m
[2m2:08:21 a.m.[22m [36m[1m[vite][22m[39m [90m[2m(client)[22m[39m [33mhmr invalidate [39m[2m/slides/slide06.jsx[22m Could not Fast Refresh ("default" export is incompatible). Learn more at https://github.com/vitejs/vite-plugin-react/tree/main/packages/plugin-react#consistent-components-exports
[2m2:08:21 a.m.[22m [36m[1m[vite][22m[39m [90m[2m(client)[22m[39m [32mhmr update [39m[2m/App.jsx[22m
[2m2:08:32 a.m.[22m [36m[1m[vite][22m[39m [90m[2m(client)[22m[39m [32mhmr update [39m[2m/slides/slide06.jsx[22m
[2m2:08:32 a.m.[22m [36m[1m[vite][22m[39m [90m[2m(client)[22m[39m [33mhmr invalidate [39m[2m/slides/slide06.jsx[22m Could not Fast Refresh ("default" export is incompatible). Learn more at https://github.com/vitejs/vite-plugin-react/tree/main/packages/plugin-react#consistent-components-exports
[2m2:08:32 a.m.[22m [36m[1m[vite][22m[39m [90m[2m(client)[22m[39m [32mhmr update [39m[2m/App.jsx[22m
[2m2:08:48 a.m.[22m [36m[1m[vite][22m[39m [90m[2m(client)[22m[39m [32mhmr update [39m[2m/slides/slide06.jsx[22m
[2m2:08:49 a.m.[22m [36m[1m[vite][22m[39m [90m[2m(client)[22m[39m [33mhmr invalidate [39m[2m/slides/slide06.jsx[22m Could not Fast Refresh ("default" export is incompatible). Learn more at https://github.com/vitejs/vite-plugin-react/tree/main/packages/plugin-react#consistent-components-exports
[2m2:08:49 a.m.[22m [36m[1m[vite][22m[39m [90m[2m(client)[22m[39m [32mhmr update [39m[2m/App.jsx[22m
[2m2:10:38 a.m.[22m [36m[1m[vite][22m[39m [90m[2m(client)[22m[39m [32mhmr update [39m[2m/slides/slide06.jsx[22m
[2m2:10:39 a.m.[22m [36m[1m[vite][22m[39m [90m[2m(client)[22m[39m [33mhmr invalidate [39m[2m/slides/slide06.jsx[22m Could not Fast Refresh ("default" export is incompatible). Learn more at https://github.com/vitejs/vite-plugin-react/tree/main/packages/plugin-react#consistent-components-exports
[2m2:10:39 a.m.[22m [36m[1m[vite][22m[39m [90m[2m(client)[22m[39m [32mhmr update [39m[2m/App.jsx[22m
[2m2:17:10 a.m.[22m [36m[1m[vite][22m[39m [90m[2m(client)[22m[39m [32mhmr update [39m[2m/slides/slide06.jsx[22m
[2m2:17:10 a.m.[22m [36m[1m[vite][22m[39m [90m[2m(client)[22m[39m [33mhmr invalidate [39m[2m/slides/slide06.jsx[22m Could not Fast Refresh ("default" export is incompatible). Learn more at https://github.com/vitejs/vite-plugin-react/tree/main/packages/plugin-react#consistent-components-exports
[2m2:17:10 a.m.[22m [36m[1m[vite][22m[39m [90m[2m(client)[22m[39m [32mhmr update [39m[2m/App.jsx[22m
[2m2:17:24 a.m.[22m [36m[1m[vite][22m[39m [90m[2m(client)[22m[39m [32mhmr update [39m[2m/slides/slide06.jsx[22m
[2m2:17:24 a.m.[22m [36m[1m[vite][22m[39m [90m[2m(client)[22m[39m [33mhmr invalidate [39m[2m/slides/slide06.jsx[22m Could not Fast Refresh ("default" export is incompatible). Learn more at https://github.com/vitejs/vite-plugin-react/tree/main/packages/plugin-react#consistent-components-exports
[2m2:17:24 a.m.[22m [36m[1m[vite][22m[39m [90m[2m(client)[22m[39m [32mhmr update [39m[2m/App.jsx[22m
[2m2:17:41 a.m.[22m [36m[1m[vite][22m[39m [90m[2m(client)[22m[39m [32mhmr update [39m[2m/slides/slide06.jsx[22m
[2m2:17:41 a.m.[22m [36m[1m[vite][22m[39m [90m[2m(client)[22m[39m [33mhmr invalidate [39m[2m/slides/slide06.jsx[22m Could not Fast Refresh ("default" export is incompatible). Learn more at https://github.com/vitejs/vite-plugin-react/tree/main/packages/plugin-react#consistent-components-exports
[2m2:17:41 a.m.[22m [36m[1m[vite][22m[39m [90m[2m(client)[22m[39m [32mhmr update [39m[2m/App.jsx[22m
[2m2:18:03 a.m.[22m [36m[1m[vite][22m[39m [90m[2m(client)[22m[39m [32mhmr update [39m[2m/slides/slide06.jsx[22m
[2m2:18:03 a.m.[22m [36m[1m[vite][22m[39m [90m[2m(client)[22m[39m [33mhmr invalidate [39m[2m/slides/slide06.jsx[22m Could not Fast Refresh ("default" export is incompatible). Learn more at https://github.com/vitejs/vite-plugin-react/tree/main/packages/plugin-react#consistent-components-exports
[2m2:18:03 a.m.[22m [36m[1m[vite][22m[39m [90m[2m(client)[22m[39m [32mhmr update [39m[2m/App.jsx[22m
[2m2:23:47 a.m.[22m [36m[1m[vite][22m[39m [90m[2m(client)[22m[39m [32mhmr update [39m[2m/slides/slide06.jsx[22m
[2m2:23:47 a.m.[22m [36m[1m[vite][22m[39m [90m[2m(client)[22m[39m [33mhmr invalidate [39m[2m/slides/slide06.jsx[22m Could not Fast Refresh ("default" export is incompatible). Learn more at https://github.com/vitejs/vite-plugin-react/tree/main/packages/plugin-react#consistent-components-exports
[2m2:23:47 a.m.[22m [36m[1m[vite][22m[39m [90m[2m(client)[22m[39m [32mhmr update [39m[2m/App.jsx[22m
[2m2:25:29 a.m.[22m [36m[1m[vite][22m[39m [90m[2m(client)[22m[39m [32mhmr update [39m[2m/slides/slide06.jsx[22m
[2m2:25:29 a.m.[22m [36m[1m[vite][22m[39m [90m[2m(client)[22m[39m [33mhmr invalidate [39m[2m/slides/slide06.jsx[22m Could not Fast Refresh ("default" export is incompatible). Learn more at https://github.com/vitejs/vite-plugin-react/tree/main/packages/plugin-react#consistent-components-exports
[2m2:25:29 a.m.[22m [36m[1m[vite][22m[39m [90m[2m(client)[22m[39m [32mhmr update [39m[2m/App.jsx[22m
[2m2:26:36 a.m.[22m [36m[1m[vite][22m[39m [90m[2m(client)[22m[39m [32mhmr update [39m[2m/slides/slide07.jsx[22m
[2m2:26:41 a.m.[22m [36m[1m[vite][22m[39m [90m[2m(client)[22m[39m [32mhmr update [39m[2m/App.jsx[22m
[2m2:26:41 a.m.[22m [36m[1m[vite][22m[39m [90m[2m(client)[22m[39m [32mhmr update [39m[2m/App.jsx[22m
[2m2:26:59 a.m.[22m [36m[1m[vite][22m[39m [90m[2m(client)[22m[39m [32mhmr update [39m[2m/slides/slide08.jsx[22m
[2m2:27:30 a.m.[22m [36m[1m[vite][22m[39m [90m[2m(client)[22m[39m [32mhmr update [39m[2m/slides/slide09.jsx[22m
[2m2:27:39 a.m.[22m [36m[1m[vite][22m[39m [90m[2m(client)[22m[39m [32mhmr update [39m[2m/App.jsx[22m
[2m2:27:55 a.m.[22m [36m[1m[vite][22m[39m [90m[2m(client)[22m[39m [32mhmr update [39m[2m/slides/slide10.jsx[22m
[2m2:28:27 a.m.[22m [36m[1m[vite][22m[39m [90m[2m(client)[22m[39m [32mhmr update [39m[2m/App.jsx[22m
[2m2:28:40 a.m.[22m [36m[1m[vite][22m[39m [90m[2m(client)[22m[39m [32mhmr update [39m[2m/slides/slide11.jsx[22m
[2m2:28:40 a.m.[22m [36m[1m[vite][22m[39m [90m[2m(client)[22m[39m [32mhmr update [39m[2m/App.jsx[22m
[2m2:28:40 a.m.[22m [36m[1m[vite][22m[39m [90m[2m(client)[22m[39m [32mhmr update [39m[2m/App.jsx[22m
[2m2:29:44 a.m.[22m [36m[1m[vite][22m[39m [90m[2m(client)[22m[39m [32mhmr update [39m[2m/slides/slide06.jsx[22m
[2m2:29:44 a.m.[22m [36m[1m[vite][22m[39m [90m[2m(client)[22m[39m [33mhmr invalidate [39m[2m/slides/slide06.jsx[22m Could not Fast Refresh ("default" export is incompatible). Learn more at https://github.com/vitejs/vite-plugin-react/tree/main/packages/plugin-react#consistent-components-exports
[2m2:29:44 a.m.[22m [36m[1m[vite][22m[39m [90m[2m(client)[22m[39m [32mhmr update [39m[2m/App.jsx[22m
[2m2:31:57 a.m.[22m [36m[1m[vite][22m[39m [90m[2m(client)[22m[39m [32mhmr update [39m[2m/slides/slide06.jsx[22m
[2m2:31:57 a.m.[22m [36m[1m[vite][22m[39m [90m[2m(client)[22m[39m [33mhmr invalidate [39m[2m/slides/slide06.jsx[22m Could not Fast Refresh ("default" export is incompatible). Learn more at https://github.com/vitejs/vite-plugin-react/tree/main/packages/plugin-react#consistent-components-exports
[2m2:31:57 a.m.[22m [36m[1m[vite][22m[39m [90m[2m(client)[22m[39m [32mhmr update [39m[2m/App.jsx[22m
[2m2:34:38 a.m.[22m [36m[1m[vite][22m[39m [90m[2m(client)[22m[39m [32mhmr update [39m[2m/slides/slide06.jsx[22m
[2m2:34:38 a.m.[22m [36m[1m[vite][22m[39m [90m[2m(client)[22m[39m [33mhmr invalidate [39m[2m/slides/slide06.jsx[22m Could not Fast Refresh ("default" export is incompatible). Learn more at https://github.com/vitejs/vite-plugin-react/tree/main/packages/plugin-react#consistent-components-exports
[2m2:34:38 a.m.[22m [36m[1m[vite][22m[39m [90m[2m(client)[22m[39m [32mhmr update [39m[2m/App.jsx[22m
[2m2:34:38 a.m.[22m [36m[1m[vite][22m[39m [90m[2m(client)[22m[39m [32mhmr update [39m[2m/slides/slide06.jsx[22m
[2m2:34:38 a.m.[22m [36m[1m[vite][22m[39m [90m[2m(client)[22m[39m [33mhmr invalidate [39m[2m/slides/slide06.jsx[22m Could not Fast Refresh ("default" export is incompatible). Learn more at https://github.com/vitejs/vite-plugin-react/tree/main/packages/plugin-react#consistent-components-exports
[2m2:34:38 a.m.[22m [36m[1m[vite][22m[39m [90m[2m(client)[22m[39m [32mhmr update [39m[2m/App.jsx[22m
[2m2:34:49 a.m.[22m [36m[1m[vite][22m[39m [90m[2m(client)[22m[39m [32mhmr update [39m[2m/slides/slide06.jsx[22m
[2m2:34:49 a.m.[22m [36m[1m[vite][22m[39m [90m[2m(client)[22m[39m [33mhmr invalidate [39m[2m/slides/slide06.jsx[22m Could not Fast Refresh ("default" export is incompatible). Learn more at https://github.com/vitejs/vite-plugin-react/tree/main/packages/plugin-react#consistent-components-exports
[2m2:34:49 a.m.[22m [36m[1m[vite][22m[39m [90m[2m(client)[22m[39m [32mhmr update [39m[2m/App.jsx[22m
[2m2:41:25 a.m.[22m [36m[1m[vite][22m[39m [90m[2m(client)[22m[39m [32mhmr update [39m[2m/slides/slide06.jsx[22m
[2m2:41:25 a.m.[22m [36m[1m[vite][22m[39m [90m[2m(client)[22m[39m [33mhmr invalidate [39m[2m/slides/slide06.jsx[22m Could not Fast Refresh ("default" export is incompatible). Learn more at https://github.com/vitejs/vite-plugin-react/tree/main/packages/plugin-react#consistent-components-exports
[2m2:41:25 a.m.[22m [36m[1m[vite][22m[39m [90m[2m(client)[22m[39m [32mhmr update [39m[2m/App.jsx[22m
[2m2:42:57 a.m.[22m [36m[1m[vite][22m[39m [90m[2m(client)[22m[39m [32mhmr update [39m[2m/slides/slide06.jsx[22m
[2m2:42:57 a.m.[22m [36m[1m[vite][22m[39m [90m[2m(client)[22m[39m [32mhmr update [39m[2m/slides/slide06.jsx[22m
[2m2:43:20 a.m.[22m [36m[1m[vite][22m[39m [90m[2m(client)[22m[39m [32mhmr update [39m[2m/slides/slide06.jsx[22m
[2m2:43:20 a.m.[22m [36m[1m[vite][22m[39m [90m[2m(client)[22m[39m [32mhmr update [39m[2m/slides/slide06.jsx[22m
[2m2:44:20 a.m.[22m [36m[1m[vite][22m[39m [90m[2m(client)[22m[39m [32mhmr update [39m[2m/slides/slide06.jsx[22m
[2m2:44:20 a.m.[22m [36m[1m[vite][22m[39m [90m[2m(client)[22m[39m [32mhmr update [39m[2m/slides/slide06.jsx[22m
[2m2:44:20 a.m.[22m [36m[1m[vite][22m[39m [90m[2m(client)[22m[39m [33mhmr invalidate [39m[2m/slides/slide06.jsx[22m Could not Fast Refresh ("default" export is incompatible). Learn more at https://github.com/vitejs/vite-plugin-react/tree/main/packages/plugin-react#consistent-components-exports
[2m2:44:20 a.m.[22m [36m[1m[vite][22m[39m [90m[2m(client)[22m[39m [32mhmr update [39m[2m/App.jsx[22m
[2m2:49:59 a.m.[22m [36m[1m[vite][22m[39m [90m[2m(client)[22m[39m [32mhmr update [39m[2m/slides/slide04.jsx[22m
[2m2:49:59 a.m.[22m [36m[1m[vite][22m[39m [90m[2m(client)[22m[39m [33mhmr invalidate [39m[2m/slides/slide04.jsx[22m Could not Fast Refresh ("default" export is incompatible). Learn more at https://github.com/vitejs/vite-plugin-react/tree/main/packages/plugin-react#consistent-components-exports
[2m2:49:59 a.m.[22m [36m[1m[vite][22m[39m [90m[2m(client)[22m[39m [32mhmr update [39m[2m/App.jsx[22m
[2m2:53:01 a.m.[22m [36m[1m[vite][22m[39m [90m[2m(client)[22m[39m [32mhmr update [39m[2m/slides/slide04.jsx[22m
[2m2:53:01 a.m.[22m [36m[1m[vite][22m[39m [90m[2m(client)[22m[39m [33mhmr invalidate [39m[2m/slides/slide04.jsx[22m Could not Fast Refresh ("default" export is incompatible). Learn more at https://github.com/vitejs/vite-plugin-react/tree/main/packages/plugin-react#consistent-components-exports
[2m2:53:01 a.m.[22m [36m[1m[vite][22m[39m [90m[2m(client)[22m[39m [32mhmr update [39m[2m/App.jsx[22m
[2m2:55:26 a.m.[22m [36m[1m[vite][22m[39m [90m[2m(client)[22m[39m [32mhmr update [39m[2m/slides/slide06.jsx[22m
[2m2:55:26 a.m.[22m [36m[1m[vite][22m[39m [90m[2m(client)[22m[39m [33mhmr invalidate [39m[2m/slides/slide06.jsx[22m Could not Fast Refresh ("default" export is incompatible). Learn more at https://github.com/vitejs/vite-plugin-react/tree/main/packages/plugin-react#consistent-components-exports
[2m2:55:26 a.m.[22m [36m[1m[vite][22m[39m [90m[2m(client)[22m[39m [32mhmr update [39m[2m/App.jsx[22m
[2m2:56:09 a.m.[22m [36m[1m[vite][22m[39m [90m[2m(client)[22m[39m [32mhmr update [39m[2m/slides/slide04.jsx[22m
[2m2:56:09 a.m.[22m [36m[1m[vite][22m[39m [90m[2m(client)[22m[39m [33mhmr invalidate [39m[2m/slides/slide04.jsx[22m Could not Fast Refresh ("default" export is incompatible). Learn more at https://github.com/vitejs/vite-plugin-react/tree/main/packages/plugin-react#consistent-components-exports
[2m2:56:09 a.m.[22m [36m[1m[vite][22m[39m [90m[2m(client)[22m[39m [32mhmr update [39m[2m/App.jsx[22m
[2m2:56:17 a.m.[22m [36m[1m[vite][22m[39m [90m[2m(client)[22m[39m [32mhmr update [39m[2m/slides/slide04.jsx[22m
[2m2:56:17 a.m.[22m [36m[1m[vite][22m[39m [90m[2m(client)[22m[39m [33mhmr invalidate [39m[2m/slides/slide04.jsx[22m Could not Fast Refresh ("default" export is incompatible). Learn more at https://github.com/vitejs/vite-plugin-react/tree/main/packages/plugin-react#consistent-components-exports
[2m2:56:17 a.m.[22m [36m[1m[vite][22m[39m [90m[2m(client)[22m[39m [32mhmr update [39m[2m/App.jsx[22m
[2m2:56:23 a.m.[22m [36m[1m[vite][22m[39m [90m[2m(client)[22m[39m [32mhmr update [39m[2m/slides/slide04.jsx[22m
[2m2:56:23 a.m.[22m [36m[1m[vite][22m[39m [90m[2m(client)[22m[39m [33mhmr invalidate [39m[2m/slides/slide04.jsx[22m Could not Fast Refresh ("default" export is incompatible). Learn more at https://github.com/vitejs/vite-plugin-react/tree/main/packages/plugin-react#consistent-components-exports
[2m2:56:23 a.m.[22m [36m[1m[vite][22m[39m [90m[2m(client)[22m[39m [32mhmr update [39m[2m/App.jsx[22m
[2m2:56:43 a.m.[22m [36m[1m[vite][22m[39m [90m[2m(client)[22m[39m [32mhmr update [39m[2m/slides/slide04.jsx[22m
[2m2:56:43 a.m.[22m [36m[1m[vite][22m[39m [90m[2m(client)[22m[39m [33mhmr invalidate [39m[2m/slides/slide04.jsx[22m Could not Fast Refresh ("default" export is incompatible). Learn more at https://github.com/vitejs/vite-plugin-react/tree/main/packages/plugin-react#consistent-components-exports
[2m2:56:43 a.m.[22m [36m[1m[vite][22m[39m [90m[2m(client)[22m[39m [32mhmr update [39m[2m/App.jsx[22m
[2m2:56:43 a.m.[22m [36m[1m[vite][22m[39m [90m[2m(client)[22m[39m [32mhmr update [39m[2m/slides/slide04.jsx[22m
[2m2:56:43 a.m.[22m [36m[1m[vite][22m[39m [90m[2m(client)[22m[39m [33mhmr invalidate [39m[2m/slides/slide04.jsx[22m Could not Fast Refresh ("default" export is incompatible). Learn more at https://github.com/vitejs/vite-plugin-react/tree/main/packages/plugin-react#consistent-components-exports
[2m2:56:43 a.m.[22m [36m[1m[vite][22m[39m [90m[2m(client)[22m[39m [32mhmr update [39m[2m/App.jsx[22m
[2m2:57:04 a.m.[22m [36m[1m[vite][22m[39m [90m[2m(client)[22m[39m [32mhmr update [39m[2m/slides/slide04.jsx[22m
[2m2:57:04 a.m.[22m [36m[1m[vite][22m[39m [90m[2m(client)[22m[39m [33mhmr invalidate [39m[2m/slides/slide04.jsx[22m Could not Fast Refresh ("default" export is incompatible). Learn more at https://github.com/vitejs/vite-plugin-react/tree/main/packages/plugin-react#consistent-components-exports
[2m2:57:04 a.m.[22m [36m[1m[vite][22m[39m [90m[2m(client)[22m[39m [32mhmr update [39m[2m/App.jsx[22m
[2m2:57:13 a.m.[22m [36m[1m[vite][22m[39m [90m[2m(client)[22m[39m [32mhmr update [39m[2m/slides/slide04.jsx[22m
[2m2:57:13 a.m.[22m [36m[1m[vite][22m[39m [90m[2m(client)[22m[39m [33mhmr invalidate [39m[2m/slides/slide04.jsx[22m Could not Fast Refresh ("default" export is incompatible). Learn more at https://github.com/vitejs/vite-plugin-react/tree/main/packages/plugin-react#consistent-components-exports
[2m2:57:13 a.m.[22m [36m[1m[vite][22m[39m [90m[2m(client)[22m[39m [32mhmr update [39m[2m/App.jsx[22m
[2m2:57:48 a.m.[22m [36m[1m[vite][22m[39m [90m[2m(client)[22m[39m [32mhmr update [39m[2m/slides/slide04.jsx[22m
[2m2:57:48 a.m.[22m [36m[1m[vite][22m[39m [90m[2m(client)[22m[39m [33mhmr invalidate [39m[2m/slides/slide04.jsx[22m Could not Fast Refresh ("default" export is incompatible). Learn more at https://github.com/vitejs/vite-plugin-react/tree/main/packages/plugin-react#consistent-components-exports
[2m2:57:48 a.m.[22m [36m[1m[vite][22m[39m [90m[2m(client)[22m[39m [32mhmr update [39m[2m/App.jsx[22m
[2m2:57:53 a.m.[22m [36m[1m[vite][22m[39m [90m[2m(client)[22m[39m [32mhmr update [39m[2m/slides/slide04.jsx[22m
[2m2:57:53 a.m.[22m [36m[1m[vite][22m[39m [90m[2m(client)[22m[39m [33mhmr invalidate [39m[2m/slides/slide04.jsx[22m Could not Fast Refresh ("default" export is incompatible). Learn more at https://github.com/vitejs/vite-plugin-react/tree/main/packages/plugin-react#consistent-components-exports
[2m2:57:53 a.m.[22m [36m[1m[vite][22m[39m [90m[2m(client)[22m[39m [32mhmr update [39m[2m/App.jsx[22m
[2m3:03:26 a.m.[22m [36m[1m[vite][22m[39m [90m[2m(client)[22m[39m [32mhmr update [39m[2m/slides/slide04.jsx[22m
[2m3:03:26 a.m.[22m [36m[1m[vite][22m[39m [90m[2m(client)[22m[39m [33mhmr invalidate [39m[2m/slides/slide04.jsx[22m Could not Fast Refresh ("default" export is incompatible). Learn more at https://github.com/vitejs/vite-plugin-react/tree/main/packages/plugin-react#consistent-components-exports
[2m3:03:26 a.m.[22m [36m[1m[vite][22m[39m [90m[2m(client)[22m[39m [32mhmr update [39m[2m/App.jsx[22m
[2m3:03:43 a.m.[22m [36m[1m[vite][22m[39m [90m[2m(client)[22m[39m [32mhmr update [39m[2m/slides/slide04.jsx[22m
[2m3:03:43 a.m.[22m [36m[1m[vite][22m[39m [90m[2m(client)[22m[39m [33mhmr invalidate [39m[2m/slides/slide04.jsx[22m Could not Fast Refresh ("default" export is incompatible). Learn more at https://github.com/vitejs/vite-plugin-react/tree/main/packages/plugin-react#consistent-components-exports
[2m3:03:43 a.m.[22m [36m[1m[vite][22m[39m [90m[2m(client)[22m[39m [32mhmr update [39m[2m/App.jsx[22m
[2m3:03:43 a.m.[22m [36m[1m[vite][22m[39m [90m[2m(client)[22m[39m [32mhmr update [39m[2m/slides/slide04.jsx[22m
[2m3:03:43 a.m.[22m [36m[1m[vite][22m[39m [90m[2m(client)[22m[39m [33mhmr invalidate [39m[2m/slides/slide04.jsx[22m Could not Fast Refresh ("default" export is incompatible). Learn more at https://github.com/vitejs/vite-plugin-react/tree/main/packages/plugin-react#consistent-components-exports
[2m3:03:43 a.m.[22m [36m[1m[vite][22m[39m [90m[2m(client)[22m[39m [32mhmr update [39m[2m/App.jsx[22m
[2m3:03:50 a.m.[22m [36m[1m[vite][22m[39m [90m[2m(client)[22m[39m [32mhmr update [39m[2m/slides/slide04.jsx[22m
[2m3:03:50 a.m.[22m [36m[1m[vite][22m[39m [90m[2m(client)[22m[39m [33mhmr invalidate [39m[2m/slides/slide04.jsx[22m Could not Fast Refresh ("default" export is incompatible). Learn more at https://github.com/vitejs/vite-plugin-react/tree/main/packages/plugin-react#consistent-components-exports
[2m3:03:50 a.m.[22m [36m[1m[vite][22m[39m [90m[2m(client)[22m[39m [32mhmr update [39m[2m/App.jsx[22m
[2m3:03:51 a.m.[22m [36m[1m[vite][22m[39m [90m[2m(client)[22m[39m [32mhmr update [39m[2m/slides/slide04.jsx[22m
[2m3:03:51 a.m.[22m [36m[1m[vite][22m[39m [90m[2m(client)[22m[39m [33mhmr invalidate [39m[2m/slides/slide04.jsx[22m Could not Fast Refresh ("default" export is incompatible). Learn more at https://github.com/vitejs/vite-plugin-react/tree/main/packages/plugin-react#consistent-components-exports
[2m3:03:51 a.m.[22m [36m[1m[vite][22m[39m [90m[2m(client)[22m[39m [32mhmr update [39m[2m/App.jsx[22m
[2m3:03:51 a.m.[22m [36m[1m[vite][22m[39m [90m[2m(client)[22m[39m [32mhmr update [39m[2m/slides/slide04.jsx[22m
[2m3:03:51 a.m.[22m [36m[1m[vite][22m[39m [90m[2m(client)[22m[39m [33mhmr invalidate [39m[2m/slides/slide04.jsx[22m Could not Fast Refresh ("default" export is incompatible). Learn more at https://github.com/vitejs/vite-plugin-react/tree/main/packages/plugin-react#consistent-components-exports
[2m3:03:51 a.m.[22m [36m[1m[vite][22m[39m [90m[2m(client)[22m[39m [32mhmr update [39m[2m/App.jsx[22m
[2m3:03:51 a.m.[22m [36m[1m[vite][22m[39m [90m[2m(client)[22m[39m [32mhmr update [39m[2m/slides/slide04.jsx[22m
[2m3:03:51 a.m.[22m [36m[1m[vite][22m[39m [90m[2m(client)[22m[39m [33mhmr invalidate [39m[2m/slides/slide04.jsx[22m Could not Fast Refresh ("default" export is incompatible). Learn more at https://github.com/vitejs/vite-plugin-react/tree/main/packages/plugin-react#consistent-components-exports
[2m3:03:51 a.m.[22m [36m[1m[vite][22m[39m [90m[2m(client)[22m[39m [32mhmr update [39m[2m/App.jsx[22m
[2m3:03:55 a.m.[22m [36m[1m[vite][22m[39m [90m[2m(client)[22m[39m [32mhmr update [39m[2m/slides/slide04.jsx[22m
[2m3:03:55 a.m.[22m [36m[1m[vite][22m[39m [90m[2m(client)[22m[39m [33mhmr invalidate [39m[2m/slides/slide04.jsx[22m Could not Fast Refresh ("default" export is incompatible). Learn more at https://github.com/vitejs/vite-plugin-react/tree/main/packages/plugin-react#consistent-components-exports
[2m3:03:55 a.m.[22m [36m[1m[vite][22m[39m [90m[2m(client)[22m[39m [32mhmr update [39m[2m/App.jsx[22m
[2m3:03:55 a.m.[22m [36m[1m[vite][22m[39m [90m[2m(client)[22m[39m [32mhmr update [39m[2m/slides/slide04.jsx[22m
[2m3:03:55 a.m.[22m [36m[1m[vite][22m[39m [90m[2m(client)[22m[39m [33mhmr invalidate [39m[2m/slides/slide04.jsx[22m Could not Fast Refresh ("default" export is incompatible). Learn more at https://github.com/vitejs/vite-plugin-react/tree/main/packages/plugin-react#consistent-components-exports
[2m3:03:55 a.m.[22m [36m[1m[vite][22m[39m [90m[2m(client)[22m[39m [32mhmr update [39m[2m/App.jsx[22m
[2m3:03:55 a.m.[22m [36m[1m[vite][22m[39m [90m[2m(client)[22m[39m [32mhmr update [39m[2m/slides/slide04.jsx[22m
[2m3:03:55 a.m.[22m [36m[1m[vite][22m[39m [90m[2m(client)[22m[39m [33mhmr invalidate [39m[2m/slides/slide04.jsx[22m Could not Fast Refresh ("default" export is incompatible). Learn more at https://github.com/vitejs/vite-plugin-react/tree/main/packages/plugin-react#consistent-components-exports
[2m3:03:55 a.m.[22m [36m[1m[vite][22m[39m [90m[2m(client)[22m[39m [32mhmr update [39m[2m/App.jsx[22m
[2m3:04:00 a.m.[22m [36m[1m[vite][22m[39m [90m[2m(client)[22m[39m [32mhmr update [39m[2m/slides/slide04.jsx[22m
[2m3:04:01 a.m.[22m [36m[1m[vite][22m[39m [90m[2m(client)[22m[39m [33mhmr invalidate [39m[2m/slides/slide04.jsx[22m Could not Fast Refresh ("default" export is incompatible). Learn more at https://github.com/vitejs/vite-plugin-react/tree/main/packages/plugin-react#consistent-components-exports
[2m3:04:01 a.m.[22m [36m[1m[vite][22m[39m [90m[2m(client)[22m[39m [32mhmr update [39m[2m/App.jsx[22m
[2m3:06:19 a.m.[22m [36m[1m[vite][22m[39m [90m[2m(client)[22m[39m [32mhmr update [39m[2m/slides/slide06.jsx[22m
[2m3:06:19 a.m.[22m [36m[1m[vite][22m[39m [90m[2m(client)[22m[39m [33mhmr invalidate [39m[2m/slides/slide06.jsx[22m Could not Fast Refresh ("default" export is incompatible). Learn more at https://github.com/vitejs/vite-plugin-react/tree/main/packages/plugin-react#consistent-components-exports
[2m3:06:19 a.m.[22m [36m[1m[vite][22m[39m [90m[2m(client)[22m[39m [32mhmr update [39m[2m/App.jsx[22m
[2m3:06:31 a.m.[22m [36m[1m[vite][22m[39m [90m[2m(client)[22m[39m [32mhmr update [39m[2m/slides/slide06.jsx[22m
[2m3:06:31 a.m.[22m [36m[1m[vite][22m[39m [90m[2m(client)[22m[39m [33mhmr invalidate [39m[2m/slides/slide06.jsx[22m Could not Fast Refresh ("default" export is incompatible). Learn more at https://github.com/vitejs/vite-plugin-react/tree/main/packages/plugin-react#consistent-components-exports
[2m3:06:31 a.m.[22m [36m[1m[vite][22m[39m [90m[2m(client)[22m[39m [32mhmr update [39m[2m/App.jsx[22m
[2m3:06:31 a.m.[22m [36m[1m[vite][22m[39m [90m[2m(client)[22m[39m [32mhmr update [39m[2m/slides/slide06.jsx[22m
[2m3:06:31 a.m.[22m [36m[1m[vite][22m[39m [90m[2m(client)[22m[39m [33mhmr invalidate [39m[2m/slides/slide06.jsx[22m Could not Fast Refresh ("default" export is incompatible). Learn more at https://github.com/vitejs/vite-plugin-react/tree/main/packages/plugin-react#consistent-components-exports
[2m3:06:31 a.m.[22m [36m[1m[vite][22m[39m [90m[2m(client)[22m[39m [32mhmr update [39m[2m/App.jsx[22m
[2m3:07:30 a.m.[22m [36m[1m[vite][22m[39m [90m[2m(client)[22m[39m [32mhmr update [39m[2m/slides/slide06.jsx[22m
[2m3:07:30 a.m.[22m [36m[1m[vite][22m[39m [90m[2m(client)[22m[39m [33mhmr invalidate [39m[2m/slides/slide06.jsx[22m Could not Fast Refresh ("default" export is incompatible). Learn more at https://github.com/vitejs/vite-plugin-react/tree/main/packages/plugin-react#consistent-components-exports
[2m3:07:30 a.m.[22m [36m[1m[vite][22m[39m [90m[2m(client)[22m[39m [32mhmr update [39m[2m/App.jsx[22m
[2m3:10:20 a.m.[22m [36m[1m[vite][22m[39m [90m[2m(client)[22m[39m [32mhmr update [39m[2m/slides/slide06.jsx[22m
[2m3:10:20 a.m.[22m [36m[1m[vite][22m[39m [90m[2m(client)[22m[39m [33mhmr invalidate [39m[2m/slides/slide06.jsx[22m Could not Fast Refresh ("default" export is incompatible). Learn more at https://github.com/vitejs/vite-plugin-react/tree/main/packages/plugin-react#consistent-components-exports
[2m3:10:20 a.m.[22m [36m[1m[vite][22m[39m [90m[2m(client)[22m[39m [32mhmr update [39m[2m/App.jsx[22m
[2m3:12:58 a.m.[22m [36m[1m[vite][22m[39m [90m[2m(client)[22m[39m [32mhmr update [39m[2m/slides/slide06.jsx[22m
[2m3:12:58 a.m.[22m [36m[1m[vite][22m[39m [90m[2m(client)[22m[39m [33mhmr invalidate [39m[2m/slides/slide06.jsx[22m Could not Fast Refresh ("default" export is incompatible). Learn more at https://github.com/vitejs/vite-plugin-react/tree/main/packages/plugin-react#consistent-components-exports
[2m3:12:58 a.m.[22m [36m[1m[vite][22m[39m [90m[2m(client)[22m[39m [32mhmr update [39m[2m/App.jsx[22m
[2m3:15:40 a.m.[22m [36m[1m[vite][22m[39m [90m[2m(client)[22m[39m [32mhmr update [39m[2m/slides/slide06.jsx[22m
[2m3:15:40 a.m.[22m [36m[1m[vite][22m[39m [90m[2m(client)[22m[39m [33mhmr invalidate [39m[2m/slides/slide06.jsx[22m Could not Fast Refresh ("default" export is incompatible). Learn more at https://github.com/vitejs/vite-plugin-react/tree/main/packages/plugin-react#consistent-components-exports
[2m3:15:40 a.m.[22m [36m[1m[vite][22m[39m [90m[2m(client)[22m[39m [32mhmr update [39m[2m/App.jsx[22m
[2m3:23:27 a.m.[22m [36m[1m[vite][22m[39m [90m[2m(client)[22m[39m [32mhmr update [39m[2m/slides/slide06.jsx[22m
[2m3:23:27 a.m.[22m [36m[1m[vite][22m[39m [90m[2m(client)[22m[39m [33mhmr invalidate [39m[2m/slides/slide06.jsx[22m Could not Fast Refresh ("default" export is incompatible). Learn more at https://github.com/vitejs/vite-plugin-react/tree/main/packages/plugin-react#consistent-components-exports
[2m3:23:27 a.m.[22m [36m[1m[vite][22m[39m [90m[2m(client)[22m[39m [32mhmr update [39m[2m/App.jsx[22m
[2m3:27:48 a.m.[22m [36m[1m[vite][22m[39m [90m[2m(client)[22m[39m [32mhmr update [39m[2m/slides/slide06.jsx[22m
[2m3:27:48 a.m.[22m [36m[1m[vite][22m[39m [90m[2m(client)[22m[39m [33mhmr invalidate [39m[2m/slides/slide06.jsx[22m Could not Fast Refresh ("default" export is incompatible). Learn more at https://github.com/vitejs/vite-plugin-react/tree/main/packages/plugin-react#consistent-components-exports
[2m3:27:48 a.m.[22m [36m[1m[vite][22m[39m [90m[2m(client)[22m[39m [32mhmr update [39m[2m/App.jsx[22m
[2m3:31:49 a.m.[22m [36m[1m[vite][22m[39m [90m[2m(client)[22m[39m [32mhmr update [39m[2m/slides/slide06.jsx[22m
[2m3:31:49 a.m.[22m [36m[1m[vite][22m[39m [90m[2m(client)[22m[39m [33mhmr invalidate [39m[2m/slides/slide06.jsx[22m Could not Fast Refresh ("default" export is incompatible). Learn more at https://github.com/vitejs/vite-plugin-react/tree/main/packages/plugin-react#consistent-components-exports
[2m3:31:49 a.m.[22m [36m[1m[vite][22m[39m [90m[2m(client)[22m[39m [32mhmr update [39m[2m/App.jsx[22m
[2m3:35:59 a.m.[22m [36m[1m[vite][22m[39m [90m[2m(client)[22m[39m [32mhmr update [39m[2m/slides/slide06.jsx[22m
[2m3:35:59 a.m.[22m [36m[1m[vite][22m[39m [90m[2m(client)[22m[39m [33mhmr invalidate [39m[2m/slides/slide06.jsx[22m Could not Fast Refresh ("default" export is incompatible). Learn more at https://github.com/vitejs/vite-plugin-react/tree/main/packages/plugin-react#consistent-components-exports
[2m3:35:59 a.m.[22m [36m[1m[vite][22m[39m [90m[2m(client)[22m[39m [32mhmr update [39m[2m/App.jsx[22m
[2m3:40:25 a.m.[22m [36m[1m[vite][22m[39m [90m[2m(client)[22m[39m [32mhmr update [39m[2m/slides/slide06.jsx[22m
[2m3:40:25 a.m.[22m [36m[1m[vite][22m[39m [90m[2m(client)[22m[39m [33mhmr invalidate [39m[2m/slides/slide06.jsx[22m Could not Fast Refresh ("default" export is incompatible). Learn more at https://github.com/vitejs/vite-plugin-react/tree/main/packages/plugin-react#consistent-components-exports
[2m3:40:25 a.m.[22m [36m[1m[vite][22m[39m [90m[2m(client)[22m[39m [32mhmr update [39m[2m/App.jsx[22m
[2m3:41:17 a.m.[22m [36m[1m[vite][22m[39m [90m[2m(client)[22m[39m [32mhmr update [39m[2m/slides/slide06.jsx[22m
[2m3:41:17 a.m.[22m [36m[1m[vite][22m[39m [90m[2m(client)[22m[39m [33mhmr invalidate [39m[2m/slides/slide06.jsx[22m Could not Fast Refresh ("default" export is incompatible). Learn more at https://github.com/vitejs/vite-plugin-react/tree/main/packages/plugin-react#consistent-components-exports
[2m3:41:17 a.m.[22m [36m[1m[vite][22m[39m [90m[2m(client)[22m[39m [32mhmr update [39m[2m/App.jsx[22m
[2m3:44:12 a.m.[22m [36m[1m[vite][22m[39m [90m[2m(client)[22m[39m [32mhmr update [39m[2m/slides/slide06.jsx[22m
[2m3:44:12 a.m.[22m [36m[1m[vite][22m[39m [90m[2m(client)[22m[39m [33mhmr invalidate [39m[2m/slides/slide06.jsx[22m Could not Fast Refresh ("default" export is incompatible). Learn more at https://github.com/vitejs/vite-plugin-react/tree/main/packages/plugin-react#consistent-components-exports
[2m3:44:12 a.m.[22m [36m[1m[vite][22m[39m [90m[2m(client)[22m[39m [32mhmr update [39m[2m/App.jsx[22m
[2m3:44:39 a.m.[22m [36m[1m[vite][22m[39m [90m[2m(client)[22m[39m [32mhmr update [39m[2m/slides/slide06.jsx[22m
[2m3:44:40 a.m.[22m [36m[1m[vite][22m[39m [90m[2m(client)[22m[39m [33mhmr invalidate [39m[2m/slides/slide06.jsx[22m Could not Fast Refresh ("default" export is incompatible). Learn more at https://github.com/vitejs/vite-plugin-react/tree/main/packages/plugin-react#consistent-components-exports
[2m3:44:40 a.m.[22m [36m[1m[vite][22m[39m [90m[2m(client)[22m[39m [32mhmr update [39m[2m/App.jsx[22m
[2m3:47:35 a.m.[22m [36m[1m[vite][22m[39m [90m[2m(client)[22m[39m [32mhmr update [39m[2m/slides/slide06.jsx[22m
[2m3:47:35 a.m.[22m [36m[1m[vite][22m[39m [90m[2m(client)[22m[39m [33mhmr invalidate [39m[2m/slides/slide06.jsx[22m Could not Fast Refresh ("default" export is incompatible). Learn more at https://github.com/vitejs/vite-plugin-react/tree/main/packages/plugin-react#consistent-components-exports
[2m3:47:35 a.m.[22m [36m[1m[vite][22m[39m [90m[2m(client)[22m[39m [32mhmr update [39m[2m/App.jsx[22m
[2m3:47:54 a.m.[22m [36m[1m[vite][22m[39m [90m[2m(client)[22m[39m [32mhmr update [39m[2m/slides/slide06.jsx[22m
[2m3:47:54 a.m.[22m [36m[1m[vite][22m[39m [90m[2m(client)[22m[39m [33mhmr invalidate [39m[2m/slides/slide06.jsx[22m Could not Fast Refresh ("default" export is incompatible). Learn more at https://github.com/vitejs/vite-plugin-react/tree/main/packages/plugin-react#consistent-components-exports
[2m3:47:54 a.m.[22m [36m[1m[vite][22m[39m [90m[2m(client)[22m[39m [32mhmr update [39m[2m/App.jsx[22m
[2m3:48:04 a.m.[22m [36m[1m[vite][22m[39m [90m[2m(client)[22m[39m [32mhmr update [39m[2m/slides/slide06.jsx[22m
[2m3:48:04 a.m.[22m [36m[1m[vite][22m[39m [90m[2m(client)[22m[39m [33mhmr invalidate [39m[2m/slides/slide06.jsx[22m Could not Fast Refresh ("default" export is incompatible). Learn more at https://github.com/vitejs/vite-plugin-react/tree/main/packages/plugin-react#consistent-components-exports
[2m3:48:04 a.m.[22m [36m[1m[vite][22m[39m [90m[2m(client)[22m[39m [32mhmr update [39m[2m/App.jsx[22m
[2m3:48:26 a.m.[22m [36m[1m[vite][22m[39m [90m[2m(client)[22m[39m [32mhmr update [39m[2m/slides/slide06.jsx[22m
[2m3:48:26 a.m.[22m [36m[1m[vite][22m[39m [90m[2m(client)[22m[39m [33mhmr invalidate [39m[2m/slides/slide06.jsx[22m Could not Fast Refresh ("default" export is incompatible). Learn more at https://github.com/vitejs/vite-plugin-react/tree/main/packages/plugin-react#consistent-components-exports
[2m3:48:26 a.m.[22m [36m[1m[vite][22m[39m [90m[2m(client)[22m[39m [32mhmr update [39m[2m/App.jsx[22m
[2m3:48:52 a.m.[22m [36m[1m[vite][22m[39m [90m[2m(client)[22m[39m [32mhmr update [39m[2m/slides/slide06.jsx[22m
[2m3:48:52 a.m.[22m [36m[1m[vite][22m[39m [90m[2m(client)[22m[39m [33mhmr invalidate [39m[2m/slides/slide06.jsx[22m Could not Fast Refresh ("default" export is incompatible). Learn more at https://github.com/vitejs/vite-plugin-react/tree/main/packages/plugin-react#consistent-components-exports
[2m3:48:52 a.m.[22m [36m[1m[vite][22m[39m [90m[2m(client)[22m[39m [32mhmr update [39m[2m/App.jsx[22m
[2m3:49:02 a.m.[22m [36m[1m[vite][22m[39m [90m[2m(client)[22m[39m [32mhmr update [39m[2m/slides/slide06.jsx[22m
[2m3:49:02 a.m.[22m [36m[1m[vite][22m[39m [90m[2m(client)[22m[39m [33mhmr invalidate [39m[2m/slides/slide06.jsx[22m Could not Fast Refresh ("default" export is incompatible). Learn more at https://github.com/vitejs/vite-plugin-react/tree/main/packages/plugin-react#consistent-components-exports
[2m3:49:02 a.m.[22m [36m[1m[vite][22m[39m [90m[2m(client)[22m[39m [32mhmr update [39m[2m/App.jsx[22m
[2m3:49:20 a.m.[22m [36m[1m[vite][22m[39m [90m[2m(client)[22m[39m [32mhmr update [39m[2m/slides/slide06.jsx[22m
[2m3:49:20 a.m.[22m [36m[1m[vite][22m[39m [90m[2m(client)[22m[39m [33mhmr invalidate [39m[2m/slides/slide06.jsx[22m Could not Fast Refresh ("default" export is incompatible). Learn more at https://github.com/vitejs/vite-plugin-react/tree/main/packages/plugin-react#consistent-components-exports
[2m3:49:20 a.m.[22m [36m[1m[vite][22m[39m [90m[2m(client)[22m[39m [32mhmr update [39m[2m/App.jsx[22m
[2m3:49:50 a.m.[22m [36m[1m[vite][22m[39m [90m[2m(client)[22m[39m [32mhmr update [39m[2m/slides/slide06.jsx[22m
[2m3:49:50 a.m.[22m [36m[1m[vite][22m[39m [90m[2m(client)[22m[39m [33mhmr invalidate [39m[2m/slides/slide06.jsx[22m Could not Fast Refresh ("default" export is incompatible). Learn more at https://github.com/vitejs/vite-plugin-react/tree/main/packages/plugin-react#consistent-components-exports
[2m3:49:50 a.m.[22m [36m[1m[vite][22m[39m [90m[2m(client)[22m[39m [32mhmr update [39m[2m/App.jsx[22m
[2m3:49:59 a.m.[22m [36m[1m[vite][22m[39m [90m[2m(client)[22m[39m [32mhmr update [39m[2m/slides/slide06.jsx[22m
[2m3:49:59 a.m.[22m [36m[1m[vite][22m[39m [90m[2m(client)[22m[39m [33mhmr invalidate [39m[2m/slides/slide06.jsx[22m Could not Fast Refresh ("default" export is incompatible). Learn more at https://github.com/vitejs/vite-plugin-react/tree/main/packages/plugin-react#consistent-components-exports
[2m3:49:59 a.m.[22m [36m[1m[vite][22m[39m [90m[2m(client)[22m[39m [32mhmr update [39m[2m/App.jsx[22m
[2m3:50:21 a.m.[22m [36m[1m[vite][22m[39m [90m[2m(client)[22m[39m [32mhmr update [39m[2m/slides/slide06.jsx[22m
[2m3:50:21 a.m.[22m [36m[1m[vite][22m[39m [90m[2m(client)[22m[39m [33mhmr invalidate [39m[2m/slides/slide06.jsx[22m Could not Fast Refresh ("default" export is incompatible). Learn more at https://github.com/vitejs/vite-plugin-react/tree/main/packages/plugin-react#consistent-components-exports
[2m3:50:21 a.m.[22m [36m[1m[vite][22m[39m [90m[2m(client)[22m[39m [32mhmr update [39m[2m/App.jsx[22m
[2m3:50:22 a.m.[22m [36m[1m[vite][22m[39m [90m[2m(client)[22m[39m [32mhmr update [39m[2m/slides/slide06.jsx[22m
[2m3:50:22 a.m.[22m [36m[1m[vite][22m[39m [90m[2m(client)[22m[39m [33mhmr invalidate [39m[2m/slides/slide06.jsx[22m Could not Fast Refresh ("default" export is incompatible). Learn more at https://github.com/vitejs/vite-plugin-react/tree/main/packages/plugin-react#consistent-components-exports
[2m3:50:22 a.m.[22m [36m[1m[vite][22m[39m [90m[2m(client)[22m[39m [32mhmr update [39m[2m/App.jsx[22m
[2m3:50:23 a.m.[22m [36m[1m[vite][22m[39m [90m[2m(client)[22m[39m [32mhmr update [39m[2m/slides/slide06.jsx[22m
[2m3:50:23 a.m.[22m [36m[1m[vite][22m[39m [90m[2m(client)[22m[39m [33mhmr invalidate [39m[2m/slides/slide06.jsx[22m Could not Fast Refresh ("default" export is incompatible). Learn more at https://github.com/vitejs/vite-plugin-react/tree/main/packages/plugin-react#consistent-components-exports
[2m3:50:23 a.m.[22m [36m[1m[vite][22m[39m [90m[2m(client)[22m[39m [32mhmr update [39m[2m/App.jsx[22m
[2m3:50:23 a.m.[22m [36m[1m[vite][22m[39m [90m[2m(client)[22m[39m [32mhmr update [39m[2m/slides/slide06.jsx[22m
[2m3:50:23 a.m.[22m [36m[1m[vite][22m[39m [90m[2m(client)[22m[39m [33mhmr invalidate [39m[2m/slides/slide06.jsx[22m Could not Fast Refresh ("default" export is incompatible). Learn more at https://github.com/vitejs/vite-plugin-react/tree/main/packages/plugin-react#consistent-components-exports
[2m3:50:23 a.m.[22m [36m[1m[vite][22m[39m [90m[2m(client)[22m[39m [32mhmr update [39m[2m/App.jsx[22m
[2m3:50:23 a.m.[22m [36m[1m[vite][22m[39m [90m[2m(client)[22m[39m [32mhmr update [39m[2m/slides/slide06.jsx[22m
[2m3:50:23 a.m.[22m [36m[1m[vite][22m[39m [90m[2m(client)[22m[39m [33mhmr invalidate [39m[2m/slides/slide06.jsx[22m Could not Fast Refresh ("default" export is incompatible). Learn more at https://github.com/vitejs/vite-plugin-react/tree/main/packages/plugin-react#consistent-components-exports
[2m3:50:23 a.m.[22m [36m[1m[vite][22m[39m [90m[2m(client)[22m[39m [32mhmr update [39m[2m/App.jsx[22m
[2m3:50:32 a.m.[22m [36m[1m[vite][22m[39m [90m[2m(client)[22m[39m [32mhmr update [39m[2m/slides/slide06.jsx[22m
[2m3:50:32 a.m.[22m [36m[1m[vite][22m[39m [90m[2m(client)[22m[39m [33mhmr invalidate [39m[2m/slides/slide06.jsx[22m Could not Fast Refresh ("default" export is incompatible). Learn more at https://github.com/vitejs/vite-plugin-react/tree/main/packages/plugin-react#consistent-components-exports
[2m3:50:32 a.m.[22m [36m[1m[vite][22m[39m [90m[2m(client)[22m[39m [32mhmr update [39m[2m/App.jsx[22m
[2m3:50:32 a.m.[22m [36m[1m[vite][22m[39m [90m[2m(client)[22m[39m [32mhmr update [39m[2m/slides/slide06.jsx[22m
[2m3:50:32 a.m.[22m [36m[1m[vite][22m[39m [90m[2m(client)[22m[39m [33mhmr invalidate [39m[2m/slides/slide06.jsx[22m Could not Fast Refresh ("default" export is incompatible). Learn more at https://github.com/vitejs/vite-plugin-react/tree/main/packages/plugin-react#consistent-components-exports
[2m3:50:32 a.m.[22m [36m[1m[vite][22m[39m [90m[2m(client)[22m[39m [32mhmr update [39m[2m/App.jsx[22m
[2m3:50:33 a.m.[22m [36m[1m[vite][22m[39m [90m[2m(client)[22m[39m [32mhmr update [39m[2m/slides/slide06.jsx[22m
[2m3:50:33 a.m.[22m [36m[1m[vite][22m[39m [90m[2m(client)[22m[39m [33mhmr invalidate [39m[2m/slides/slide06.jsx[22m Could not Fast Refresh ("default" export is incompatible). Learn more at https://github.com/vitejs/vite-plugin-react/tree/main/packages/plugin-react#consistent-components-exports
[2m3:50:33 a.m.[22m [36m[1m[vite][22m[39m [90m[2m(client)[22m[39m [32mhmr update [39m[2m/App.jsx[22m
[2m3:51:18 a.m.[22m [36m[1m[vite][22m[39m [90m[2m(client)[22m[39m [32mhmr update [39m[2m/slides/slide06.jsx[22m
[2m3:51:18 a.m.[22m [36m[1m[vite][22m[39m [90m[2m(client)[22m[39m [33mhmr invalidate [39m[2m/slides/slide06.jsx[22m Could not Fast Refresh ("default" export is incompatible). Learn more at https://github.com/vitejs/vite-plugin-react/tree/main/packages/plugin-react#consistent-components-exports
[2m3:51:18 a.m.[22m [36m[1m[vite][22m[39m [90m[2m(client)[22m[39m [32mhmr update [39m[2m/App.jsx[22m
[2m3:51:23 a.m.[22m [36m[1m[vite][22m[39m [90m[2m(client)[22m[39m [32mhmr update [39m[2m/slides/slide06.jsx[22m
[2m3:51:23 a.m.[22m [36m[1m[vite][22m[39m [90m[2m(client)[22m[39m [33mhmr invalidate [39m[2m/slides/slide06.jsx[22m Could not Fast Refresh ("default" export is incompatible). Learn more at https://github.com/vitejs/vite-plugin-react/tree/main/packages/plugin-react#consistent-components-exports
[2m3:51:23 a.m.[22m [36m[1m[vite][22m[39m [90m[2m(client)[22m[39m [32mhmr update [39m[2m/App.jsx[22m
[2m3:51:28 a.m.[22m [36m[1m[vite][22m[39m [90m[2m(client)[22m[39m [32mhmr update [39m[2m/slides/slide06.jsx[22m
[2m3:51:28 a.m.[22m [36m[1m[vite][22m[39m [90m[2m(client)[22m[39m [33mhmr invalidate [39m[2m/slides/slide06.jsx[22m Could not Fast Refresh ("default" export is incompatible). Learn more at https://github.com/vitejs/vite-plugin-react/tree/main/packages/plugin-react#consistent-components-exports
[2m3:51:28 a.m.[22m [36m[1m[vite][22m[39m [90m[2m(client)[22m[39m [32mhmr update [39m[2m/App.jsx[22m
[2m3:51:32 a.m.[22m [36m[1m[vite][22m[39m [90m[2m(client)[22m[39m [32mhmr update [39m[2m/slides/slide06.jsx[22m
[2m3:51:32 a.m.[22m [36m[1m[vite][22m[39m [90m[2m(client)[22m[39m [33mhmr invalidate [39m[2m/slides/slide06.jsx[22m Could not Fast Refresh ("default" export is incompatible). Learn more at https://github.com/vitejs/vite-plugin-react/tree/main/packages/plugin-react#consistent-components-exports
[2m3:51:32 a.m.[22m [36m[1m[vite][22m[39m [90m[2m(client)[22m[39m [32mhmr update [39m[2m/App.jsx[22m
[2m3:52:12 a.m.[22m [36m[1m[vite][22m[39m [90m[2m(client)[22m[39m [32mhmr update [39m[2m/slides/slide06.jsx[22m
[2m3:52:12 a.m.[22m [36m[1m[vite][22m[39m [90m[2m(client)[22m[39m [33mhmr invalidate [39m[2m/slides/slide06.jsx[22m Could not Fast Refresh ("default" export is incompatible). Learn more at https://github.com/vitejs/vite-plugin-react/tree/main/packages/plugin-react#consistent-components-exports
[2m3:52:12 a.m.[22m [36m[1m[vite][22m[39m [90m[2m(client)[22m[39m [32mhmr update [39m[2m/App.jsx[22m
[2m3:52:20 a.m.[22m [36m[1m[vite][22m[39m [90m[2m(client)[22m[39m [32mhmr update [39m[2m/slides/slide06.jsx[22m
[2m3:52:20 a.m.[22m [36m[1m[vite][22m[39m [90m[2m(client)[22m[39m [33mhmr invalidate [39m[2m/slides/slide06.jsx[22m Could not Fast Refresh ("default" export is incompatible). Learn more at https://github.com/vitejs/vite-plugin-react/tree/main/packages/plugin-react#consistent-components-exports
[2m3:52:20 a.m.[22m [36m[1m[vite][22m[39m [90m[2m(client)[22m[39m [32mhmr update [39m[2m/App.jsx[22m
[2m3:52:26 a.m.[22m [36m[1m[vite][22m[39m [90m[2m(client)[22m[39m [32mhmr update [39m[2m/slides/slide06.jsx[22m
[2m3:52:26 a.m.[22m [36m[1m[vite][22m[39m [90m[2m(client)[22m[39m [33mhmr invalidate [39m[2m/slides/slide06.jsx[22m Could not Fast Refresh ("default" export is incompatible). Learn more at https://github.com/vitejs/vite-plugin-react/tree/main/packages/plugin-react#consistent-components-exports
[2m3:52:26 a.m.[22m [36m[1m[vite][22m[39m [90m[2m(client)[22m[39m [32mhmr update [39m[2m/App.jsx[22m
[2m3:52:33 a.m.[22m [36m[1m[vite][22m[39m [90m[2m(client)[22m[39m [32mhmr update [39m[2m/slides/slide06.jsx[22m
[2m3:52:33 a.m.[22m [36m[1m[vite][22m[39m [90m[2m(client)[22m[39m [33mhmr invalidate [39m[2m/slides/slide06.jsx[22m Could not Fast Refresh ("default" export is incompatible). Learn more at https://github.com/vitejs/vite-plugin-react/tree/main/packages/plugin-react#consistent-components-exports
[2m3:52:33 a.m.[22m [36m[1m[vite][22m[39m [90m[2m(client)[22m[39m [32mhmr update [39m[2m/App.jsx[22m
[2m3:52:40 a.m.[22m [36m[1m[vite][22m[39m [90m[2m(client)[22m[39m [32mhmr update [39m[2m/slides/slide06.jsx[22m
[2m3:52:40 a.m.[22m [36m[1m[vite][22m[39m [90m[2m(client)[22m[39m [33mhmr invalidate [39m[2m/slides/slide06.jsx[22m Could not Fast Refresh ("default" export is incompatible). Learn more at https://github.com/vitejs/vite-plugin-react/tree/main/packages/plugin-react#consistent-components-exports
[2m3:52:40 a.m.[22m [36m[1m[vite][22m[39m [90m[2m(client)[22m[39m [32mhmr update [39m[2m/App.jsx[22m
[2m3:52:44 a.m.[22m [36m[1m[vite][22m[39m [90m[2m(client)[22m[39m [32mhmr update [39m[2m/slides/slide06.jsx[22m
[2m3:52:44 a.m.[22m [36m[1m[vite][22m[39m [90m[2m(client)[22m[39m [33mhmr invalidate [39m[2m/slides/slide06.jsx[22m Could not Fast Refresh ("default" export is incompatible). Learn more at https://github.com/vitejs/vite-plugin-react/tree/main/packages/plugin-react#consistent-components-exports
[2m3:52:44 a.m.[22m [36m[1m[vite][22m[39m [90m[2m(client)[22m[39m [32mhmr update [39m[2m/App.jsx[22m
[2m3:52:53 a.m.[22m [36m[1m[vite][22m[39m [90m[2m(client)[22m[39m [32mhmr update [39m[2m/slides/slide06.jsx[22m
[2m3:52:53 a.m.[22m [36m[1m[vite][22m[39m [90m[2m(client)[22m[39m [33mhmr invalidate [39m[2m/slides/slide06.jsx[22m Could not Fast Refresh ("default" export is incompatible). Learn more at https://github.com/vitejs/vite-plugin-react/tree/main/packages/plugin-react#consistent-components-exports
[2m3:52:53 a.m.[22m [36m[1m[vite][22m[39m [90m[2m(client)[22m[39m [32mhmr update [39m[2m/App.jsx[22m
[2m4:01:07 a.m.[22m [36m[1m[vite][22m[39m [90m[2m(client)[22m[39m [32mhmr update [39m[2m/slides/slide06.jsx[22m
[2m4:01:07 a.m.[22m [36m[1m[vite][22m[39m [90m[2m(client)[22m[39m [32mhmr update [39m[2m/slides/slide06.jsx[22m
[2m4:01:07 a.m.[22m [36m[1m[vite][22m[39m [90m[2m(client)[22m[39m [33mhmr invalidate [39m[2m/slides/slide06.jsx[22m Could not Fast Refresh ("default" export is incompatible). Learn more at https://github.com/vitejs/vite-plugin-react/tree/main/packages/plugin-react#consistent-components-exports
[2m4:01:07 a.m.[22m [36m[1m[vite][22m[39m [90m[2m(client)[22m[39m [32mhmr update [39m[2m/App.jsx[22m
[2m4:02:22 a.m.[22m [36m[1m[vite][22m[39m [90m[2m(client)[22m[39m [32mhmr update [39m[2m/App.jsx[22m
[2m4:02:48 a.m.[22m [36m[1m[vite][22m[39m [90m[2m(client)[22m[39m [32mhmr update [39m[2m/App.jsx[22m
[2m4:04:47 a.m.[22m [36m[1m[vite][22m[39m [90m[2m(client)[22m[39m [32mhmr update [39m[2m/slides/slide06.jsx[22m
[2m4:04:47 a.m.[22m [36m[1m[vite][22m[39m [90m[2m(client)[22m[39m [33mhmr invalidate [39m[2m/slides/slide06.jsx[22m Could not Fast Refresh ("default" export is incompatible). Learn more at https://github.com/vitejs/vite-plugin-react/tree/main/packages/plugin-react#consistent-components-exports
[2m4:04:47 a.m.[22m [36m[1m[vite][22m[39m [90m[2m(client)[22m[39m [32mhmr update [39m[2m/App.jsx[22m
[2m4:04:55 a.m.[22m [36m[1m[vite][22m[39m [90m[2m(client)[22m[39m [32mhmr update [39m[2m/slides/slide06.jsx[22m
[2m4:04:55 a.m.[22m [36m[1m[vite][22m[39m [90m[2m(client)[22m[39m [33mhmr invalidate [39m[2m/slides/slide06.jsx[22m Could not Fast Refresh ("default" export is incompatible). Learn more at https://github.com/vitejs/vite-plugin-react/tree/main/packages/plugin-react#consistent-components-exports
[2m4:04:55 a.m.[22m [36m[1m[vite][22m[39m [90m[2m(client)[22m[39m [32mhmr update [39m[2m/App.jsx[22m
[2m4:08:22 a.m.[22m [36m[1m[vite][22m[39m [90m[2m(client)[22m[39m [32mhmr update [39m[2m/slides/slide06.jsx[22m
[2m4:08:22 a.m.[22m [36m[1m[vite][22m[39m [90m[2m(client)[22m[39m [33mhmr invalidate [39m[2m/slides/slide06.jsx[22m Could not Fast Refresh ("default" export is incompatible). Learn more at https://github.com/vitejs/vite-plugin-react/tree/main/packages/plugin-react#consistent-components-exports
[2m4:08:22 a.m.[22m [36m[1m[vite][22m[39m [90m[2m(client)[22m[39m [32mhmr update [39m[2m/App.jsx[22m
[2m4:08:26 a.m.[22m [36m[1m[vite][22m[39m [90m[2m(client)[22m[39m [32mhmr update [39m[2m/slides/slide06.jsx[22m
[2m4:08:26 a.m.[22m [36m[1m[vite][22m[39m [90m[2m(client)[22m[39m [33mhmr invalidate [39m[2m/slides/slide06.jsx[22m Could not Fast Refresh ("default" export is incompatible). Learn more at https://github.com/vitejs/vite-plugin-react/tree/main/packages/plugin-react#consistent-components-exports
[2m4:08:26 a.m.[22m [36m[1m[vite][22m[39m [90m[2m(client)[22m[39m [32mhmr update [39m[2m/App.jsx[22m
[2m4:08:31 a.m.[22m [36m[1m[vite][22m[39m [90m[2m(client)[22m[39m [32mhmr update [39m[2m/slides/slide06.jsx[22m
[2m4:08:31 a.m.[22m [36m[1m[vite][22m[39m [90m[2m(client)[22m[39m [33mhmr invalidate [39m[2m/slides/slide06.jsx[22m Could not Fast Refresh ("default" export is incompatible). Learn more at https://github.com/vitejs/vite-plugin-react/tree/main/packages/plugin-react#consistent-components-exports
[2m4:08:31 a.m.[22m [36m[1m[vite][22m[39m [90m[2m(client)[22m[39m [32mhmr update [39m[2m/App.jsx[22m
[2m4:08:36 a.m.[22m [36m[1m[vite][22m[39m [90m[2m(client)[22m[39m [32mhmr update [39m[2m/slides/slide06.jsx[22m
[2m4:08:36 a.m.[22m [36m[1m[vite][22m[39m [90m[2m(client)[22m[39m [33mhmr invalidate [39m[2m/slides/slide06.jsx[22m Could not Fast Refresh ("default" export is incompatible). Learn more at https://github.com/vitejs/vite-plugin-react/tree/main/packages/plugin-react#consistent-components-exports
[2m4:08:36 a.m.[22m [36m[1m[vite][22m[39m [90m[2m(client)[22m[39m [32mhmr update [39m[2m/App.jsx[22m
[2m4:09:07 a.m.[22m [36m[1m[vite][22m[39m [90m[2m(client)[22m[39m [32mhmr update [39m[2m/slides/slide06.jsx[22m
[2m4:09:07 a.m.[22m [36m[1m[vite][22m[39m [90m[2m(client)[22m[39m [33mhmr invalidate [39m[2m/slides/slide06.jsx[22m Could not Fast Refresh ("default" export is incompatible). Learn more at https://github.com/vitejs/vite-plugin-react/tree/main/packages/plugin-react#consistent-components-exports
[2m4:09:07 a.m.[22m [36m[1m[vite][22m[39m [90m[2m(client)[22m[39m [32mhmr update [39m[2m/App.jsx[22m
[2m4:09:10 a.m.[22m [36m[1m[vite][22m[39m [90m[2m(client)[22m[39m [32mhmr update [39m[2m/slides/slide06.jsx[22m
[2m4:09:10 a.m.[22m [36m[1m[vite][22m[39m [90m[2m(client)[22m[39m [33mhmr invalidate [39m[2m/slides/slide06.jsx[22m Could not Fast Refresh ("default" export is incompatible). Learn more at https://github.com/vitejs/vite-plugin-react/tree/main/packages/plugin-react#consistent-components-exports
[2m4:09:10 a.m.[22m [36m[1m[vite][22m[39m [90m[2m(client)[22m[39m [32mhmr update [39m[2m/App.jsx[22m
[2m4:09:17 a.m.[22m [36m[1m[vite][22m[39m [90m[2m(client)[22m[39m [32mhmr update [39m[2m/slides/slide06.jsx[22m
[2m4:09:17 a.m.[22m [36m[1m[vite][22m[39m [90m[2m(client)[22m[39m [33mhmr invalidate [39m[2m/slides/slide06.jsx[22m Could not Fast Refresh ("default" export is incompatible). Learn more at https://github.com/vitejs/vite-plugin-react/tree/main/packages/plugin-react#consistent-components-exports
[2m4:09:17 a.m.[22m [36m[1m[vite][22m[39m [90m[2m(client)[22m[39m [32mhmr update [39m[2m/App.jsx[22m
[2m4:09:18 a.m.[22m [36m[1m[vite][22m[39m [90m[2m(client)[22m[39m [32mhmr update [39m[2m/slides/slide06.jsx[22m
[2m4:09:18 a.m.[22m [36m[1m[vite][22m[39m [90m[2m(client)[22m[39m [33mhmr invalidate [39m[2m/slides/slide06.jsx[22m Could not Fast Refresh ("default" export is incompatible). Learn more at https://github.com/vitejs/vite-plugin-react/tree/main/packages/plugin-react#consistent-components-exports
[2m4:09:18 a.m.[22m [36m[1m[vite][22m[39m [90m[2m(client)[22m[39m [32mhmr update [39m[2m/App.jsx[22m
[2m4:09:18 a.m.[22m [36m[1m[vite][22m[39m [90m[2m(client)[22m[39m [32mhmr update [39m[2m/slides/slide06.jsx[22m
[2m4:09:19 a.m.[22m [36m[1m[vite][22m[39m [90m[2m(client)[22m[39m [33mhmr invalidate [39m[2m/slides/slide06.jsx[22m Could not Fast Refresh ("default" export is incompatible). Learn more at https://github.com/vitejs/vite-plugin-react/tree/main/packages/plugin-react#consistent-components-exports
[2m4:09:19 a.m.[22m [36m[1m[vite][22m[39m [90m[2m(client)[22m[39m [32mhmr update [39m[2m/App.jsx[22m
[2m4:09:19 a.m.[22m [36m[1m[vite][22m[39m [90m[2m(client)[22m[39m [32mhmr update [39m[2m/slides/slide06.jsx[22m
[2m4:09:19 a.m.[22m [36m[1m[vite][22m[39m [90m[2m(client)[22m[39m [33mhmr invalidate [39m[2m/slides/slide06.jsx[22m Could not Fast Refresh ("default" export is incompatible). Learn more at https://github.com/vitejs/vite-plugin-react/tree/main/packages/plugin-react#consistent-components-exports
[2m4:09:19 a.m.[22m [36m[1m[vite][22m[39m [90m[2m(client)[22m[39m [32mhmr update [39m[2m/App.jsx[22m
[2m4:09:24 a.m.[22m [36m[1m[vite][22m[39m [90m[2m(client)[22m[39m [32mhmr update [39m[2m/slides/slide06.jsx[22m
[2m4:09:24 a.m.[22m [36m[1m[vite][22m[39m [90m[2m(client)[22m[39m [33mhmr invalidate [39m[2m/slides/slide06.jsx[22m Could not Fast Refresh ("default" export is incompatible). Learn more at https://github.com/vitejs/vite-plugin-react/tree/main/packages/plugin-react#consistent-components-exports
[2m4:09:24 a.m.[22m [36m[1m[vite][22m[39m [90m[2m(client)[22m[39m [32mhmr update [39m[2m/App.jsx[22m
[2m4:09:25 a.m.[22m [36m[1m[vite][22m[39m [90m[2m(client)[22m[39m [32mhmr update [39m[2m/slides/slide06.jsx[22m
[2m4:09:25 a.m.[22m [36m[1m[vite][22m[39m [90m[2m(client)[22m[39m [33mhmr invalidate [39m[2m/slides/slide06.jsx[22m Could not Fast Refresh ("default" export is incompatible). Learn more at https://github.com/vitejs/vite-plugin-react/tree/main/packages/plugin-react#consistent-components-exports
[2m4:09:25 a.m.[22m [36m[1m[vite][22m[39m [90m[2m(client)[22m[39m [32mhmr update [39m[2m/App.jsx[22m
[2m4:09:41 a.m.[22m [36m[1m[vite][22m[39m [90m[2m(client)[22m[39m [32mhmr update [39m[2m/slides/slide06.jsx[22m
[2m4:09:41 a.m.[22m [36m[1m[vite][22m[39m [90m[2m(client)[22m[39m [33mhmr invalidate [39m[2m/slides/slide06.jsx[22m Could not Fast Refresh ("default" export is incompatible). Learn more at https://github.com/vitejs/vite-plugin-react/tree/main/packages/plugin-react#consistent-components-exports
[2m4:09:41 a.m.[22m [36m[1m[vite][22m[39m [90m[2m(client)[22m[39m [32mhmr update [39m[2m/App.jsx[22m
[2m4:09:44 a.m.[22m [36m[1m[vite][22m[39m [90m[2m(client)[22m[39m [32mhmr update [39m[2m/slides/slide06.jsx[22m
[2m4:09:44 a.m.[22m [36m[1m[vite][22m[39m [90m[2m(client)[22m[39m [33mhmr invalidate [39m[2m/slides/slide06.jsx[22m Could not Fast Refresh ("default" export is incompatible). Learn more at https://github.com/vitejs/vite-plugin-react/tree/main/packages/plugin-react#consistent-components-exports
[2m4:09:44 a.m.[22m [36m[1m[vite][22m[39m [90m[2m(client)[22m[39m [32mhmr update [39m[2m/App.jsx[22m
[2m4:09:44 a.m.[22m [36m[1m[vite][22m[39m [90m[2m(client)[22m[39m [32mhmr update [39m[2m/slides/slide06.jsx[22m
[2m4:09:44 a.m.[22m [36m[1m[vite][22m[39m [90m[2m(client)[22m[39m [33mhmr invalidate [39m[2m/slides/slide06.jsx[22m Could not Fast Refresh ("default" export is incompatible). Learn more at https://github.com/vitejs/vite-plugin-react/tree/main/packages/plugin-react#consistent-components-exports
[2m4:09:44 a.m.[22m [36m[1m[vite][22m[39m [90m[2m(client)[22m[39m [32mhmr update [39m[2m/App.jsx[22m
[2m4:12:29 a.m.[22m [36m[1m[vite][22m[39m [90m[2m(client)[22m[39m [32mhmr update [39m[2m/slides/slide06.jsx[22m
[2m4:12:29 a.m.[22m [36m[1m[vite][22m[39m [90m[2m(client)[22m[39m [33mhmr invalidate [39m[2m/slides/slide06.jsx[22m Could not Fast Refresh ("default" export is incompatible). Learn more at https://github.com/vitejs/vite-plugin-react/tree/main/packages/plugin-react#consistent-components-exports
[2m4:12:29 a.m.[22m [36m[1m[vite][22m[39m [90m[2m(client)[22m[39m [32mhmr update [39m[2m/App.jsx[22m
[2m4:12:40 a.m.[22m [36m[1m[vite][22m[39m [90m[2m(client)[22m[39m [32mhmr update [39m[2m/slides/slide06.jsx[22m
[2m4:12:40 a.m.[22m [36m[1m[vite][22m[39m [90m[2m(client)[22m[39m [33mhmr invalidate [39m[2m/slides/slide06.jsx[22m Could not Fast Refresh ("default" export is incompatible). Learn more at https://github.com/vitejs/vite-plugin-react/tree/main/packages/plugin-react#consistent-components-exports
[2m4:12:40 a.m.[22m [36m[1m[vite][22m[39m [90m[2m(client)[22m[39m [32mhmr update [39m[2m/App.jsx[22m
[2m4:12:52 a.m.[22m [36m[1m[vite][22m[39m [90m[2m(client)[22m[39m [32mhmr update [39m[2m/slides/slide06.jsx[22m
[2m4:12:52 a.m.[22m [36m[1m[vite][22m[39m [90m[2m(client)[22m[39m [33mhmr invalidate [39m[2m/slides/slide06.jsx[22m Could not Fast Refresh ("default" export is incompatible). Learn more at https://github.com/vitejs/vite-plugin-react/tree/main/packages/plugin-react#consistent-components-exports
[2m4:12:52 a.m.[22m [36m[1m[vite][22m[39m [90m[2m(client)[22m[39m [32mhmr update [39m[2m/App.jsx[22m
[2m4:12:57 a.m.[22m [36m[1m[vite][22m[39m [90m[2m(client)[22m[39m [32mhmr update [39m[2m/slides/slide06.jsx[22m
[2m4:12:58 a.m.[22m [36m[1m[vite][22m[39m [90m[2m(client)[22m[39m [33mhmr invalidate [39m[2m/slides/slide06.jsx[22m Could not Fast Refresh ("default" export is incompatible). Learn more at https://github.com/vitejs/vite-plugin-react/tree/main/packages/plugin-react#consistent-components-exports
[2m4:12:58 a.m.[22m [36m[1m[vite][22m[39m [90m[2m(client)[22m[39m [32mhmr update [39m[2m/App.jsx[22m
[2m4:13:02 a.m.[22m [36m[1m[vite][22m[39m [90m[2m(client)[22m[39m [32mhmr update [39m[2m/slides/slide06.jsx[22m
[2m4:13:02 a.m.[22m [36m[1m[vite][22m[39m [90m[2m(client)[22m[39m [33mhmr invalidate [39m[2m/slides/slide06.jsx[22m Could not Fast Refresh ("default" export is incompatible). Learn more at https://github.com/vitejs/vite-plugin-react/tree/main/packages/plugin-react#consistent-components-exports
[2m4:13:02 a.m.[22m [36m[1m[vite][22m[39m [90m[2m(client)[22m[39m [32mhmr update [39m[2m/App.jsx[22m
[2m4:13:07 a.m.[22m [36m[1m[vite][22m[39m [90m[2m(client)[22m[39m [32mhmr update [39m[2m/slides/slide06.jsx[22m
[2m4:13:07 a.m.[22m [36m[1m[vite][22m[39m [90m[2m(client)[22m[39m [33mhmr invalidate [39m[2m/slides/slide06.jsx[22m Could not Fast Refresh ("default" export is incompatible). Learn more at https://github.com/vitejs/vite-plugin-react/tree/main/packages/plugin-react#consistent-components-exports
[2m4:13:07 a.m.[22m [36m[1m[vite][22m[39m [90m[2m(client)[22m[39m [32mhmr update [39m[2m/App.jsx[22m
[2m4:13:09 a.m.[22m [36m[1m[vite][22m[39m [90m[2m(client)[22m[39m [32mhmr update [39m[2m/slides/slide06.jsx[22m
[2m4:13:09 a.m.[22m [36m[1m[vite][22m[39m [90m[2m(client)[22m[39m [33mhmr invalidate [39m[2m/slides/slide06.jsx[22m Could not Fast Refresh ("default" export is incompatible). Learn more at https://github.com/vitejs/vite-plugin-react/tree/main/packages/plugin-react#consistent-components-exports
[2m4:13:09 a.m.[22m [36m[1m[vite][22m[39m [90m[2m(client)[22m[39m [32mhmr update [39m[2m/App.jsx[22m
[2m4:13:21 a.m.[22m [36m[1m[vite][22m[39m [90m[2m(client)[22m[39m [32mhmr update [39m[2m/slides/slide06.jsx[22m
[2m4:13:21 a.m.[22m [36m[1m[vite][22m[39m [90m[2m(client)[22m[39m [33mhmr invalidate [39m[2m/slides/slide06.jsx[22m Could not Fast Refresh ("default" export is incompatible). Learn more at https://github.com/vitejs/vite-plugin-react/tree/main/packages/plugin-react#consistent-components-exports
[2m4:13:21 a.m.[22m [36m[1m[vite][22m[39m [90m[2m(client)[22m[39m [32mhmr update [39m[2m/App.jsx[22m
[2m4:13:29 a.m.[22m [36m[1m[vite][22m[39m [90m[2m(client)[22m[39m [32mhmr update [39m[2m/slides/slide06.jsx[22m
[2m4:13:29 a.m.[22m [36m[1m[vite][22m[39m [90m[2m(client)[22m[39m [33mhmr invalidate [39m[2m/slides/slide06.jsx[22m Could not Fast Refresh ("default" export is incompatible). Learn more at https://github.com/vitejs/vite-plugin-react/tree/main/packages/plugin-react#consistent-components-exports
[2m4:13:29 a.m.[22m [36m[1m[vite][22m[39m [90m[2m(client)[22m[39m [32mhmr update [39m[2m/App.jsx[22m
[2m4:13:33 a.m.[22m [36m[1m[vite][22m[39m [90m[2m(client)[22m[39m [32mhmr update [39m[2m/slides/slide06.jsx[22m
[2m4:13:33 a.m.[22m [36m[1m[vite][22m[39m [90m[2m(client)[22m[39m [33mhmr invalidate [39m[2m/slides/slide06.jsx[22m Could not Fast Refresh ("default" export is incompatible). Learn more at https://github.com/vitejs/vite-plugin-react/tree/main/packages/plugin-react#consistent-components-exports
[2m4:13:33 a.m.[22m [36m[1m[vite][22m[39m [90m[2m(client)[22m[39m [32mhmr update [39m[2m/App.jsx[22m
[2m4:13:37 a.m.[22m [36m[1m[vite][22m[39m [90m[2m(client)[22m[39m [32mhmr update [39m[2m/slides/slide06.jsx[22m
[2m4:13:37 a.m.[22m [36m[1m[vite][22m[39m [90m[2m(client)[22m[39m [33mhmr invalidate [39m[2m/slides/slide06.jsx[22m Could not Fast Refresh ("default" export is incompatible). Learn more at https://github.com/vitejs/vite-plugin-react/tree/main/packages/plugin-react#consistent-components-exports
[2m4:13:37 a.m.[22m [36m[1m[vite][22m[39m [90m[2m(client)[22m[39m [32mhmr update [39m[2m/App.jsx[22m
[2m4:13:41 a.m.[22m [36m[1m[vite][22m[39m [90m[2m(client)[22m[39m [32mhmr update [39m[2m/slides/slide06.jsx[22m
[2m4:13:41 a.m.[22m [36m[1m[vite][22m[39m [90m[2m(client)[22m[39m [33mhmr invalidate [39m[2m/slides/slide06.jsx[22m Could not Fast Refresh ("default" export is incompatible). Learn more at https://github.com/vitejs/vite-plugin-react/tree/main/packages/plugin-react#consistent-components-exports
[2m4:13:41 a.m.[22m [36m[1m[vite][22m[39m [90m[2m(client)[22m[39m [32mhmr update [39m[2m/App.jsx[22m
[2m4:13:45 a.m.[22m [36m[1m[vite][22m[39m [90m[2m(client)[22m[39m [32mhmr update [39m[2m/slides/slide06.jsx[22m
[2m4:13:45 a.m.[22m [36m[1m[vite][22m[39m [90m[2m(client)[22m[39m [33mhmr invalidate [39m[2m/slides/slide06.jsx[22m Could not Fast Refresh ("default" export is incompatible). Learn more at https://github.com/vitejs/vite-plugin-react/tree/main/packages/plugin-react#consistent-components-exports
[2m4:13:45 a.m.[22m [36m[1m[vite][22m[39m [90m[2m(client)[22m[39m [32mhmr update [39m[2m/App.jsx[22m
[2m4:13:48 a.m.[22m [36m[1m[vite][22m[39m [90m[2m(client)[22m[39m [32mhmr update [39m[2m/slides/slide06.jsx[22m
[2m4:13:48 a.m.[22m [36m[1m[vite][22m[39m [90m[2m(client)[22m[39m [33mhmr invalidate [39m[2m/slides/slide06.jsx[22m Could not Fast Refresh ("default" export is incompatible). Learn more at https://github.com/vitejs/vite-plugin-react/tree/main/packages/plugin-react#consistent-components-exports
[2m4:13:48 a.m.[22m [36m[1m[vite][22m[39m [90m[2m(client)[22m[39m [32mhmr update [39m[2m/App.jsx[22m
[2m4:14:20 a.m.[22m [36m[1m[vite][22m[39m [90m[2m(client)[22m[39m [32mhmr update [39m[2m/slides/slide06.jsx[22m
[2m4:14:20 a.m.[22m [36m[1m[vite][22m[39m [90m[2m(client)[22m[39m [33mhmr invalidate [39m[2m/slides/slide06.jsx[22m Could not Fast Refresh ("default" export is incompatible). Learn more at https://github.com/vitejs/vite-plugin-react/tree/main/packages/plugin-react#consistent-components-exports
[2m4:14:20 a.m.[22m [36m[1m[vite][22m[39m [90m[2m(client)[22m[39m [32mhmr update [39m[2m/App.jsx[22m
[2m4:14:37 a.m.[22m [36m[1m[vite][22m[39m [90m[2m(client)[22m[39m [32mhmr update [39m[2m/slides/slide06.jsx[22m
[2m4:14:37 a.m.[22m [36m[1m[vite][22m[39m [90m[2m(client)[22m[39m [33mhmr invalidate [39m[2m/slides/slide06.jsx[22m Could not Fast Refresh ("default" export is incompatible). Learn more at https://github.com/vitejs/vite-plugin-react/tree/main/packages/plugin-react#consistent-components-exports
[2m4:14:37 a.m.[22m [36m[1m[vite][22m[39m [90m[2m(client)[22m[39m [32mhmr update [39m[2m/App.jsx[22m
[2m4:14:42 a.m.[22m [36m[1m[vite][22m[39m [90m[2m(client)[22m[39m [32mhmr update [39m[2m/slides/slide06.jsx[22m
[2m4:14:43 a.m.[22m [36m[1m[vite][22m[39m [90m[2m(client)[22m[39m [33mhmr invalidate [39m[2m/slides/slide06.jsx[22m Could not Fast Refresh ("default" export is incompatible). Learn more at https://github.com/vitejs/vite-plugin-react/tree/main/packages/plugin-react#consistent-components-exports
[2m4:14:43 a.m.[22m [36m[1m[vite][22m[39m [90m[2m(client)[22m[39m [32mhmr update [39m[2m/App.jsx[22m
[2m4:14:49 a.m.[22m [36m[1m[vite][22m[39m [90m[2m(client)[22m[39m [32mhmr update [39m[2m/slides/slide06.jsx[22m
[2m4:14:49 a.m.[22m [36m[1m[vite][22m[39m [90m[2m(client)[22m[39m [33mhmr invalidate [39m[2m/slides/slide06.jsx[22m Could not Fast Refresh ("default" export is incompatible). Learn more at https://github.com/vitejs/vite-plugin-react/tree/main/packages/plugin-react#consistent-components-exports
[2m4:14:49 a.m.[22m [36m[1m[vite][22m[39m [90m[2m(client)[22m[39m [32mhmr update [39m[2m/App.jsx[22m
[2m4:14:57 a.m.[22m [36m[1m[vite][22m[39m [90m[2m(client)[22m[39m [32mhmr update [39m[2m/slides/slide06.jsx[22m
[2m4:14:57 a.m.[22m [36m[1m[vite][22m[39m [90m[2m(client)[22m[39m [33mhmr invalidate [39m[2m/slides/slide06.jsx[22m Could not Fast Refresh ("default" export is incompatible). Learn more at https://github.com/vitejs/vite-plugin-react/tree/main/packages/plugin-react#consistent-components-exports
[2m4:14:57 a.m.[22m [36m[1m[vite][22m[39m [90m[2m(client)[22m[39m [32mhmr update [39m[2m/App.jsx[22m
[2m4:15:01 a.m.[22m [36m[1m[vite][22m[39m [90m[2m(client)[22m[39m [32mhmr update [39m[2m/slides/slide06.jsx[22m
[2m4:15:01 a.m.[22m [36m[1m[vite][22m[39m [90m[2m(client)[22m[39m [33mhmr invalidate [39m[2m/slides/slide06.jsx[22m Could not Fast Refresh ("default" export is incompatible). Learn more at https://github.com/vitejs/vite-plugin-react/tree/main/packages/plugin-react#consistent-components-exports
[2m4:15:01 a.m.[22m [36m[1m[vite][22m[39m [90m[2m(client)[22m[39m [32mhmr update [39m[2m/App.jsx[22m
[2m4:15:05 a.m.[22m [36m[1m[vite][22m[39m [90m[2m(client)[22m[39m [32mhmr update [39m[2m/slides/slide06.jsx[22m
[2m4:15:05 a.m.[22m [36m[1m[vite][22m[39m [90m[2m(client)[22m[39m [33mhmr invalidate [39m[2m/slides/slide06.jsx[22m Could not Fast Refresh ("default" export is incompatible). Learn more at https://github.com/vitejs/vite-plugin-react/tree/main/packages/plugin-react#consistent-components-exports
[2m4:15:05 a.m.[22m [36m[1m[vite][22m[39m [90m[2m(client)[22m[39m [32mhmr update [39m[2m/App.jsx[22m
[2m4:15:07 a.m.[22m [36m[1m[vite][22m[39m [90m[2m(client)[22m[39m [32mhmr update [39m[2m/slides/slide06.jsx[22m
[2m4:15:07 a.m.[22m [36m[1m[vite][22m[39m [90m[2m(client)[22m[39m [33mhmr invalidate [39m[2m/slides/slide06.jsx[22m Could not Fast Refresh ("default" export is incompatible). Learn more at https://github.com/vitejs/vite-plugin-react/tree/main/packages/plugin-react#consistent-components-exports
[2m4:15:07 a.m.[22m [36m[1m[vite][22m[39m [90m[2m(client)[22m[39m [32mhmr update [39m[2m/App.jsx[22m
[2m4:15:11 a.m.[22m [36m[1m[vite][22m[39m [90m[2m(client)[22m[39m [32mhmr update [39m[2m/slides/slide06.jsx[22m
[2m4:15:11 a.m.[22m [36m[1m[vite][22m[39m [90m[2m(client)[22m[39m [33mhmr invalidate [39m[2m/slides/slide06.jsx[22m Could not Fast Refresh ("default" export is incompatible). Learn more at https://github.com/vitejs/vite-plugin-react/tree/main/packages/plugin-react#consistent-components-exports
[2m4:15:11 a.m.[22m [36m[1m[vite][22m[39m [90m[2m(client)[22m[39m [32mhmr update [39m[2m/App.jsx[22m
[2m4:15:16 a.m.[22m [36m[1m[vite][22m[39m [90m[2m(client)[22m[39m [32mhmr update [39m[2m/slides/slide06.jsx[22m
[2m4:15:16 a.m.[22m [36m[1m[vite][22m[39m [90m[2m(client)[22m[39m [33mhmr invalidate [39m[2m/slides/slide06.jsx[22m Could not Fast Refresh ("default" export is incompatible). Learn more at https://github.com/vitejs/vite-plugin-react/tree/main/packages/plugin-react#consistent-components-exports
[2m4:15:16 a.m.[22m [36m[1m[vite][22m[39m [90m[2m(client)[22m[39m [32mhmr update [39m[2m/App.jsx[22m
[2m4:15:24 a.m.[22m [36m[1m[vite][22m[39m [90m[2m(client)[22m[39m [32mhmr update [39m[2m/slides/slide06.jsx[22m
[2m4:15:24 a.m.[22m [36m[1m[vite][22m[39m [90m[2m(client)[22m[39m [33mhmr invalidate [39m[2m/slides/slide06.jsx[22m Could not Fast Refresh ("default" export is incompatible). Learn more at https://github.com/vitejs/vite-plugin-react/tree/main/packages/plugin-react#consistent-components-exports
[2m4:15:24 a.m.[22m [36m[1m[vite][22m[39m [90m[2m(client)[22m[39m [32mhmr update [39m[2m/App.jsx[22m
[2m4:15:27 a.m.[22m [36m[1m[vite][22m[39m [90m[2m(client)[22m[39m [32mhmr update [39m[2m/slides/slide06.jsx[22m
[2m4:15:27 a.m.[22m [36m[1m[vite][22m[39m [90m[2m(client)[22m[39m [33mhmr invalidate [39m[2m/slides/slide06.jsx[22m Could not Fast Refresh ("default" export is incompatible). Learn more at https://github.com/vitejs/vite-plugin-react/tree/main/packages/plugin-react#consistent-components-exports
[2m4:15:27 a.m.[22m [36m[1m[vite][22m[39m [90m[2m(client)[22m[39m [32mhmr update [39m[2m/App.jsx[22m
[2m4:35:53 a.m.[22m [36m[1m[vite][22m[39m [90m[2m(client)[22m[39m [32mhmr update [39m[2m/slides/slide07.jsx[22m
[2m4:35:53 a.m.[22m [36m[1m[vite][22m[39m [90m[2m(client)[22m[39m [33mhmr invalidate [39m[2m/slides/slide07.jsx[22m Could not Fast Refresh ("default" export is incompatible). Learn more at https://github.com/vitejs/vite-plugin-react/tree/main/packages/plugin-react#consistent-components-exports
[2m4:35:53 a.m.[22m [36m[1m[vite][22m[39m [90m[2m(client)[22m[39m [32mhmr update [39m[2m/App.jsx[22m
[2m4:37:44 a.m.[22m [36m[1m[vite][22m[39m [90m[2m(client)[22m[39m [32mhmr update [39m[2m/slides/slide07.jsx[22m
[2m4:37:44 a.m.[22m [36m[1m[vite][22m[39m [90m[2m(client)[22m[39m [33mhmr invalidate [39m[2m/slides/slide07.jsx[22m Could not Fast Refresh ("default" export is incompatible). Learn more at https://github.com/vitejs/vite-plugin-react/tree/main/packages/plugin-react#consistent-components-exports
[2m4:37:44 a.m.[22m [36m[1m[vite][22m[39m [90m[2m(client)[22m[39m [32mhmr update [39m[2m/App.jsx[22m
[2m4:40:27 a.m.[22m [36m[1m[vite][22m[39m [90m[2m(client)[22m[39m [32mhmr update [39m[2m/slides/slide07.jsx[22m
[2m4:40:27 a.m.[22m [36m[1m[vite][22m[39m [90m[2m(client)[22m[39m [33mhmr invalidate [39m[2m/slides/slide07.jsx[22m Could not Fast Refresh ("default" export is incompatible). Learn more at https://github.com/vitejs/vite-plugin-react/tree/main/packages/plugin-react#consistent-components-exports
[2m4:40:27 a.m.[22m [36m[1m[vite][22m[39m [90m[2m(client)[22m[39m [32mhmr update [39m[2m/App.jsx[22m
[2m4:42:54 a.m.[22m [36m[1m[vite][22m[39m [90m[2m(client)[22m[39m [32mhmr update [39m[2m/slides/slide07.jsx[22m
[2m4:43:11 a.m.[22m [36m[1m[vite][22m[39m [90m[2m(client)[22m[39m [32mhmr update [39m[2m/slides/slide07.jsx[22m
[2m4:43:11 a.m.[22m [36m[1m[vite][22m[39m [90m[2m(client)[22m[39m [32mhmr update [39m[2m/slides/slide07.jsx[22m
[2m4:43:12 a.m.[22m [36m[1m[vite][22m[39m [90m[2m(client)[22m[39m [32mhmr update [39m[2m/slides/slide07.jsx[22m
[2m4:44:15 a.m.[22m [36m[1m[vite][22m[39m [90m[2m(client)[22m[39m [32mhmr update [39m[2m/slides/slide07.jsx[22m
[2m4:44:15 a.m.[22m [36m[1m[vite][22m[39m [90m[2m(client)[22m[39m [33mhmr invalidate [39m[2m/slides/slide07.jsx[22m Could not Fast Refresh ("default" export is incompatible). Learn more at https://github.com/vitejs/vite-plugin-react/tree/main/packages/plugin-react#consistent-components-exports
[2m4:44:15 a.m.[22m [36m[1m[vite][22m[39m [90m[2m(client)[22m[39m [32mhmr update [39m[2m/App.jsx[22m
[2m4:45:33 a.m.[22m [36m[1m[vite][22m[39m [90m[2m(client)[22m[39m [32mhmr update [39m[2m/slides/slide07.jsx[22m
[2m4:45:33 a.m.[22m [36m[1m[vite][22m[39m [90m[2m(client)[22m[39m [33mhmr invalidate [39m[2m/slides/slide07.jsx[22m Could not Fast Refresh ("default" export is incompatible). Learn more at https://github.com/vitejs/vite-plugin-react/tree/main/packages/plugin-react#consistent-components-exports
[2m4:45:33 a.m.[22m [36m[1m[vite][22m[39m [90m[2m(client)[22m[39m [32mhmr update [39m[2m/App.jsx[22m
[2m4:47:54 a.m.[22m [36m[1m[vite][22m[39m [90m[2m(client)[22m[39m [32mhmr update [39m[2m/slides/slide07.jsx[22m
[2m4:47:54 a.m.[22m [36m[1m[vite][22m[39m [90m[2m(client)[22m[39m [33mhmr invalidate [39m[2m/slides/slide07.jsx[22m Could not Fast Refresh ("default" export is incompatible). Learn more at https://github.com/vitejs/vite-plugin-react/tree/main/packages/plugin-react#consistent-components-exports
[2m4:47:54 a.m.[22m [36m[1m[vite][22m[39m [90m[2m(client)[22m[39m [32mhmr update [39m[2m/App.jsx[22m
[2m4:48:00 a.m.[22m [36m[1m[vite][22m[39m [90m[2m(client)[22m[39m [32mhmr update [39m[2m/slides/slide07.jsx[22m
[2m4:48:00 a.m.[22m [36m[1m[vite][22m[39m [90m[2m(client)[22m[39m [33mhmr invalidate [39m[2m/slides/slide07.jsx[22m Could not Fast Refresh ("default" export is incompatible). Learn more at https://github.com/vitejs/vite-plugin-react/tree/main/packages/plugin-react#consistent-components-exports
[2m4:48:00 a.m.[22m [36m[1m[vite][22m[39m [90m[2m(client)[22m[39m [32mhmr update [39m[2m/App.jsx[22m
[2m4:48:03 a.m.[22m [36m[1m[vite][22m[39m [90m[2m(client)[22m[39m [32mhmr update [39m[2m/slides/slide07.jsx[22m
[2m4:48:03 a.m.[22m [36m[1m[vite][22m[39m [90m[2m(client)[22m[39m [33mhmr invalidate [39m[2m/slides/slide07.jsx[22m Could not Fast Refresh ("default" export is incompatible). Learn more at https://github.com/vitejs/vite-plugin-react/tree/main/packages/plugin-react#consistent-components-exports
[2m4:48:03 a.m.[22m [36m[1m[vite][22m[39m [90m[2m(client)[22m[39m [32mhmr update [39m[2m/App.jsx[22m
[2m4:48:37 a.m.[22m [36m[1m[vite][22m[39m [90m[2m(client)[22m[39m [32mhmr update [39m[2m/slides/slide07.jsx[22m
[2m4:48:37 a.m.[22m [36m[1m[vite][22m[39m [90m[2m(client)[22m[39m [33mhmr invalidate [39m[2m/slides/slide07.jsx[22m Could not Fast Refresh ("default" export is incompatible). Learn more at https://github.com/vitejs/vite-plugin-react/tree/main/packages/plugin-react#consistent-components-exports
[2m4:48:37 a.m.[22m [36m[1m[vite][22m[39m [90m[2m(client)[22m[39m [32mhmr update [39m[2m/App.jsx[22m
[2m4:50:29 a.m.[22m [36m[1m[vite][22m[39m [90m[2m(client)[22m[39m [32mhmr update [39m[2m/slides/slide07.jsx[22m
[2m4:50:29 a.m.[22m [36m[1m[vite][22m[39m [90m[2m(client)[22m[39m [33mhmr invalidate [39m[2m/slides/slide07.jsx[22m Could not Fast Refresh ("default" export is incompatible). Learn more at https://github.com/vitejs/vite-plugin-react/tree/main/packages/plugin-react#consistent-components-exports
[2m4:50:29 a.m.[22m [36m[1m[vite][22m[39m [90m[2m(client)[22m[39m [32mhmr update [39m[2m/App.jsx[22m
[2m4:50:36 a.m.[22m [36m[1m[vite][22m[39m [90m[2m(client)[22m[39m [32mhmr update [39m[2m/slides/slide07.jsx[22m
[2m4:50:36 a.m.[22m [36m[1m[vite][22m[39m [90m[2m(client)[22m[39m [33mhmr invalidate [39m[2m/slides/slide07.jsx[22m Could not Fast Refresh ("default" export is incompatible). Learn more at https://github.com/vitejs/vite-plugin-react/tree/main/packages/plugin-react#consistent-components-exports
[2m4:50:36 a.m.[22m [36m[1m[vite][22m[39m [90m[2m(client)[22m[39m [32mhmr update [39m[2m/App.jsx[22m
[2m4:50:39 a.m.[22m [36m[1m[vite][22m[39m [90m[2m(client)[22m[39m [32mhmr update [39m[2m/slides/slide07.jsx[22m
[2m4:50:39 a.m.[22m [36m[1m[vite][22m[39m [90m[2m(client)[22m[39m [33mhmr invalidate [39m[2m/slides/slide07.jsx[22m Could not Fast Refresh ("default" export is incompatible). Learn more at https://github.com/vitejs/vite-plugin-react/tree/main/packages/plugin-react#consistent-components-exports
[2m4:50:39 a.m.[22m [36m[1m[vite][22m[39m [90m[2m(client)[22m[39m [32mhmr update [39m[2m/App.jsx[22m
[2m4:54:59 a.m.[22m [36m[1m[vite][22m[39m [90m[2m(client)[22m[39m [32mhmr update [39m[2m/App.jsx[22m
[2m4:55:20 a.m.[22m [36m[1m[vite][22m[39m [90m[2m(client)[22m[39m [32mhmr update [39m[2m/App.jsx[22m
[2m4:57:07 a.m.[22m [36m[1m[vite][22m[39m [90m[2m(client)[22m[39m [32mhmr update [39m[2m/slides/slide08.jsx[22m
[2m4:57:07 a.m.[22m [36m[1m[vite][22m[39m [90m[2m(client)[22m[39m [33mhmr invalidate [39m[2m/slides/slide08.jsx[22m Could not Fast Refresh ("default" export is incompatible). Learn more at https://github.com/vitejs/vite-plugin-react/tree/main/packages/plugin-react#consistent-components-exports
[2m4:57:07 a.m.[22m [36m[1m[vite][22m[39m [90m[2m(client)[22m[39m [32mhmr update [39m[2m/App.jsx[22m
[2m4:58:49 a.m.[22m [36m[1m[vite][22m[39m [90m[2m(client)[22m[39m [32mhmr update [39m[2m/slides/slide08.jsx[22m
[2m4:58:49 a.m.[22m [36m[1m[vite][22m[39m [90m[2m(client)[22m[39m [33mhmr invalidate [39m[2m/slides/slide08.jsx[22m Could not Fast Refresh ("default" export is incompatible). Learn more at https://github.com/vitejs/vite-plugin-react/tree/main/packages/plugin-react#consistent-components-exports
[2m4:58:49 a.m.[22m [36m[1m[vite][22m[39m [90m[2m(client)[22m[39m [32mhmr update [39m[2m/App.jsx[22m
[2m5:02:23 a.m.[22m [36m[1m[vite][22m[39m [90m[2m(client)[22m[39m [32mhmr update [39m[2m/slides/slide08.jsx[22m
[2m5:02:23 a.m.[22m [36m[1m[vite][22m[39m [90m[2m(client)[22m[39m [33mhmr invalidate [39m[2m/slides/slide08.jsx[22m Could not Fast Refresh ("default" export is incompatible). Learn more at https://github.com/vitejs/vite-plugin-react/tree/main/packages/plugin-react#consistent-components-exports
[2m5:02:23 a.m.[22m [36m[1m[vite][22m[39m [90m[2m(client)[22m[39m [32mhmr update [39m[2m/App.jsx[22m
[2m5:02:35 a.m.[22m [36m[1m[vite][22m[39m [90m[2m(client)[22m[39m [32mhmr update [39m[2m/App.jsx[22m
[2m5:02:58 a.m.[22m [36m[1m[vite][22m[39m [90m[2m(client)[22m[39m [32mhmr update [39m[2m/App.jsx[22m
[2m5:06:30 a.m.[22m [36m[1m[vite][22m[39m [90m[2m(client)[22m[39m [32mhmr update [39m[2m/slides/slide08.jsx[22m
[2m5:06:30 a.m.[22m [36m[1m[vite][22m[39m [90m[2m(client)[22m[39m [33mhmr invalidate [39m[2m/slides/slide08.jsx[22m Could not Fast Refresh ("default" export is incompatible). Learn more at https://github.com/vitejs/vite-plugin-react/tree/main/packages/plugin-react#consistent-components-exports
[2m5:06:30 a.m.[22m [36m[1m[vite][22m[39m [90m[2m(client)[22m[39m [32mhmr update [39m[2m/App.jsx[22m
[2m5:06:31 a.m.[22m [36m[1m[vite][22m[39m [90m[2m(client)[22m[39m [32mhmr update [39m[2m/slides/slide08.jsx[22m
[2m5:06:32 a.m.[22m [36m[1m[vite][22m[39m [90m[2m(client)[22m[39m [33mhmr invalidate [39m[2m/slides/slide08.jsx[22m Could not Fast Refresh ("default" export is incompatible). Learn more at https://github.com/vitejs/vite-plugin-react/tree/main/packages/plugin-react#consistent-components-exports
[2m5:06:32 a.m.[22m [36m[1m[vite][22m[39m [90m[2m(client)[22m[39m [32mhmr update [39m[2m/App.jsx[22m
[2m5:06:32 a.m.[22m [36m[1m[vite][22m[39m [90m[2m(client)[22m[39m [32mhmr update [39m[2m/slides/slide08.jsx[22m
[2m5:06:32 a.m.[22m [36m[1m[vite][22m[39m [90m[2m(client)[22m[39m [33mhmr invalidate [39m[2m/slides/slide08.jsx[22m Could not Fast Refresh ("default" export is incompatible). Learn more at https://github.com/vitejs/vite-plugin-react/tree/main/packages/plugin-react#consistent-components-exports
[2m5:06:32 a.m.[22m [36m[1m[vite][22m[39m [90m[2m(client)[22m[39m [32mhmr update [39m[2m/App.jsx[22m
[2m5:07:22 a.m.[22m [36m[1m[vite][22m[39m [90m[2m(client)[22m[39m [32mhmr update [39m[2m/slides/slide09.jsx[22m
[2m5:07:22 a.m.[22m [36m[1m[vite][22m[39m [90m[2m(client)[22m[39m [33mhmr invalidate [39m[2m/slides/slide09.jsx[22m Could not Fast Refresh ("default" export is incompatible). Learn more at https://github.com/vitejs/vite-plugin-react/tree/main/packages/plugin-react#consistent-components-exports
[2m5:07:22 a.m.[22m [36m[1m[vite][22m[39m [90m[2m(client)[22m[39m [32mhmr update [39m[2m/App.jsx[22m
[2m5:09:18 a.m.[22m [36m[1m[vite][22m[39m [90m[2m(client)[22m[39m [32mhmr update [39m[2m/slides/slide08.jsx[22m
[2m5:09:18 a.m.[22m [36m[1m[vite][22m[39m [90m[2m(client)[22m[39m [33mhmr invalidate [39m[2m/slides/slide08.jsx[22m Could not Fast Refresh ("default" export is incompatible). Learn more at https://github.com/vitejs/vite-plugin-react/tree/main/packages/plugin-react#consistent-components-exports
[2m5:09:18 a.m.[22m [36m[1m[vite][22m[39m [90m[2m(client)[22m[39m [32mhmr update [39m[2m/App.jsx[22m
[2m5:10:25 a.m.[22m [36m[1m[vite][22m[39m [90m[2m(client)[22m[39m [32mhmr update [39m[2m/slides/slide09.jsx[22m
[2m5:10:26 a.m.[22m [36m[1m[vite][22m[39m [90m[2m(client)[22m[39m [33mhmr invalidate [39m[2m/slides/slide09.jsx[22m Could not Fast Refresh ("default" export is incompatible). Learn more at https://github.com/vitejs/vite-plugin-react/tree/main/packages/plugin-react#consistent-components-exports
[2m5:10:26 a.m.[22m [36m[1m[vite][22m[39m [90m[2m(client)[22m[39m [32mhmr update [39m[2m/App.jsx[22m
[2m5:10:32 a.m.[22m [36m[1m[vite][22m[39m [90m[2m(client)[22m[39m [32mhmr update [39m[2m/slides/slide09.jsx[22m
[2m5:10:32 a.m.[22m [36m[1m[vite][22m[39m [90m[2m(client)[22m[39m [33mhmr invalidate [39m[2m/slides/slide09.jsx[22m Could not Fast Refresh ("default" export is incompatible). Learn more at https://github.com/vitejs/vite-plugin-react/tree/main/packages/plugin-react#consistent-components-exports
[2m5:10:32 a.m.[22m [36m[1m[vite][22m[39m [90m[2m(client)[22m[39m [32mhmr update [39m[2m/App.jsx[22m
[2m5:10:35 a.m.[22m [36m[1m[vite][22m[39m [90m[2m(client)[22m[39m [32mhmr update [39m[2m/slides/slide09.jsx[22m
[2m5:10:35 a.m.[22m [36m[1m[vite][22m[39m [90m[2m(client)[22m[39m [33mhmr invalidate [39m[2m/slides/slide09.jsx[22m Could not Fast Refresh ("default" export is incompatible). Learn more at https://github.com/vitejs/vite-plugin-react/tree/main/packages/plugin-react#consistent-components-exports
[2m5:10:35 a.m.[22m [36m[1m[vite][22m[39m [90m[2m(client)[22m[39m [32mhmr update [39m[2m/App.jsx[22m
[2m5:10:36 a.m.[22m [36m[1m[vite][22m[39m [90m[2m(client)[22m[39m [32mhmr update [39m[2m/slides/slide09.jsx[22m
[2m5:10:36 a.m.[22m [36m[1m[vite][22m[39m [90m[2m(client)[22m[39m [33mhmr invalidate [39m[2m/slides/slide09.jsx[22m Could not Fast Refresh ("default" export is incompatible). Learn more at https://github.com/vitejs/vite-plugin-react/tree/main/packages/plugin-react#consistent-components-exports
[2m5:10:36 a.m.[22m [36m[1m[vite][22m[39m [90m[2m(client)[22m[39m [32mhmr update [39m[2m/App.jsx[22m
[2m5:10:37 a.m.[22m [36m[1m[vite][22m[39m [90m[2m(client)[22m[39m [32mhmr update [39m[2m/slides/slide09.jsx[22m
[2m5:10:37 a.m.[22m [36m[1m[vite][22m[39m [90m[2m(client)[22m[39m [33mhmr invalidate [39m[2m/slides/slide09.jsx[22m Could not Fast Refresh ("default" export is incompatible). Learn more at https://github.com/vitejs/vite-plugin-react/tree/main/packages/plugin-react#consistent-components-exports
[2m5:10:37 a.m.[22m [36m[1m[vite][22m[39m [90m[2m(client)[22m[39m [32mhmr update [39m[2m/App.jsx[22m
[2m5:10:38 a.m.[22m [36m[1m[vite][22m[39m [90m[2m(client)[22m[39m [32mhmr update [39m[2m/slides/slide09.jsx[22m
[2m5:10:38 a.m.[22m [36m[1m[vite][22m[39m [90m[2m(client)[22m[39m [33mhmr invalidate [39m[2m/slides/slide09.jsx[22m Could not Fast Refresh ("default" export is incompatible). Learn more at https://github.com/vitejs/vite-plugin-react/tree/main/packages/plugin-react#consistent-components-exports
[2m5:10:38 a.m.[22m [36m[1m[vite][22m[39m [90m[2m(client)[22m[39m [32mhmr update [39m[2m/App.jsx[22m
[2m5:11:14 a.m.[22m [36m[1m[vite][22m[39m [90m[2m(client)[22m[39m [32mhmr update [39m[2m/slides/slide09.jsx[22m
[2m5:11:14 a.m.[22m [36m[1m[vite][22m[39m [90m[2m(client)[22m[39m [32mhmr update [39m[2m/slides/slide09.jsx[22m
[2m5:11:14 a.m.[22m [36m[1m[vite][22m[39m [90m[2m(client)[22m[39m [33mhmr invalidate [39m[2m/slides/slide09.jsx[22m Could not Fast Refresh ("default" export is incompatible). Learn more at https://github.com/vitejs/vite-plugin-react/tree/main/packages/plugin-react#consistent-components-exports
[2m5:11:14 a.m.[22m [36m[1m[vite][22m[39m [90m[2m(client)[22m[39m [32mhmr update [39m[2m/App.jsx[22m
[2m5:11:17 a.m.[22m [36m[1m[vite][22m[39m [90m[2m(client)[22m[39m [32mhmr update [39m[2m/slides/slide09.jsx[22m
[2m5:11:17 a.m.[22m [36m[1m[vite][22m[39m [90m[2m(client)[22m[39m [33mhmr invalidate [39m[2m/slides/slide09.jsx[22m Could not Fast Refresh ("default" export is incompatible). Learn more at https://github.com/vitejs/vite-plugin-react/tree/main/packages/plugin-react#consistent-components-exports
[2m5:11:17 a.m.[22m [36m[1m[vite][22m[39m [90m[2m(client)[22m[39m [32mhmr update [39m[2m/App.jsx[22m
[2m5:11:47 a.m.[22m [36m[1m[vite][22m[39m [90m[2m(client)[22m[39m [32mhmr update [39m[2m/slides/slide08.jsx[22m
[2m5:11:47 a.m.[22m [36m[1m[vite][22m[39m [90m[2m(client)[22m[39m [33mhmr invalidate [39m[2m/slides/slide08.jsx[22m Could not Fast Refresh ("default" export is incompatible). Learn more at https://github.com/vitejs/vite-plugin-react/tree/main/packages/plugin-react#consistent-components-exports
[2m5:11:47 a.m.[22m [36m[1m[vite][22m[39m [90m[2m(client)[22m[39m [32mhmr update [39m[2m/App.jsx[22m
[2m5:12:45 a.m.[22m [36m[1m[vite][22m[39m [90m[2m(client)[22m[39m [32mhmr update [39m[2m/slides/slide08.jsx[22m
[2m5:12:45 a.m.[22m [36m[1m[vite][22m[39m [90m[2m(client)[22m[39m [33mhmr invalidate [39m[2m/slides/slide08.jsx[22m Could not Fast Refresh ("default" export is incompatible). Learn more at https://github.com/vitejs/vite-plugin-react/tree/main/packages/plugin-react#consistent-components-exports
[2m5:12:45 a.m.[22m [36m[1m[vite][22m[39m [90m[2m(client)[22m[39m [32mhmr update [39m[2m/App.jsx[22m
[2m5:12:47 a.m.[22m [36m[1m[vite][22m[39m [90m[2m(client)[22m[39m [32mhmr update [39m[2m/slides/slide08.jsx[22m
[2m5:12:47 a.m.[22m [36m[1m[vite][22m[39m [90m[2m(client)[22m[39m [33mhmr invalidate [39m[2m/slides/slide08.jsx[22m Could not Fast Refresh ("default" export is incompatible). Learn more at https://github.com/vitejs/vite-plugin-react/tree/main/packages/plugin-react#consistent-components-exports
[2m5:12:47 a.m.[22m [36m[1m[vite][22m[39m [90m[2m(client)[22m[39m [32mhmr update [39m[2m/App.jsx[22m
[2m5:12:47 a.m.[22m [36m[1m[vite][22m[39m [90m[2m(client)[22m[39m [32mhmr update [39m[2m/slides/slide08.jsx[22m
[2m5:12:47 a.m.[22m [36m[1m[vite][22m[39m [90m[2m(client)[22m[39m [33mhmr invalidate [39m[2m/slides/slide08.jsx[22m Could not Fast Refresh ("default" export is incompatible). Learn more at https://github.com/vitejs/vite-plugin-react/tree/main/packages/plugin-react#consistent-components-exports
[2m5:12:47 a.m.[22m [36m[1m[vite][22m[39m [90m[2m(client)[22m[39m [32mhmr update [39m[2m/App.jsx[22m
[2m5:15:32 a.m.[22m [36m[1m[vite][22m[39m [90m[2m(client)[22m[39m [32mhmr update [39m[2m/slides/slide08.jsx[22m
[2m5:15:32 a.m.[22m [36m[1m[vite][22m[39m [90m[2m(client)[22m[39m [33mhmr invalidate [39m[2m/slides/slide08.jsx[22m Could not Fast Refresh ("default" export is incompatible). Learn more at https://github.com/vitejs/vite-plugin-react/tree/main/packages/plugin-react#consistent-components-exports
[2m5:15:32 a.m.[22m [36m[1m[vite][22m[39m [90m[2m(client)[22m[39m [32mhmr update [39m[2m/App.jsx[22m
[2m5:20:14 a.m.[22m [36m[1m[vite][22m[39m [90m[2m(client)[22m[39m [32mhmr update [39m[2m/App.jsx[22m
[2m5:20:38 a.m.[22m [36m[1m[vite][22m[39m [90m[2m(client)[22m[39m [32mhmr update [39m[2m/App.jsx[22m
[2m5:22:58 a.m.[22m [36m[1m[vite][22m[39m [90m[2m(client)[22m[39m [32mhmr update [39m[2m/slides/slide10.jsx[22m
[2m5:22:58 a.m.[22m [36m[1m[vite][22m[39m [90m[2m(client)[22m[39m [33mhmr invalidate [39m[2m/slides/slide10.jsx[22m Could not Fast Refresh ("default" export is incompatible). Learn more at https://github.com/vitejs/vite-plugin-react/tree/main/packages/plugin-react#consistent-components-exports
[2m5:22:58 a.m.[22m [36m[1m[vite][22m[39m [90m[2m(client)[22m[39m [32mhmr update [39m[2m/App.jsx[22m
[2m5:23:04 a.m.[22m [36m[1m[vite][22m[39m [90m[2m(client)[22m[39m [32mhmr update [39m[2m/slides/slide10.jsx[22m
[2m5:23:04 a.m.[22m [36m[1m[vite][22m[39m [90m[2m(client)[22m[39m [33mhmr invalidate [39m[2m/slides/slide10.jsx[22m Could not Fast Refresh ("default" export is incompatible). Learn more at https://github.com/vitejs/vite-plugin-react/tree/main/packages/plugin-react#consistent-components-exports
[2m5:23:04 a.m.[22m [36m[1m[vite][22m[39m [90m[2m(client)[22m[39m [32mhmr update [39m[2m/App.jsx[22m
[2m5:24:40 a.m.[22m [36m[1m[vite][22m[39m [90m[2m(client)[22m[39m [32mhmr update [39m[2m/slides/slide08.jsx[22m
[2m5:24:40 a.m.[22m [36m[1m[vite][22m[39m [90m[2m(client)[22m[39m [33mhmr invalidate [39m[2m/slides/slide08.jsx[22m Could not Fast Refresh ("default" export is incompatible). Learn more at https://github.com/vitejs/vite-plugin-react/tree/main/packages/plugin-react#consistent-components-exports
[2m5:24:40 a.m.[22m [36m[1m[vite][22m[39m [90m[2m(client)[22m[39m [32mhmr update [39m[2m/App.jsx[22m
[2m5:25:44 a.m.[22m [36m[1m[vite][22m[39m [90m[2m(client)[22m[39m [32mhmr update [39m[2m/slides/slide08.jsx[22m
[2m5:25:44 a.m.[22m [36m[1m[vite][22m[39m [90m[2m(client)[22m[39m [33mhmr invalidate [39m[2m/slides/slide08.jsx[22m Could not Fast Refresh ("default" export is incompatible). Learn more at https://github.com/vitejs/vite-plugin-react/tree/main/packages/plugin-react#consistent-components-exports
[2m5:25:44 a.m.[22m [36m[1m[vite][22m[39m [90m[2m(client)[22m[39m [32mhmr update [39m[2m/App.jsx[22m
[2m5:30:17 a.m.[22m [36m[1m[vite][22m[39m [90m[2m(client)[22m[39m [32mhmr update [39m[2m/slides/slide08.jsx[22m
[2m5:30:17 a.m.[22m [36m[1m[vite][22m[39m [90m[2m(client)[22m[39m [33mhmr invalidate [39m[2m/slides/slide08.jsx[22m Could not Fast Refresh ("default" export is incompatible). Learn more at https://github.com/vitejs/vite-plugin-react/tree/main/packages/plugin-react#consistent-components-exports
[2m5:30:17 a.m.[22m [36m[1m[vite][22m[39m [90m[2m(client)[22m[39m [32mhmr update [39m[2m/App.jsx[22m
[2m5:32:03 a.m.[22m [36m[1m[vite][22m[39m [90m[2m(client)[22m[39m [32mhmr update [39m[2m/App.jsx[22m
[2m5:32:30 a.m.[22m [36m[1m[vite][22m[39m [90m[2m(client)[22m[39m [32mhmr update [39m[2m/App.jsx[22m
[2m5:34:48 a.m.[22m [36m[1m[vite][22m[39m [90m[2m(client)[22m[39m [32mhmr update [39m[2m/slides/slide11.jsx[22m
[2m5:34:48 a.m.[22m [36m[1m[vite][22m[39m [90m[2m(client)[22m[39m [33mhmr invalidate [39m[2m/slides/slide11.jsx[22m Could not Fast Refresh ("default" export is incompatible). Learn more at https://github.com/vitejs/vite-plugin-react/tree/main/packages/plugin-react#consistent-components-exports
[2m5:34:48 a.m.[22m [36m[1m[vite][22m[39m [90m[2m(client)[22m[39m [32mhmr update [39m[2m/App.jsx[22m
[2m5:34:54 a.m.[22m [36m[1m[vite][22m[39m [90m[2m(client)[22m[39m [32mhmr update [39m[2m/slides/slide11.jsx[22m
[2m5:34:54 a.m.[22m [36m[1m[vite][22m[39m [90m[2m(client)[22m[39m [33mhmr invalidate [39m[2m/slides/slide11.jsx[22m Could not Fast Refresh ("default" export is incompatible). Learn more at https://github.com/vitejs/vite-plugin-react/tree/main/packages/plugin-react#consistent-components-exports
[2m5:34:54 a.m.[22m [36m[1m[vite][22m[39m [90m[2m(client)[22m[39m [32mhmr update [39m[2m/App.jsx[22m
[2m5:36:26 a.m.[22m [36m[1m[vite][22m[39m [90m[2m(client)[22m[39m [32mhmr update [39m[2m/slides/slide09.jsx[22m
[2m5:36:26 a.m.[22m [36m[1m[vite][22m[39m [90m[2m(client)[22m[39m [33mhmr invalidate [39m[2m/slides/slide09.jsx[22m Could not Fast Refresh ("default" export is incompatible). Learn more at https://github.com/vitejs/vite-plugin-react/tree/main/packages/plugin-react#consistent-components-exports
[2m5:36:26 a.m.[22m [36m[1m[vite][22m[39m [90m[2m(client)[22m[39m [32mhmr update [39m[2m/App.jsx[22m
[2m5:38:27 a.m.[22m [36m[1m[vite][22m[39m [90m[2m(client)[22m[39m [32mhmr update [39m[2m/slides/slide09.jsx[22m
[2m5:39:06 a.m.[22m [36m[1m[vite][22m[39m [90m[2m(client)[22m[39m [32mhmr update [39m[2m/slides/slide09.jsx[22m
[2m5:39:06 a.m.[22m [36m[1m[vite][22m[39m [90m[2m(client)[22m[39m [33mhmr invalidate [39m[2m/slides/slide09.jsx[22m Could not Fast Refresh ("default" export is incompatible). Learn more at https://github.com/vitejs/vite-plugin-react/tree/main/packages/plugin-react#consistent-components-exports
[2m5:39:06 a.m.[22m [36m[1m[vite][22m[39m [90m[2m(client)[22m[39m [32mhmr update [39m[2m/App.jsx[22m
[2m5:39:44 a.m.[22m [36m[1m[vite][22m[39m [90m[2m(client)[22m[39m [32mhmr update [39m[2m/slides/slide08.jsx[22m
[2m5:39:44 a.m.[22m [36m[1m[vite][22m[39m [90m[2m(client)[22m[39m [33mhmr invalidate [39m[2m/slides/slide08.jsx[22m Could not Fast Refresh ("default" export is incompatible). Learn more at https://github.com/vitejs/vite-plugin-react/tree/main/packages/plugin-react#consistent-components-exports
[2m5:39:44 a.m.[22m [36m[1m[vite][22m[39m [90m[2m(client)[22m[39m [32mhmr update [39m[2m/App.jsx[22m
[2m5:41:28 a.m.[22m [36m[1m[vite][22m[39m [90m[2m(client)[22m[39m [32mhmr update [39m[2m/slides/slide09.jsx[22m
[2m5:41:28 a.m.[22m [36m[1m[vite][22m[39m [90m[2m(client)[22m[39m [33mhmr invalidate [39m[2m/slides/slide09.jsx[22m Could not Fast Refresh ("default" export is incompatible). Learn more at https://github.com/vitejs/vite-plugin-react/tree/main/packages/plugin-react#consistent-components-exports
[2m5:41:28 a.m.[22m [36m[1m[vite][22m[39m [90m[2m(client)[22m[39m [32mhmr update [39m[2m/App.jsx[22m
[2m5:43:30 a.m.[22m [36m[1m[vite][22m[39m [90m[2m(client)[22m[39m [32mhmr update [39m[2m/slides/slide08.jsx[22m
[2m5:43:30 a.m.[22m [36m[1m[vite][22m[39m [90m[2m(client)[22m[39m [33mhmr invalidate [39m[2m/slides/slide08.jsx[22m Could not Fast Refresh ("default" export is incompatible). Learn more at https://github.com/vitejs/vite-plugin-react/tree/main/packages/plugin-react#consistent-components-exports
[2m5:43:30 a.m.[22m [36m[1m[vite][22m[39m [90m[2m(client)[22m[39m [32mhmr update [39m[2m/App.jsx[22m
[2m5:45:21 a.m.[22m [36m[1m[vite][22m[39m [90m[2m(client)[22m[39m [32mhmr update [39m[2m/slides/slide08.jsx[22m
[2m5:46:01 a.m.[22m [36m[1m[vite][22m[39m [90m[2m(client)[22m[39m [32mhmr update [39m[2m/slides/slide08.jsx[22m
[2m5:46:01 a.m.[22m [36m[1m[vite][22m[39m [90m[2m(client)[22m[39m [33mhmr invalidate [39m[2m/slides/slide08.jsx[22m Could not Fast Refresh ("default" export is incompatible). Learn more at https://github.com/vitejs/vite-plugin-react/tree/main/packages/plugin-react#consistent-components-exports
[2m5:46:01 a.m.[22m [36m[1m[vite][22m[39m [90m[2m(client)[22m[39m [32mhmr update [39m[2m/App.jsx[22m
[2m5:51:16 a.m.[22m [36m[1m[vite][22m[39m [90m[2m(client)[22m[39m [32mhmr update [39m[2m/slides/slide10.jsx[22m
[2m5:51:16 a.m.[22m [36m[1m[vite][22m[39m [90m[2m(client)[22m[39m [33mhmr invalidate [39m[2m/slides/slide10.jsx[22m Could not Fast Refresh ("default" export is incompatible). Learn more at https://github.com/vitejs/vite-plugin-react/tree/main/packages/plugin-react#consistent-components-exports
[2m5:51:16 a.m.[22m [36m[1m[vite][22m[39m [90m[2m(client)[22m[39m [32mhmr update [39m[2m/App.jsx[22m
[2m5:51:40 a.m.[22m [36m[1m[vite][22m[39m [90m[2m(client)[22m[39m [32mhmr update [39m[2m/slides/slide10.jsx[22m
[2m5:51:40 a.m.[22m [36m[1m[vite][22m[39m [90m[2m(client)[22m[39m [33mhmr invalidate [39m[2m/slides/slide10.jsx[22m Could not Fast Refresh ("default" export is incompatible). Learn more at https://github.com/vitejs/vite-plugin-react/tree/main/packages/plugin-react#consistent-components-exports
[2m5:51:40 a.m.[22m [36m[1m[vite][22m[39m [90m[2m(client)[22m[39m [32mhmr update [39m[2m/App.jsx[22m
[2m5:51:40 a.m.[22m [36m[1m[vite][22m[39m [90m[2m(client)[22m[39m [32mhmr update [39m[2m/slides/slide10.jsx[22m
[2m5:51:40 a.m.[22m [36m[1m[vite][22m[39m [90m[2m(client)[22m[39m [33mhmr invalidate [39m[2m/slides/slide10.jsx[22m Could not Fast Refresh ("default" export is incompatible). Learn more at https://github.com/vitejs/vite-plugin-react/tree/main/packages/plugin-react#consistent-components-exports
[2m5:51:40 a.m.[22m [36m[1m[vite][22m[39m [90m[2m(client)[22m[39m [32mhmr update [39m[2m/App.jsx[22m
[2m5:52:31 a.m.[22m [36m[1m[vite][22m[39m [90m[2m(client)[22m[39m [32mhmr update [39m[2m/slides/slide10.jsx[22m
[2m5:52:31 a.m.[22m [36m[1m[vite][22m[39m [90m[2m(client)[22m[39m [33mhmr invalidate [39m[2m/slides/slide10.jsx[22m Could not Fast Refresh ("default" export is incompatible). Learn more at https://github.com/vitejs/vite-plugin-react/tree/main/packages/plugin-react#consistent-components-exports
[2m5:52:31 a.m.[22m [36m[1m[vite][22m[39m [90m[2m(client)[22m[39m [32mhmr update [39m[2m/App.jsx[22m
[2m5:53:57 a.m.[22m [36m[1m[vite][22m[39m [90m[2m(client)[22m[39m [32mhmr update [39m[2m/slides/slide10.jsx[22m
[2m5:53:57 a.m.[22m [36m[1m[vite][22m[39m [90m[2m(client)[22m[39m [33mhmr invalidate [39m[2m/slides/slide10.jsx[22m Could not Fast Refresh ("default" export is incompatible). Learn more at https://github.com/vitejs/vite-plugin-react/tree/main/packages/plugin-react#consistent-components-exports
[2m5:53:57 a.m.[22m [36m[1m[vite][22m[39m [90m[2m(client)[22m[39m [32mhmr update [39m[2m/App.jsx[22m
[2m5:53:58 a.m.[22m [36m[1m[vite][22m[39m [90m[2m(client)[22m[39m [32mhmr update [39m[2m/slides/slide10.jsx[22m
[2m5:53:58 a.m.[22m [36m[1m[vite][22m[39m [90m[2m(client)[22m[39m [33mhmr invalidate [39m[2m/slides/slide10.jsx[22m Could not Fast Refresh ("default" export is incompatible). Learn more at https://github.com/vitejs/vite-plugin-react/tree/main/packages/plugin-react#consistent-components-exports
[2m5:53:58 a.m.[22m [36m[1m[vite][22m[39m [90m[2m(client)[22m[39m [32mhmr update [39m[2m/App.jsx[22m
[2m5:53:59 a.m.[22m [36m[1m[vite][22m[39m [90m[2m(client)[22m[39m [32mhmr update [39m[2m/slides/slide10.jsx[22m
[2m5:53:59 a.m.[22m [36m[1m[vite][22m[39m [90m[2m(client)[22m[39m [33mhmr invalidate [39m[2m/slides/slide10.jsx[22m Could not Fast Refresh ("default" export is incompatible). Learn more at https://github.com/vitejs/vite-plugin-react/tree/main/packages/plugin-react#consistent-components-exports
[2m5:53:59 a.m.[22m [36m[1m[vite][22m[39m [90m[2m(client)[22m[39m [32mhmr update [39m[2m/App.jsx[22m
[2m5:53:59 a.m.[22m [36m[1m[vite][22m[39m [90m[2m(client)[22m[39m [32mhmr update [39m[2m/slides/slide10.jsx[22m
[2m5:53:59 a.m.[22m [36m[1m[vite][22m[39m [90m[2m(client)[22m[39m [33mhmr invalidate [39m[2m/slides/slide10.jsx[22m Could not Fast Refresh ("default" export is incompatible). Learn more at https://github.com/vitejs/vite-plugin-react/tree/main/packages/plugin-react#consistent-components-exports
[2m5:53:59 a.m.[22m [36m[1m[vite][22m[39m [90m[2m(client)[22m[39m [32mhmr update [39m[2m/App.jsx[22m
[2m5:55:03 a.m.[22m [36m[1m[vite][22m[39m [90m[2m(client)[22m[39m [32mhmr update [39m[2m/slides/slide10.jsx[22m
[2m5:55:03 a.m.[22m [36m[1m[vite][22m[39m [90m[2m(client)[22m[39m [33mhmr invalidate [39m[2m/slides/slide10.jsx[22m Could not Fast Refresh ("default" export is incompatible). Learn more at https://github.com/vitejs/vite-plugin-react/tree/main/packages/plugin-react#consistent-components-exports
[2m5:55:03 a.m.[22m [36m[1m[vite][22m[39m [90m[2m(client)[22m[39m [32mhmr update [39m[2m/App.jsx[22m
[2m5:55:10 a.m.[22m [36m[1m[vite][22m[39m [90m[2m(client)[22m[39m [32mhmr update [39m[2m/slides/slide10.jsx[22m
[2m5:55:10 a.m.[22m [36m[1m[vite][22m[39m [90m[2m(client)[22m[39m [33mhmr invalidate [39m[2m/slides/slide10.jsx[22m Could not Fast Refresh ("default" export is incompatible). Learn more at https://github.com/vitejs/vite-plugin-react/tree/main/packages/plugin-react#consistent-components-exports
[2m5:55:10 a.m.[22m [36m[1m[vite][22m[39m [90m[2m(client)[22m[39m [32mhmr update [39m[2m/App.jsx[22m
[2m5:55:10 a.m.[22m [36m[1m[vite][22m[39m [90m[2m(client)[22m[39m [32mhmr update [39m[2m/slides/slide10.jsx[22m
[2m5:55:10 a.m.[22m [36m[1m[vite][22m[39m [90m[2m(client)[22m[39m [33mhmr invalidate [39m[2m/slides/slide10.jsx[22m Could not Fast Refresh ("default" export is incompatible). Learn more at https://github.com/vitejs/vite-plugin-react/tree/main/packages/plugin-react#consistent-components-exports
[2m5:55:10 a.m.[22m [36m[1m[vite][22m[39m [90m[2m(client)[22m[39m [32mhmr update [39m[2m/App.jsx[22m
[2m5:55:11 a.m.[22m [36m[1m[vite][22m[39m [90m[2m(client)[22m[39m [32mhmr update [39m[2m/slides/slide10.jsx[22m
[2m5:55:11 a.m.[22m [36m[1m[vite][22m[39m [90m[2m(client)[22m[39m [33mhmr invalidate [39m[2m/slides/slide10.jsx[22m Could not Fast Refresh ("default" export is incompatible). Learn more at https://github.com/vitejs/vite-plugin-react/tree/main/packages/plugin-react#consistent-components-exports
[2m5:55:11 a.m.[22m [36m[1m[vite][22m[39m [90m[2m(client)[22m[39m [32mhmr update [39m[2m/App.jsx[22m
[2m5:55:11 a.m.[22m [36m[1m[vite][22m[39m [90m[2m(client)[22m[39m [32mhmr update [39m[2m/slides/slide10.jsx[22m
[2m5:55:11 a.m.[22m [36m[1m[vite][22m[39m [90m[2m(client)[22m[39m [33mhmr invalidate [39m[2m/slides/slide10.jsx[22m Could not Fast Refresh ("default" export is incompatible). Learn more at https://github.com/vitejs/vite-plugin-react/tree/main/packages/plugin-react#consistent-components-exports
[2m5:55:11 a.m.[22m [36m[1m[vite][22m[39m [90m[2m(client)[22m[39m [32mhmr update [39m[2m/App.jsx[22m
[2m5:55:11 a.m.[22m [36m[1m[vite][22m[39m [90m[2m(client)[22m[39m [32mhmr update [39m[2m/slides/slide10.jsx[22m
[2m5:55:11 a.m.[22m [36m[1m[vite][22m[39m [90m[2m(client)[22m[39m [33mhmr invalidate [39m[2m/slides/slide10.jsx[22m Could not Fast Refresh ("default" export is incompatible). Learn more at https://github.com/vitejs/vite-plugin-react/tree/main/packages/plugin-react#consistent-components-exports
[2m5:55:11 a.m.[22m [36m[1m[vite][22m[39m [90m[2m(client)[22m[39m [32mhmr update [39m[2m/App.jsx[22m
[2m5:57:05 a.m.[22m [36m[1m[vite][22m[39m [90m[2m(client)[22m[39m [32mhmr update [39m[2m/slides/slide10.jsx[22m
[2m5:57:32 a.m.[22m [36m[1m[vite][22m[39m [90m[2m(client)[22m[39m [32mhmr update [39m[2m/slides/slide10.jsx[22m
[2m5:57:32 a.m.[22m [36m[1m[vite][22m[39m [90m[2m(client)[22m[39m [33mhmr invalidate [39m[2m/slides/slide10.jsx[22m Could not Fast Refresh ("default" export is incompatible). Learn more at https://github.com/vitejs/vite-plugin-react/tree/main/packages/plugin-react#consistent-components-exports
[2m5:57:32 a.m.[22m [36m[1m[vite][22m[39m [90m[2m(client)[22m[39m [32mhmr update [39m[2m/App.jsx[22m
[2m5:57:45 a.m.[22m [36m[1m[vite][22m[39m [90m[2m(client)[22m[39m [32mhmr update [39m[2m/slides/slide11.jsx[22m
[2m5:58:27 a.m.[22m [36m[1m[vite][22m[39m [90m[2m(client)[22m[39m [32mhmr update [39m[2m/slides/slide11.jsx[22m
[2m5:58:27 a.m.[22m [36m[1m[vite][22m[39m [90m[2m(client)[22m[39m [33mhmr invalidate [39m[2m/slides/slide11.jsx[22m Could not Fast Refresh ("default" export is incompatible). Learn more at https://github.com/vitejs/vite-plugin-react/tree/main/packages/plugin-react#consistent-components-exports
[2m5:58:27 a.m.[22m [36m[1m[vite][22m[39m [90m[2m(client)[22m[39m [32mhmr update [39m[2m/App.jsx[22m
[2m6:02:26 a.m.[22m [36m[1m[vite][22m[39m [90m[2m(client)[22m[39m [32mhmr update [39m[2m/slides/slide10.jsx[22m
[2m6:02:26 a.m.[22m [36m[1m[vite][22m[39m [90m[2m(client)[22m[39m [33mhmr invalidate [39m[2m/slides/slide10.jsx[22m Could not Fast Refresh ("default" export is incompatible). Learn more at https://github.com/vitejs/vite-plugin-react/tree/main/packages/plugin-react#consistent-components-exports
[2m6:02:26 a.m.[22m [36m[1m[vite][22m[39m [90m[2m(client)[22m[39m [32mhmr update [39m[2m/App.jsx[22m
[2m6:03:37 a.m.[22m [36m[1m[vite][22m[39m [90m[2m(client)[22m[39m [32mhmr update [39m[2m/slides/slide10.jsx[22m
[2m6:03:37 a.m.[22m [36m[1m[vite][22m[39m [90m[2m(client)[22m[39m [33mhmr invalidate [39m[2m/slides/slide10.jsx[22m Could not Fast Refresh ("default" export is incompatible). Learn more at https://github.com/vitejs/vite-plugin-react/tree/main/packages/plugin-react#consistent-components-exports
[2m6:03:37 a.m.[22m [36m[1m[vite][22m[39m [90m[2m(client)[22m[39m [32mhmr update [39m[2m/App.jsx[22m
[2m6:03:37 a.m.[22m [36m[1m[vite][22m[39m [90m[2m(client)[22m[39m [32mhmr update [39m[2m/slides/slide10.jsx[22m
[2m6:03:37 a.m.[22m [36m[1m[vite][22m[39m [90m[2m(client)[22m[39m [33mhmr invalidate [39m[2m/slides/slide10.jsx[22m Could not Fast Refresh ("default" export is incompatible). Learn more at https://github.com/vitejs/vite-plugin-react/tree/main/packages/plugin-react#consistent-components-exports
[2m6:03:37 a.m.[22m [36m[1m[vite][22m[39m [90m[2m(client)[22m[39m [32mhmr update [39m[2m/App.jsx[22m
[2m6:05:45 a.m.[22m [36m[1m[vite][22m[39m [90m[2m(client)[22m[39m [32mhmr update [39m[2m/slides/slide11.jsx[22m
[2m6:05:45 a.m.[22m [36m[1m[vite][22m[39m [90m[2m(client)[22m[39m [33mhmr invalidate [39m[2m/slides/slide11.jsx[22m Could not Fast Refresh ("default" export is incompatible). Learn more at https://github.com/vitejs/vite-plugin-react/tree/main/packages/plugin-react#consistent-components-exports
[2m6:05:45 a.m.[22m [36m[1m[vite][22m[39m [90m[2m(client)[22m[39m [32mhmr update [39m[2m/App.jsx[22m
[2m6:05:45 a.m.[22m [36m[1m[vite][22m[39m [90m[2m(client)[22m[39m [32mhmr update [39m[2m/slides/slide11.jsx[22m
[2m6:05:45 a.m.[22m [36m[1m[vite][22m[39m [90m[2m(client)[22m[39m [33mhmr invalidate [39m[2m/slides/slide11.jsx[22m Could not Fast Refresh ("default" export is incompatible). Learn more at https://github.com/vitejs/vite-plugin-react/tree/main/packages/plugin-react#consistent-components-exports
[2m6:05:45 a.m.[22m [36m[1m[vite][22m[39m [90m[2m(client)[22m[39m [32mhmr update [39m[2m/App.jsx[22m
[2m6:07:34 a.m.[22m [36m[1m[vite][22m[39m [90m[2m(client)[22m[39m [32mhmr update [39m[2m/slides/slide11.jsx[22m
[2m6:07:34 a.m.[22m [36m[1m[vite][22m[39m [90m[2m(client)[22m[39m [33mhmr invalidate [39m[2m/slides/slide11.jsx[22m Could not Fast Refresh ("default" export is incompatible). Learn more at https://github.com/vitejs/vite-plugin-react/tree/main/packages/plugin-react#consistent-components-exports
[2m6:07:34 a.m.[22m [36m[1m[vite][22m[39m [90m[2m(client)[22m[39m [32mhmr update [39m[2m/App.jsx[22m
[2m6:07:47 a.m.[22m [36m[1m[vite][22m[39m [90m[2m(client)[22m[39m [32mhmr update [39m[2m/slides/slide11.jsx[22m
[2m6:07:47 a.m.[22m [36m[1m[vite][22m[39m [90m[2m(client)[22m[39m [33mhmr invalidate [39m[2m/slides/slide11.jsx[22m Could not Fast Refresh ("default" export is incompatible). Learn more at https://github.com/vitejs/vite-plugin-react/tree/main/packages/plugin-react#consistent-components-exports
[2m6:07:47 a.m.[22m [36m[1m[vite][22m[39m [90m[2m(client)[22m[39m [32mhmr update [39m[2m/App.jsx[22m
[2m6:07:51 a.m.[22m [36m[1m[vite][22m[39m [90m[2m(client)[22m[39m [32mhmr update [39m[2m/slides/slide11.jsx[22m
[2m6:07:51 a.m.[22m [36m[1m[vite][22m[39m [90m[2m(client)[22m[39m [33mhmr invalidate [39m[2m/slides/slide11.jsx[22m Could not Fast Refresh ("default" export is incompatible). Learn more at https://github.com/vitejs/vite-plugin-react/tree/main/packages/plugin-react#consistent-components-exports
[2m6:07:51 a.m.[22m [36m[1m[vite][22m[39m [90m[2m(client)[22m[39m [32mhmr update [39m[2m/App.jsx[22m
[2m6:07:59 a.m.[22m [36m[1m[vite][22m[39m [90m[2m(client)[22m[39m [32mhmr update [39m[2m/slides/slide11.jsx[22m
[2m6:07:59 a.m.[22m [36m[1m[vite][22m[39m [90m[2m(client)[22m[39m [33mhmr invalidate [39m[2m/slides/slide11.jsx[22m Could not Fast Refresh ("default" export is incompatible). Learn more at https://github.com/vitejs/vite-plugin-react/tree/main/packages/plugin-react#consistent-components-exports
[2m6:07:59 a.m.[22m [36m[1m[vite][22m[39m [90m[2m(client)[22m[39m [32mhmr update [39m[2m/App.jsx[22m
[2m6:08:01 a.m.[22m [36m[1m[vite][22m[39m [90m[2m(client)[22m[39m [32mhmr update [39m[2m/slides/slide11.jsx[22m
[2m6:08:01 a.m.[22m [36m[1m[vite][22m[39m [90m[2m(client)[22m[39m [33mhmr invalidate [39m[2m/slides/slide11.jsx[22m Could not Fast Refresh ("default" export is incompatible). Learn more at https://github.com/vitejs/vite-plugin-react/tree/main/packages/plugin-react#consistent-components-exports
[2m6:08:01 a.m.[22m [36m[1m[vite][22m[39m [90m[2m(client)[22m[39m [32mhmr update [39m[2m/App.jsx[22m
[2m6:08:05 a.m.[22m [36m[1m[vite][22m[39m [90m[2m(client)[22m[39m [32mhmr update [39m[2m/slides/slide11.jsx[22m
[2m6:08:05 a.m.[22m [36m[1m[vite][22m[39m [90m[2m(client)[22m[39m [33mhmr invalidate [39m[2m/slides/slide11.jsx[22m Could not Fast Refresh ("default" export is incompatible). Learn more at https://github.com/vitejs/vite-plugin-react/tree/main/packages/plugin-react#consistent-components-exports
[2m6:08:05 a.m.[22m [36m[1m[vite][22m[39m [90m[2m(client)[22m[39m [32mhmr update [39m[2m/App.jsx[22m
[2m6:08:07 a.m.[22m [36m[1m[vite][22m[39m [90m[2m(client)[22m[39m [32mhmr update [39m[2m/slides/slide11.jsx[22m
[2m6:08:07 a.m.[22m [36m[1m[vite][22m[39m [90m[2m(client)[22m[39m [33mhmr invalidate [39m[2m/slides/slide11.jsx[22m Could not Fast Refresh ("default" export is incompatible). Learn more at https://github.com/vitejs/vite-plugin-react/tree/main/packages/plugin-react#consistent-components-exports
[2m6:08:07 a.m.[22m [36m[1m[vite][22m[39m [90m[2m(client)[22m[39m [32mhmr update [39m[2m/App.jsx[22m
[2m6:08:39 a.m.[22m [36m[1m[vite][22m[39m [90m[2m(client)[22m[39m [32mhmr update [39m[2m/slides/slide11.jsx[22m
[2m6:08:39 a.m.[22m [36m[1m[vite][22m[39m [90m[2m(client)[22m[39m [33mhmr invalidate [39m[2m/slides/slide11.jsx[22m Could not Fast Refresh ("default" export is incompatible). Learn more at https://github.com/vitejs/vite-plugin-react/tree/main/packages/plugin-react#consistent-components-exports
[2m6:08:39 a.m.[22m [36m[1m[vite][22m[39m [90m[2m(client)[22m[39m [32mhmr update [39m[2m/App.jsx[22m
[2m6:09:13 a.m.[22m [36m[1m[vite][22m[39m [90m[2m(client)[22m[39m [32mhmr update [39m[2m/slides/slide11.jsx[22m
[2m6:09:13 a.m.[22m [36m[1m[vite][22m[39m [90m[2m(client)[22m[39m [33mhmr invalidate [39m[2m/slides/slide11.jsx[22m Could not Fast Refresh ("default" export is incompatible). Learn more at https://github.com/vitejs/vite-plugin-react/tree/main/packages/plugin-react#consistent-components-exports
[2m6:09:13 a.m.[22m [36m[1m[vite][22m[39m [90m[2m(client)[22m[39m [32mhmr update [39m[2m/App.jsx[22m
[2m6:09:37 a.m.[22m [36m[1m[vite][22m[39m [90m[2m(client)[22m[39m [32mhmr update [39m[2m/slides/slide11.jsx[22m
[2m6:09:37 a.m.[22m [36m[1m[vite][22m[39m [90m[2m(client)[22m[39m [33mhmr invalidate [39m[2m/slides/slide11.jsx[22m Could not Fast Refresh ("default" export is incompatible). Learn more at https://github.com/vitejs/vite-plugin-react/tree/main/packages/plugin-react#consistent-components-exports
[2m6:09:37 a.m.[22m [36m[1m[vite][22m[39m [90m[2m(client)[22m[39m [32mhmr update [39m[2m/App.jsx[22m
[2m6:10:11 a.m.[22m [36m[1m[vite][22m[39m [90m[2m(client)[22m[39m [32mhmr update [39m[2m/slides/slide11.jsx[22m
[2m6:10:11 a.m.[22m [36m[1m[vite][22m[39m [90m[2m(client)[22m[39m [33mhmr invalidate [39m[2m/slides/slide11.jsx[22m Could not Fast Refresh ("default" export is incompatible). Learn more at https://github.com/vitejs/vite-plugin-react/tree/main/packages/plugin-react#consistent-components-exports
[2m6:10:11 a.m.[22m [36m[1m[vite][22m[39m [90m[2m(client)[22m[39m [32mhmr update [39m[2m/App.jsx[22m
[2m6:10:15 a.m.[22m [36m[1m[vite][22m[39m [90m[2m(client)[22m[39m [32mhmr update [39m[2m/slides/slide11.jsx[22m
[2m6:10:15 a.m.[22m [36m[1m[vite][22m[39m [90m[2m(client)[22m[39m [33mhmr invalidate [39m[2m/slides/slide11.jsx[22m Could not Fast Refresh ("default" export is incompatible). Learn more at https://github.com/vitejs/vite-plugin-react/tree/main/packages/plugin-react#consistent-components-exports
[2m6:10:15 a.m.[22m [36m[1m[vite][22m[39m [90m[2m(client)[22m[39m [32mhmr update [39m[2m/App.jsx[22m
[2m6:14:44 a.m.[22m [36m[1m[vite][22m[39m [90m[2m(client)[22m[39m [32mhmr update [39m[2m/App.jsx[22m
[2m6:17:14 a.m.[22m [36m[1m[vite][22m[39m [90m[2m(client)[22m[39m [32mhmr update [39m[2m/slides/slide12.jsx[22m
[2m6:17:14 a.m.[22m [36m[1m[vite][22m[39m [90m[2m(client)[22m[39m [33mhmr invalidate [39m[2m/slides/slide12.jsx[22m Could not Fast Refresh ("default" export is incompatible). Learn more at https://github.com/vitejs/vite-plugin-react/tree/main/packages/plugin-react#consistent-components-exports
[2m6:17:14 a.m.[22m [36m[1m[vite][22m[39m [90m[2m(client)[22m[39m [32mhmr update [39m[2m/App.jsx[22m
[2m6:22:23 a.m.[22m [36m[1m[vite][22m[39m [90m[2m(client)[22m[39m [32mhmr update [39m[2m/App.jsx[22m
[2m6:23:52 a.m.[22m [36m[1m[vite][22m[39m [90m[2m(client)[22m[39m [32mhmr update [39m[2m/App.jsx[22m
[2m6:24:21 a.m.[22m [36m[1m[vite][22m[39m [90m[2m(client)[22m[39m [32mhmr update [39m[2m/App.jsx[22m
[2m6:27:24 a.m.[22m [36m[1m[vite][22m[39m [90m[2m(client)[22m[39m [32mhmr update [39m[2m/App.jsx[22m
[2m6:32:16 a.m.[22m [36m[1m[vite][22m[39m [90m[2m(client)[22m[39m [32mhmr update [39m[2m/App.jsx[22m
[2m6:38:16 a.m.[22m [36m[1m[vite][22m[39m [90m[2m(client)[22m[39m [32mhmr update [39m[2m/App.jsx[22m
[2m6:38:19 a.m.[22m [36m[1m[vite][22m[39m [90m[2m(client)[22m[39m [32mhmr update [39m[2m/slides/slide14.jsx[22m
[2m6:38:19 a.m.[22m [36m[1m[vite][22m[39m [90m[2m(client)[22m[39m [33mhmr invalidate [39m[2m/slides/slide14.jsx[22m Could not Fast Refresh ("default" export is incompatible). Learn more at https://github.com/vitejs/vite-plugin-react/tree/main/packages/plugin-react#consistent-components-exports
[2m6:38:19 a.m.[22m [36m[1m[vite][22m[39m [90m[2m(client)[22m[39m [32mhmr update [39m[2m/App.jsx[22m
[2m6:38:20 a.m.[22m [36m[1m[vite][22m[39m [90m[2m(client)[22m[39m [32mhmr update [39m[2m/slides/slide14.jsx[22m
[2m6:38:20 a.m.[22m [36m[1m[vite][22m[39m [90m[2m(client)[22m[39m [33mhmr invalidate [39m[2m/slides/slide14.jsx[22m Could not Fast Refresh ("default" export is incompatible). Learn more at https://github.com/vitejs/vite-plugin-react/tree/main/packages/plugin-react#consistent-components-exports
[2m6:38:20 a.m.[22m [36m[1m[vite][22m[39m [90m[2m(client)[22m[39m [32mhmr update [39m[2m/App.jsx[22m
[2m6:38:21 a.m.[22m [36m[1m[vite][22m[39m [90m[2m(client)[22m[39m [32mhmr update [39m[2m/slides/slide14.jsx[22m
[2m6:38:21 a.m.[22m [36m[1m[vite][22m[39m [90m[2m(client)[22m[39m [33mhmr invalidate [39m[2m/slides/slide14.jsx[22m Could not Fast Refresh ("default" export is incompatible). Learn more at https://github.com/vitejs/vite-plugin-react/tree/main/packages/plugin-react#consistent-components-exports
[2m6:38:21 a.m.[22m [36m[1m[vite][22m[39m [90m[2m(client)[22m[39m [32mhmr update [39m[2m/App.jsx[22m
[2m6:41:16 a.m.[22m [36m[1m[vite][22m[39m [90m[2m(client)[22m[39m [32mhmr update [39m[2m/slides/slide04.jsx[22m
[2m6:41:16 a.m.[22m [36m[1m[vite][22m[39m [90m[2m(client)[22m[39m [33mhmr invalidate [39m[2m/slides/slide04.jsx[22m Could not Fast Refresh ("default" export is incompatible). Learn more at https://github.com/vitejs/vite-plugin-react/tree/main/packages/plugin-react#consistent-components-exports
[2m6:41:16 a.m.[22m [36m[1m[vite][22m[39m [90m[2m(client)[22m[39m [32mhmr update [39m[2m/App.jsx[22m
[2m6:45:23 a.m.[22m [36m[1m[vite][22m[39m [90m[2m(client)[22m[39m [32mhmr update [39m[2m/slides/slide04.jsx[22m
[2m6:45:23 a.m.[22m [36m[1m[vite][22m[39m [90m[2m(client)[22m[39m [33mhmr invalidate [39m[2m/slides/slide04.jsx[22m Could not Fast Refresh ("default" export is incompatible). Learn more at https://github.com/vitejs/vite-plugin-react/tree/main/packages/plugin-react#consistent-components-exports
[2m6:45:23 a.m.[22m [36m[1m[vite][22m[39m [90m[2m(client)[22m[39m [32mhmr update [39m[2m/App.jsx[22m
[2m6:45:29 a.m.[22m [36m[1m[vite][22m[39m [90m[2m(client)[22m[39m [32mhmr update [39m[2m/slides/slide04.jsx[22m
[2m6:45:30 a.m.[22m [36m[1m[vite][22m[39m [90m[2m(client)[22m[39m [33mhmr invalidate [39m[2m/slides/slide04.jsx[22m Could not Fast Refresh ("default" export is incompatible). Learn more at https://github.com/vitejs/vite-plugin-react/tree/main/packages/plugin-react#consistent-components-exports
[2m6:45:30 a.m.[22m [36m[1m[vite][22m[39m [90m[2m(client)[22m[39m [32mhmr update [39m[2m/App.jsx[22m
[2m6:45:37 a.m.[22m [36m[1m[vite][22m[39m [90m[2m(client)[22m[39m [32mhmr update [39m[2m/slides/slide04.jsx[22m
[2m6:45:37 a.m.[22m [36m[1m[vite][22m[39m [90m[2m(client)[22m[39m [33mhmr invalidate [39m[2m/slides/slide04.jsx[22m Could not Fast Refresh ("default" export is incompatible). Learn more at https://github.com/vitejs/vite-plugin-react/tree/main/packages/plugin-react#consistent-components-exports
[2m6:45:37 a.m.[22m [36m[1m[vite][22m[39m [90m[2m(client)[22m[39m [32mhmr update [39m[2m/App.jsx[22m
[2m6:45:42 a.m.[22m [36m[1m[vite][22m[39m [90m[2m(client)[22m[39m [32mhmr update [39m[2m/slides/slide04.jsx[22m
[2m6:45:42 a.m.[22m [36m[1m[vite][22m[39m [90m[2m(client)[22m[39m [33mhmr invalidate [39m[2m/slides/slide04.jsx[22m Could not Fast Refresh ("default" export is incompatible). Learn more at https://github.com/vitejs/vite-plugin-react/tree/main/packages/plugin-react#consistent-components-exports
[2m6:45:42 a.m.[22m [36m[1m[vite][22m[39m [90m[2m(client)[22m[39m [32mhmr update [39m[2m/App.jsx[22m
[2m6:50:47 a.m.[22m [36m[1m[vite][22m[39m [90m[2m(client)[22m[39m [32mhmr update [39m[2m/slides/slide04.jsx[22m
[2m6:50:47 a.m.[22m [36m[1m[vite][22m[39m [90m[2m(client)[22m[39m [33mhmr invalidate [39m[2m/slides/slide04.jsx[22m Could not Fast Refresh ("default" export is incompatible). Learn more at https://github.com/vitejs/vite-plugin-react/tree/main/packages/plugin-react#consistent-components-exports
[2m6:50:47 a.m.[22m [36m[1m[vite][22m[39m [90m[2m(client)[22m[39m [32mhmr update [39m[2m/App.jsx[22m
[2m6:54:59 a.m.[22m [36m[1m[vite][22m[39m [90m[2m(client)[22m[39m [32mhmr update [39m[2m/slides/slide04.jsx[22m
[2m6:54:59 a.m.[22m [36m[1m[vite][22m[39m [90m[2m(client)[22m[39m [33mhmr invalidate [39m[2m/slides/slide04.jsx[22m Could not Fast Refresh ("default" export is incompatible). Learn more at https://github.com/vitejs/vite-plugin-react/tree/main/packages/plugin-react#consistent-components-exports
[2m6:54:59 a.m.[22m [36m[1m[vite][22m[39m [90m[2m(client)[22m[39m [32mhmr update [39m[2m/App.jsx[22m
[2m6:55:11 a.m.[22m [36m[1m[vite][22m[39m [90m[2m(client)[22m[39m [32mhmr update [39m[2m/slides/slide04.jsx[22m
[2m6:55:11 a.m.[22m [36m[1m[vite][22m[39m [90m[2m(client)[22m[39m [33mhmr invalidate [39m[2m/slides/slide04.jsx[22m Could not Fast Refresh ("default" export is incompatible). Learn more at https://github.com/vitejs/vite-plugin-react/tree/main/packages/plugin-react#consistent-components-exports
[2m6:55:11 a.m.[22m [36m[1m[vite][22m[39m [90m[2m(client)[22m[39m [32mhmr update [39m[2m/App.jsx[22m
[2m6:55:28 a.m.[22m [36m[1m[vite][22m[39m [90m[2m(client)[22m[39m [32mhmr update [39m[2m/slides/slide04.jsx[22m
[2m6:55:28 a.m.[22m [36m[1m[vite][22m[39m [90m[2m(client)[22m[39m [33mhmr invalidate [39m[2m/slides/slide04.jsx[22m Could not Fast Refresh ("default" export is incompatible). Learn more at https://github.com/vitejs/vite-plugin-react/tree/main/packages/plugin-react#consistent-components-exports
[2m6:55:28 a.m.[22m [36m[1m[vite][22m[39m [90m[2m(client)[22m[39m [32mhmr update [39m[2m/App.jsx[22m
[2m6:55:30 a.m.[22m [36m[1m[vite][22m[39m [90m[2m(client)[22m[39m [32mhmr update [39m[2m/slides/slide11.jsx[22m
[2m6:55:31 a.m.[22m [36m[1m[vite][22m[39m [90m[2m(client)[22m[39m [32mhmr update [39m[2m/slides/slide12.jsx[22m
[2m6:55:31 a.m.[22m [36m[1m[vite][22m[39m [90m[2m(client)[22m[39m [32mhmr update [39m[2m/slides/slide13.jsx[22m
[2m6:55:32 a.m.[22m [36m[1m[vite][22m[39m [90m[2m(client)[22m[39m [32mhmr update [39m[2m/slides/slide14.jsx[22m
[2m6:56:13 a.m.[22m [36m[1m[vite][22m[39m [90m[2m(client)[22m[39m [32mhmr update [39m[2m/slides/slide11.jsx[22m
[2m6:56:13 a.m.[22m [36m[1m[vite][22m[39m [90m[2m(client)[22m[39m [33mhmr invalidate [39m[2m/slides/slide11.jsx[22m Could not Fast Refresh ("default" export is incompatible). Learn more at https://github.com/vitejs/vite-plugin-react/tree/main/packages/plugin-react#consistent-components-exports
[2m6:56:13 a.m.[22m [36m[1m[vite][22m[39m [90m[2m(client)[22m[39m [32mhmr update [39m[2m/App.jsx[22m
[2m6:56:14 a.m.[22m [36m[1m[vite][22m[39m [90m[2m(client)[22m[39m [32mhmr update [39m[2m/slides/slide12.jsx, /App.jsx[22m
[2m6:56:14 a.m.[22m [36m[1m[vite][22m[39m [90m[2m(client)[22m[39m [33mhmr invalidate [39m[2m/slides/slide12.jsx[22m Could not Fast Refresh ("default" export is incompatible). Learn more at https://github.com/vitejs/vite-plugin-react/tree/main/packages/plugin-react#consistent-components-exports
[2m6:56:14 a.m.[22m [36m[1m[vite][22m[39m [90m[2m(client)[22m[39m [32mhmr update [39m[2m/App.jsx[22m
[2m6:56:14 a.m.[22m [36m[1m[vite][22m[39m [90m[2m(client)[22m[39m [32mhmr update [39m[2m/slides/slide13.jsx, /App.jsx[22m
[2m6:56:14 a.m.[22m [36m[1m[vite][22m[39m [90m[2m(client)[22m[39m [33mhmr invalidate [39m[2m/slides/slide13.jsx[22m Could not Fast Refresh ("default" export is incompatible). Learn more at https://github.com/vitejs/vite-plugin-react/tree/main/packages/plugin-react#consistent-components-exports
[2m6:56:14 a.m.[22m [36m[1m[vite][22m[39m [90m[2m(client)[22m[39m [32mhmr update [39m[2m/App.jsx[22m
[2m6:56:14 a.m.[22m [36m[1m[vite][22m[39m [90m[2m(client)[22m[39m [32mhmr update [39m[2m/slides/slide14.jsx, /App.jsx[22m
[2m6:56:14 a.m.[22m [36m[1m[vite][22m[39m [90m[2m(client)[22m[39m [33mhmr invalidate [39m[2m/slides/slide14.jsx[22m Could not Fast Refresh ("default" export is incompatible). Learn more at https://github.com/vitejs/vite-plugin-react/tree/main/packages/plugin-react#consistent-components-exports
[2m6:56:15 a.m.[22m [36m[1m[vite][22m[39m [90m[2m(client)[22m[39m [32mhmr update [39m[2m/App.jsx[22m
[2m7:01:05 a.m.[22m [36m[1m[vite][22m[39m [90m[2m(client)[22m[39m [32mhmr update [39m[2m/slides/slide08.jsx[22m
[2m7:01:05 a.m.[22m [36m[1m[vite][22m[39m [90m[2m(client)[22m[39m [33mhmr invalidate [39m[2m/slides/slide08.jsx[22m Could not Fast Refresh ("default" export is incompatible). Learn more at https://github.com/vitejs/vite-plugin-react/tree/main/packages/plugin-react#consistent-components-exports
[2m7:01:05 a.m.[22m [36m[1m[vite][22m[39m [90m[2m(client)[22m[39m [32mhmr update [39m[2m/App.jsx[22m
[2m7:04:28 a.m.[22m [36m[1m[vite][22m[39m [90m[2m(client)[22m[39m [32mhmr update [39m[2m/slides/slide08.jsx[22m
[2m7:04:28 a.m.[22m [36m[1m[vite][22m[39m [90m[2m(client)[22m[39m [33mhmr invalidate [39m[2m/slides/slide08.jsx[22m Could not Fast Refresh ("default" export is incompatible). Learn more at https://github.com/vitejs/vite-plugin-react/tree/main/packages/plugin-react#consistent-components-exports
[2m7:04:28 a.m.[22m [36m[1m[vite][22m[39m [90m[2m(client)[22m[39m [32mhmr update [39m[2m/App.jsx[22m
[2m7:05:39 a.m.[22m [36m[1m[vite][22m[39m [90m[2m(client)[22m[39m [32mhmr update [39m[2m/slides/slide08.jsx[22m
[2m7:05:39 a.m.[22m [36m[1m[vite][22m[39m [90m[2m(client)[22m[39m [33mhmr invalidate [39m[2m/slides/slide08.jsx[22m Could not Fast Refresh ("default" export is incompatible). Learn more at https://github.com/vitejs/vite-plugin-react/tree/main/packages/plugin-react#consistent-components-exports
[2m7:05:39 a.m.[22m [36m[1m[vite][22m[39m [90m[2m(client)[22m[39m [32mhmr update [39m[2m/App.jsx[22m
[2m7:07:23 a.m.[22m [36m[1m[vite][22m[39m [90m[2m(client)[22m[39m [32mhmr update [39m[2m/slides/slide08.jsx[22m
[2m7:07:23 a.m.[22m [36m[1m[vite][22m[39m [90m[2m(client)[22m[39m [33mhmr invalidate [39m[2m/slides/slide08.jsx[22m Could not Fast Refresh ("default" export is incompatible). Learn more at https://github.com/vitejs/vite-plugin-react/tree/main/packages/plugin-react#consistent-components-exports
[2m7:07:23 a.m.[22m [36m[1m[vite][22m[39m [90m[2m(client)[22m[39m [32mhmr update [39m[2m/App.jsx[22m
[2m7:08:23 a.m.[22m [36m[1m[vite][22m[39m [90m[2m(client)[22m[39m [32mhmr update [39m[2m/slides/slide08.jsx[22m
[2m7:08:23 a.m.[22m [36m[1m[vite][22m[39m [90m[2m(client)[22m[39m [33mhmr invalidate [39m[2m/slides/slide08.jsx[22m Could not Fast Refresh ("default" export is incompatible). Learn more at https://github.com/vitejs/vite-plugin-react/tree/main/packages/plugin-react#consistent-components-exports
[2m7:08:23 a.m.[22m [36m[1m[vite][22m[39m [90m[2m(client)[22m[39m [32mhmr update [39m[2m/App.jsx[22m
[2m7:11:48 a.m.[22m [36m[1m[vite][22m[39m [90m[2m(client)[22m[39m [32mhmr update [39m[2m/slides/slide08.jsx[22m
[2m7:11:49 a.m.[22m [36m[1m[vite][22m[39m [90m[2m(client)[22m[39m [33mhmr invalidate [39m[2m/slides/slide08.jsx[22m Could not Fast Refresh ("default" export is incompatible). Learn more at https://github.com/vitejs/vite-plugin-react/tree/main/packages/plugin-react#consistent-components-exports
[2m7:11:49 a.m.[22m [36m[1m[vite][22m[39m [90m[2m(client)[22m[39m [32mhmr update [39m[2m/App.jsx[22m
[2m7:11:53 a.m.[22m [36m[1m[vite][22m[39m [90m[2m(client)[22m[39m [32mhmr update [39m[2m/slides/slide08.jsx[22m
[2m7:11:53 a.m.[22m [36m[1m[vite][22m[39m [90m[2m(client)[22m[39m [33mhmr invalidate [39m[2m/slides/slide08.jsx[22m Could not Fast Refresh ("default" export is incompatible). Learn more at https://github.com/vitejs/vite-plugin-react/tree/main/packages/plugin-react#consistent-components-exports
[2m7:11:53 a.m.[22m [36m[1m[vite][22m[39m [90m[2m(client)[22m[39m [32mhmr update [39m[2m/App.jsx[22m
[2m7:12:19 a.m.[22m [36m[1m[vite][22m[39m [90m[2m(client)[22m[39m [32mhmr update [39m[2m/slides/slide08.jsx[22m
[2m7:12:19 a.m.[22m [36m[1m[vite][22m[39m [90m[2m(client)[22m[39m [33mhmr invalidate [39m[2m/slides/slide08.jsx[22m Could not Fast Refresh ("default" export is incompatible). Learn more at https://github.com/vitejs/vite-plugin-react/tree/main/packages/plugin-react#consistent-components-exports
[2m7:12:19 a.m.[22m [36m[1m[vite][22m[39m [90m[2m(client)[22m[39m [32mhmr update [39m[2m/App.jsx[22m
[2m7:12:27 a.m.[22m [36m[1m[vite][22m[39m [90m[2m(client)[22m[39m [32mhmr update [39m[2m/slides/slide08.jsx[22m
[2m7:12:27 a.m.[22m [36m[1m[vite][22m[39m [90m[2m(client)[22m[39m [33mhmr invalidate [39m[2m/slides/slide08.jsx[22m Could not Fast Refresh ("default" export is incompatible). Learn more at https://github.com/vitejs/vite-plugin-react/tree/main/packages/plugin-react#consistent-components-exports
[2m7:12:27 a.m.[22m [36m[1m[vite][22m[39m [90m[2m(client)[22m[39m [32mhmr update [39m[2m/App.jsx[22m
[2m7:12:37 a.m.[22m [36m[1m[vite][22m[39m [90m[2m(client)[22m[39m [32mhmr update [39m[2m/slides/slide08.jsx[22m
[2m7:12:37 a.m.[22m [36m[1m[vite][22m[39m [90m[2m(client)[22m[39m [33mhmr invalidate [39m[2m/slides/slide08.jsx[22m Could not Fast Refresh ("default" export is incompatible). Learn more at https://github.com/vitejs/vite-plugin-react/tree/main/packages/plugin-react#consistent-components-exports
[2m7:12:37 a.m.[22m [36m[1m[vite][22m[39m [90m[2m(client)[22m[39m [32mhmr update [39m[2m/App.jsx[22m
[2m7:12:46 a.m.[22m [36m[1m[vite][22m[39m [90m[2m(client)[22m[39m [32mhmr update [39m[2m/slides/slide08.jsx[22m
[2m7:12:46 a.m.[22m [36m[1m[vite][22m[39m [90m[2m(client)[22m[39m [33mhmr invalidate [39m[2m/slides/slide08.jsx[22m Could not Fast Refresh ("default" export is incompatible). Learn more at https://github.com/vitejs/vite-plugin-react/tree/main/packages/plugin-react#consistent-components-exports
[2m7:12:46 a.m.[22m [36m[1m[vite][22m[39m [90m[2m(client)[22m[39m [32mhmr update [39m[2m/App.jsx[22m
[2m7:12:49 a.m.[22m [36m[1m[vite][22m[39m [90m[2m(client)[22m[39m [32mhmr update [39m[2m/slides/slide08.jsx[22m
[2m7:12:49 a.m.[22m [36m[1m[vite][22m[39m [90m[2m(client)[22m[39m [33mhmr invalidate [39m[2m/slides/slide08.jsx[22m Could not Fast Refresh ("default" export is incompatible). Learn more at https://github.com/vitejs/vite-plugin-react/tree/main/packages/plugin-react#consistent-components-exports
[2m7:12:49 a.m.[22m [36m[1m[vite][22m[39m [90m[2m(client)[22m[39m [32mhmr update [39m[2m/App.jsx[22m
[2m7:12:56 a.m.[22m [36m[1m[vite][22m[39m [90m[2m(client)[22m[39m [32mhmr update [39m[2m/slides/slide08.jsx[22m
[2m7:12:56 a.m.[22m [36m[1m[vite][22m[39m [90m[2m(client)[22m[39m [33mhmr invalidate [39m[2m/slides/slide08.jsx[22m Could not Fast Refresh ("default" export is incompatible). Learn more at https://github.com/vitejs/vite-plugin-react/tree/main/packages/plugin-react#consistent-components-exports
[2m7:12:56 a.m.[22m [36m[1m[vite][22m[39m [90m[2m(client)[22m[39m [32mhmr update [39m[2m/App.jsx[22m
[2m7:13:02 a.m.[22m [36m[1m[vite][22m[39m [90m[2m(client)[22m[39m [32mhmr update [39m[2m/slides/slide08.jsx[22m
[2m7:13:02 a.m.[22m [36m[1m[vite][22m[39m [90m[2m(client)[22m[39m [33mhmr invalidate [39m[2m/slides/slide08.jsx[22m Could not Fast Refresh ("default" export is incompatible). Learn more at https://github.com/vitejs/vite-plugin-react/tree/main/packages/plugin-react#consistent-components-exports
[2m7:13:02 a.m.[22m [36m[1m[vite][22m[39m [90m[2m(client)[22m[39m [32mhmr update [39m[2m/App.jsx[22m
[2m7:13:05 a.m.[22m [36m[1m[vite][22m[39m [90m[2m(client)[22m[39m [32mhmr update [39m[2m/slides/slide08.jsx[22m
[2m7:13:05 a.m.[22m [36m[1m[vite][22m[39m [90m[2m(client)[22m[39m [33mhmr invalidate [39m[2m/slides/slide08.jsx[22m Could not Fast Refresh ("default" export is incompatible). Learn more at https://github.com/vitejs/vite-plugin-react/tree/main/packages/plugin-react#consistent-components-exports
[2m7:13:05 a.m.[22m [36m[1m[vite][22m[39m [90m[2m(client)[22m[39m [32mhmr update [39m[2m/App.jsx[22m
[2m7:16:42 a.m.[22m [36m[1m[vite][22m[39m [90m[2m(client)[22m[39m [32mhmr update [39m[2m/slides/slide08.jsx[22m
[2m7:16:42 a.m.[22m [36m[1m[vite][22m[39m [90m[2m(client)[22m[39m [33mhmr invalidate [39m[2m/slides/slide08.jsx[22m Could not Fast Refresh ("default" export is incompatible). Learn more at https://github.com/vitejs/vite-plugin-react/tree/main/packages/plugin-react#consistent-components-exports
[2m7:16:42 a.m.[22m [36m[1m[vite][22m[39m [90m[2m(client)[22m[39m [32mhmr update [39m[2m/App.jsx[22m
[2m7:18:35 a.m.[22m [36m[1m[vite][22m[39m [90m[2m(client)[22m[39m [32mhmr update [39m[2m/slides/slide08.jsx[22m
[2m7:18:36 a.m.[22m [36m[1m[vite][22m[39m [90m[2m(client)[22m[39m [33mhmr invalidate [39m[2m/slides/slide08.jsx[22m Could not Fast Refresh ("default" export is incompatible). Learn more at https://github.com/vitejs/vite-plugin-react/tree/main/packages/plugin-react#consistent-components-exports
[2m7:18:36 a.m.[22m [36m[1m[vite][22m[39m [90m[2m(client)[22m[39m [32mhmr update [39m[2m/App.jsx[22m
[2m7:24:13 a.m.[22m [36m[1m[vite][22m[39m [90m[2m(client)[22m[39m [32mhmr update [39m[2m/slides/slide08.jsx[22m
[2m7:24:13 a.m.[22m [36m[1m[vite][22m[39m [90m[2m(client)[22m[39m [33mhmr invalidate [39m[2m/slides/slide08.jsx[22m Could not Fast Refresh ("default" export is incompatible). Learn more at https://github.com/vitejs/vite-plugin-react/tree/main/packages/plugin-react#consistent-components-exports
[2m7:24:13 a.m.[22m [36m[1m[vite][22m[39m [90m[2m(client)[22m[39m [32mhmr update [39m[2m/App.jsx[22m
[2m7:24:15 a.m.[22m [36m[1m[vite][22m[39m [90m[2m(client)[22m[39m [32mhmr update [39m[2m/slides/slide08.jsx[22m
[2m7:24:15 a.m.[22m [36m[1m[vite][22m[39m [90m[2m(client)[22m[39m [33mhmr invalidate [39m[2m/slides/slide08.jsx[22m Could not Fast Refresh ("default" export is incompatible). Learn more at https://github.com/vitejs/vite-plugin-react/tree/main/packages/plugin-react#consistent-components-exports
[2m7:24:15 a.m.[22m [36m[1m[vite][22m[39m [90m[2m(client)[22m[39m [32mhmr update [39m[2m/App.jsx[22m
[2m7:24:15 a.m.[22m [36m[1m[vite][22m[39m [90m[2m(client)[22m[39m [32mhmr update [39m[2m/slides/slide08.jsx[22m
[2m7:24:15 a.m.[22m [36m[1m[vite][22m[39m [90m[2m(client)[22m[39m [33mhmr invalidate [39m[2m/slides/slide08.jsx[22m Could not Fast Refresh ("default" export is incompatible). Learn more at https://github.com/vitejs/vite-plugin-react/tree/main/packages/plugin-react#consistent-components-exports
[2m7:24:15 a.m.[22m [36m[1m[vite][22m[39m [90m[2m(client)[22m[39m [32mhmr update [39m[2m/App.jsx[22m
[2m7:24:15 a.m.[22m [36m[1m[vite][22m[39m [90m[2m(client)[22m[39m [32mhmr update [39m[2m/slides/slide08.jsx[22m
[2m7:24:15 a.m.[22m [36m[1m[vite][22m[39m [90m[2m(client)[22m[39m [33mhmr invalidate [39m[2m/slides/slide08.jsx[22m Could not Fast Refresh ("default" export is incompatible). Learn more at https://github.com/vitejs/vite-plugin-react/tree/main/packages/plugin-react#consistent-components-exports
[2m7:24:15 a.m.[22m [36m[1m[vite][22m[39m [90m[2m(client)[22m[39m [32mhmr update [39m[2m/App.jsx[22m
[2m7:24:17 a.m.[22m [36m[1m[vite][22m[39m [90m[2m(client)[22m[39m [32mhmr update [39m[2m/slides/slide08.jsx[22m
[2m7:24:17 a.m.[22m [36m[1m[vite][22m[39m [90m[2m(client)[22m[39m [33mhmr invalidate [39m[2m/slides/slide08.jsx[22m Could not Fast Refresh ("default" export is incompatible). Learn more at https://github.com/vitejs/vite-plugin-react/tree/main/packages/plugin-react#consistent-components-exports
[2m7:24:17 a.m.[22m [36m[1m[vite][22m[39m [90m[2m(client)[22m[39m [32mhmr update [39m[2m/App.jsx[22m
[2m7:24:23 a.m.[22m [36m[1m[vite][22m[39m [90m[2m(client)[22m[39m [32mhmr update [39m[2m/slides/slide08.jsx[22m
[2m7:24:23 a.m.[22m [36m[1m[vite][22m[39m [90m[2m(client)[22m[39m [33mhmr invalidate [39m[2m/slides/slide08.jsx[22m Could not Fast Refresh ("default" export is incompatible). Learn more at https://github.com/vitejs/vite-plugin-react/tree/main/packages/plugin-react#consistent-components-exports
[2m7:24:23 a.m.[22m [36m[1m[vite][22m[39m [90m[2m(client)[22m[39m [32mhmr update [39m[2m/App.jsx[22m
[2m7:24:51 a.m.[22m [36m[1m[vite][22m[39m [90m[2m(client)[22m[39m [32mhmr update [39m[2m/slides/slide08.jsx[22m
[2m7:24:51 a.m.[22m [36m[1m[vite][22m[39m [90m[2m(client)[22m[39m [33mhmr invalidate [39m[2m/slides/slide08.jsx[22m Could not Fast Refresh ("default" export is incompatible). Learn more at https://github.com/vitejs/vite-plugin-react/tree/main/packages/plugin-react#consistent-components-exports
[2m7:24:51 a.m.[22m [36m[1m[vite][22m[39m [90m[2m(client)[22m[39m [32mhmr update [39m[2m/App.jsx[22m
[2m7:25:04 a.m.[22m [36m[1m[vite][22m[39m [90m[2m(client)[22m[39m [32mhmr update [39m[2m/slides/slide08.jsx[22m
[2m7:25:05 a.m.[22m [36m[1m[vite][22m[39m [90m[2m(client)[22m[39m [33mhmr invalidate [39m[2m/slides/slide08.jsx[22m Could not Fast Refresh ("default" export is incompatible). Learn more at https://github.com/vitejs/vite-plugin-react/tree/main/packages/plugin-react#consistent-components-exports
[2m7:25:05 a.m.[22m [36m[1m[vite][22m[39m [90m[2m(client)[22m[39m [32mhmr update [39m[2m/App.jsx[22m
[2m7:25:24 a.m.[22m [36m[1m[vite][22m[39m [90m[2m(client)[22m[39m [32mhmr update [39m[2m/slides/slide08.jsx[22m
[2m7:25:24 a.m.[22m [36m[1m[vite][22m[39m [90m[2m(client)[22m[39m [33mhmr invalidate [39m[2m/slides/slide08.jsx[22m Could not Fast Refresh ("default" export is incompatible). Learn more at https://github.com/vitejs/vite-plugin-react/tree/main/packages/plugin-react#consistent-components-exports
[2m7:25:24 a.m.[22m [36m[1m[vite][22m[39m [90m[2m(client)[22m[39m [32mhmr update [39m[2m/App.jsx[22m
[2m7:26:19 a.m.[22m [36m[1m[vite][22m[39m [90m[2m(client)[22m[39m [32mhmr update [39m[2m/slides/slide08.jsx[22m
[2m7:26:19 a.m.[22m [36m[1m[vite][22m[39m [90m[2m(client)[22m[39m [32mhmr update [39m[2m/slides/slide08.jsx[22m
[2m7:26:19 a.m.[22m [36m[1m[vite][22m[39m [90m[2m(client)[22m[39m [33mhmr invalidate [39m[2m/slides/slide08.jsx[22m Could not Fast Refresh ("default" export is incompatible). Learn more at https://github.com/vitejs/vite-plugin-react/tree/main/packages/plugin-react#consistent-components-exports
[2m7:26:19 a.m.[22m [36m[1m[vite][22m[39m [90m[2m(client)[22m[39m [32mhmr update [39m[2m/App.jsx[22m
[2m7:26:55 a.m.[22m [36m[1m[vite][22m[39m [90m[2m(client)[22m[39m [32mhmr update [39m[2m/slides/slide08.jsx[22m
[2m7:26:55 a.m.[22m [36m[1m[vite][22m[39m [90m[2m(client)[22m[39m [33mhmr invalidate [39m[2m/slides/slide08.jsx[22m Could not Fast Refresh ("default" export is incompatible). Learn more at https://github.com/vitejs/vite-plugin-react/tree/main/packages/plugin-react#consistent-components-exports
[2m7:26:55 a.m.[22m [36m[1m[vite][22m[39m [90m[2m(client)[22m[39m [32mhmr update [39m[2m/App.jsx[22m
