[2m3:15:51 p.m.[22m [31m[1m[vite][22m[39m [31m[2m(client)[22m[39m [31m[Unhandled error] [1mReferenceError[22m: createFunnelPath is not defined
[39m > FunnelPlate slides/slide04.jsx:134:20
    132 |    const dropDelay = DROP_START_DELAY + index * DROP_STAGGER;
    133 |    const openDelay = OPEN_START_DELAY + index * OPEN_STAGGER;
    134 |    const blockPath = createFunnelPath(level.blockWidth, level.height, level.blockWidth);
        |                      ^
    135 |    const funnelPath = createFunnelPath(level.width, level.height, level.bottomWidth);
    136 |    const gradientId = `market-funnel-gradient-${level.label.toLowerCase()}`;
 > Object.react_stack_bottom_frame node_modules/react-dom/cjs/react-dom-client.development.js:25904:19
 > renderWithHooks node_modules/react-dom/cjs/react-dom-client.development.js:7662:21
 > updateFunctionComponent node_modules/react-dom/cjs/react-dom-client.development.js:10166:18
 > beginWork node_modules/react-dom/cjs/react-dom-client.development.js:11778:17
 > runWithFiberInDEV node_modules/react-dom/cjs/react-dom-client.development.js:871:29
 > performUnitOfWork node_modules/react-dom/cjs/react-dom-client.development.js:17641:21
 > workLoopSync node_modules/react-dom/cjs/react-dom-client.development.js:17469:40
 > renderRootSync node_modules/react-dom/cjs/react-dom-client.development.js:17450:10
 > performWorkOnRoot node_modules/react-dom/cjs/react-dom-client.development.js:16583:34

[2m3:15:51 p.m.[22m [33m[1m[vite][22m[39m [33m[2m(client)[22m[39m [2m[console.warn] [22mAn error occurred in the <FunnelPlate> component.

Consider adding an error boundary to your tree to customize error handling behavior.
Visit https://react.dev/link/error-boundaries to learn more about error boundaries.

[2m3:27:53 p.m.[22m [31m[1m[vite][22m[39m [31m[2m(client)[22m[39m [31m[Unhandled error] [1mReferenceError[22m: waiters is not defined
[39m > Slide05Component slides/slide05.jsx:417:11
    415 |              <Jumper key={person.id} person={person} />
    416 |            ))}
    417 |            {waiters.map((person) => (
        |             ^
    418 |              <Waiter key={person.id} person={person} />
    419 |            ))}
 > Object.react_stack_bottom_frame node_modules/react-dom/cjs/react-dom-client.development.js:25904:19
 > renderWithHooks node_modules/react-dom/cjs/react-dom-client.development.js:7662:21
 > updateFunctionComponent node_modules/react-dom/cjs/react-dom-client.development.js:10166:18
 > beginWork node_modules/react-dom/cjs/react-dom-client.development.js:11778:17
 > runWithFiberInDEV node_modules/react-dom/cjs/react-dom-client.development.js:871:29
 > performUnitOfWork node_modules/react-dom/cjs/react-dom-client.development.js:17641:21
 > workLoopSync node_modules/react-dom/cjs/react-dom-client.development.js:17469:40
 > renderRootSync node_modules/react-dom/cjs/react-dom-client.development.js:17450:10
 > performWorkOnRoot node_modules/react-dom/cjs/react-dom-client.development.js:16583:34

[2m3:27:53 p.m.[22m [33m[1m[vite][22m[39m [33m[2m(client)[22m[39m [2m[console.warn] [22mAn error occurred in the <Slide05Component> component.

Consider adding an error boundary to your tree to customize error handling behavior.
Visit https://react.dev/link/error-boundaries to learn more about error boundaries.

[2m3:27:53 p.m.[22m [31m[1m[vite][22m[39m [31m[2m(client)[22m[39m [31m[Unhandled error] [1mReferenceError[22m: waiters is not defined
[39m > Slide05Component slides/slide05.jsx:417:11
    415 |              <Jumper key={person.id} person={person} />
    416 |            ))}
    417 |            {waiters.map((person) => (
        |             ^
    418 |              <Waiter key={person.id} person={person} />
    419 |            ))}
 > Object.react_stack_bottom_frame node_modules/react-dom/cjs/react-dom-client.development.js:25904:19
 > renderWithHooks node_modules/react-dom/cjs/react-dom-client.development.js:7662:21
 > updateFunctionComponent node_modules/react-dom/cjs/react-dom-client.development.js:10166:18
 > beginWork node_modules/react-dom/cjs/react-dom-client.development.js:11778:17
 > runWithFiberInDEV node_modules/react-dom/cjs/react-dom-client.development.js:871:29
 > performUnitOfWork node_modules/react-dom/cjs/react-dom-client.development.js:17641:21
 > workLoopSync node_modules/react-dom/cjs/react-dom-client.development.js:17469:40
 > renderRootSync node_modules/react-dom/cjs/react-dom-client.development.js:17450:10
 > performWorkOnRoot node_modules/react-dom/cjs/react-dom-client.development.js:16583:34

[2m3:27:53 p.m.[22m [33m[1m[vite][22m[39m [33m[2m(client)[22m[39m [2m[console.warn] [22mAn error occurred in the <Slide05Component> component.

Consider adding an error boundary to your tree to customize error handling behavior.
Visit https://react.dev/link/error-boundaries to learn more about error boundaries.

[2m3:28:24 p.m.[22m [31m[1m[vite][22m[39m [31m[2m(client)[22m[39m [31m[Unhandled error] [1mReferenceError[22m: waiters is not defined
[39m > Slide05Component slides/slide05.jsx:417:11
    415 |              <Jumper key={person.id} person={person} />
    416 |            ))}
    417 |            {waiters.map((person) => (
        |             ^
    418 |              <Waiter key={person.id} person={person} />
    419 |            ))}
 > Object.react_stack_bottom_frame node_modules/react-dom/cjs/react-dom-client.development.js:25904:19
 > renderWithHooks node_modules/react-dom/cjs/react-dom-client.development.js:7662:21
 > updateFunctionComponent node_modules/react-dom/cjs/react-dom-client.development.js:10166:18
 > beginWork node_modules/react-dom/cjs/react-dom-client.development.js:11778:17
 > runWithFiberInDEV node_modules/react-dom/cjs/react-dom-client.development.js:871:29
 > performUnitOfWork node_modules/react-dom/cjs/react-dom-client.development.js:17641:21
 > workLoopSync node_modules/react-dom/cjs/react-dom-client.development.js:17469:40
 > renderRootSync node_modules/react-dom/cjs/react-dom-client.development.js:17450:10
 > performWorkOnRoot node_modules/react-dom/cjs/react-dom-client.development.js:16583:34

[2m3:28:24 p.m.[22m [33m[1m[vite][22m[39m [33m[2m(client)[22m[39m [2m[console.warn] [22mAn error occurred in the <Slide05Component> component.

Consider adding an error boundary to your tree to customize error handling behavior.
Visit https://react.dev/link/error-boundaries to learn more about error boundaries.

[2m3:34:49 p.m.[22m [31m[1m[vite][22m[39m [31m[2m(client)[22m[39m [2m[console.error] [22mReceived NaN for the `stopOpacity` attribute. If this is expected, cast the value to a string.
[2m1:59:37 a.m.[22m [31m[1m[vite][22m[39m [31m[2m(client)[22m[39m [2m[console.error] [22m[vite] Failed to reload /slides/slide06.jsx. This could be due to syntax errors or importing non-existent modules. (see errors above)
[2m1:59:37 a.m.[22m [31m[1m[vite][22m[39m [31m[2m(client)[22m[39m [2m[console.error] [22m[vite] Failed to reload /slides/slide06.jsx. This could be due to syntax errors or importing non-existent modules. (see errors above)
[2m1:59:37 a.m.[22m [31m[1m[vite][22m[39m [31m[2m(client)[22m[39m [2m[console.error] [22m[vite] Failed to reload /slides/slide06.jsx. This could be due to syntax errors or importing non-existent modules. (see errors above)
[2m1:59:37 a.m.[22m [31m[1m[vite][22m[39m [31m[2m(client)[22m[39m [2m[console.error] [22m[vite] Failed to reload /slides/slide06.jsx. This could be due to syntax errors or importing non-existent modules. (see errors above)
[2m1:59:37 a.m.[22m [31m[1m[vite][22m[39m [31m[2m(client)[22m[39m [2m[console.error] [22m[vite] Failed to reload /slides/slide06.jsx. This could be due to syntax errors or importing non-existent modules. (see errors above)
[2m2:08:22 a.m.[22m [31m[1m[vite][22m[39m [31m[2m(client)[22m[39m [31m[Unhandled error] [1mReferenceError[22m: BRAND is not defined
[39m > Slide06Component slides/slide06.jsx:322:99
    320 |            Integración frugal
    321 |          </p>
    322 |          <h1 className="mt-3 max-w-[840px] text-[3.18rem] font-bold leading-[1.04]" style={{ color: BRAND.dark }}>
        |                                                                                                     ^
    323 |            Layo Huella <span style={{ color: GREEN }}>potencia</span> Loyalty
    324 |          </h1>
 > Object.react_stack_bottom_frame node_modules/react-dom/cjs/react-dom-client.development.js:25904:19
 > renderWithHooks node_modules/react-dom/cjs/react-dom-client.development.js:7662:21
 > updateFunctionComponent node_modules/react-dom/cjs/react-dom-client.development.js:10166:18
 > beginWork node_modules/react-dom/cjs/react-dom-client.development.js:11778:17
 > runWithFiberInDEV node_modules/react-dom/cjs/react-dom-client.development.js:871:29
 > performUnitOfWork node_modules/react-dom/cjs/react-dom-client.development.js:17641:21
 > workLoopSync node_modules/react-dom/cjs/react-dom-client.development.js:17469:40
 > renderRootSync node_modules/react-dom/cjs/react-dom-client.development.js:17450:10
 > performWorkOnRoot node_modules/react-dom/cjs/react-dom-client.development.js:16583:34

[2m2:08:22 a.m.[22m [33m[1m[vite][22m[39m [33m[2m(client)[22m[39m [2m[console.warn] [22mAn error occurred in the <Slide06Component> component.

Consider adding an error boundary to your tree to customize error handling behavior.
Visit https://react.dev/link/error-boundaries to learn more about error boundaries.

[2m2:08:22 a.m.[22m [31m[1m[vite][22m[39m [31m[2m(client)[22m[39m [31m[Unhandled error] [1mReferenceError[22m: BRAND is not defined
[39m > Slide06Component slides/slide06.jsx:322:99
    320 |            Integración frugal
    321 |          </p>
    322 |          <h1 className="mt-3 max-w-[840px] text-[3.18rem] font-bold leading-[1.04]" style={{ color: BRAND.dark }}>
        |                                                                                                     ^
    323 |            Layo Huella <span style={{ color: GREEN }}>potencia</span> Loyalty
    324 |          </h1>
 > Object.react_stack_bottom_frame node_modules/react-dom/cjs/react-dom-client.development.js:25904:19
 > renderWithHooks node_modules/react-dom/cjs/react-dom-client.development.js:7662:21
 > updateFunctionComponent node_modules/react-dom/cjs/react-dom-client.development.js:10166:18
 > beginWork node_modules/react-dom/cjs/react-dom-client.development.js:11778:17
 > runWithFiberInDEV node_modules/react-dom/cjs/react-dom-client.development.js:871:29
 > performUnitOfWork node_modules/react-dom/cjs/react-dom-client.development.js:17641:21
 > workLoopSync node_modules/react-dom/cjs/react-dom-client.development.js:17469:40
 > renderRootSync node_modules/react-dom/cjs/react-dom-client.development.js:17450:10
 > performWorkOnRoot node_modules/react-dom/cjs/react-dom-client.development.js:16583:34

[2m2:08:22 a.m.[22m [33m[1m[vite][22m[39m [33m[2m(client)[22m[39m [2m[console.warn] [22mAn error occurred in the <Slide06Component> component.

Consider adding an error boundary to your tree to customize error handling behavior.
Visit https://react.dev/link/error-boundaries to learn more about error boundaries.

[2m2:08:22 a.m.[22m [31m[1m[vite][22m[39m [31m[2m(client)[22m[39m [31m[Unhandled error] [1mReferenceError[22m: BRAND is not defined
[39m > Slide06Component slides/slide06.jsx:322:99
    320 |            Integración frugal
    321 |          </p>
    322 |          <h1 className="mt-3 max-w-[840px] text-[3.18rem] font-bold leading-[1.04]" style={{ color: BRAND.dark }}>
        |                                                                                                     ^
    323 |            Layo Huella <span style={{ color: GREEN }}>potencia</span> Loyalty
    324 |          </h1>
 > Object.react_stack_bottom_frame node_modules/react-dom/cjs/react-dom-client.development.js:25904:19
 > renderWithHooks node_modules/react-dom/cjs/react-dom-client.development.js:7662:21
 > updateFunctionComponent node_modules/react-dom/cjs/react-dom-client.development.js:10166:18
 > beginWork node_modules/react-dom/cjs/react-dom-client.development.js:11778:17
 > runWithFiberInDEV node_modules/react-dom/cjs/react-dom-client.development.js:871:29
 > performUnitOfWork node_modules/react-dom/cjs/react-dom-client.development.js:17641:21
 > workLoopSync node_modules/react-dom/cjs/react-dom-client.development.js:17469:40
 > renderRootSync node_modules/react-dom/cjs/react-dom-client.development.js:17450:10
 > performWorkOnRoot node_modules/react-dom/cjs/react-dom-client.development.js:16583:34

[2m2:08:22 a.m.[22m [33m[1m[vite][22m[39m [33m[2m(client)[22m[39m [2m[console.warn] [22mAn error occurred in the <Slide06Component> component.

Consider adding an error boundary to your tree to customize error handling behavior.
Visit https://react.dev/link/error-boundaries to learn more about error boundaries.

[2m2:17:10 a.m.[22m [31m[1m[vite][22m[39m [31m[2m(client)[22m[39m [31m[Unhandled error] [1mReferenceError[22m: TITLE_IMAGE_DELAY is not defined
[39m > Slide06Component slides/slide06.jsx:350:45
    348 |          initial={{ opacity: 0, y: 14 }}
    349 |          animate={{ opacity: 1, y: 0 }}
    350 |          transition={{ duration: 0.48, delay: TITLE_IMAGE_DELAY + TITLE_IMAGE_DURATION + 0.18, ease: "easeOut" }}
        |                                               ^
    351 |        >
    352 |          {slide.footer}
 > Object.react_stack_bottom_frame node_modules/react-dom/cjs/react-dom-client.development.js:25904:19
 > renderWithHooks node_modules/react-dom/cjs/react-dom-client.development.js:7662:21
 > updateFunctionComponent node_modules/react-dom/cjs/react-dom-client.development.js:10166:18
 > beginWork node_modules/react-dom/cjs/react-dom-client.development.js:11778:17
 > runWithFiberInDEV node_modules/react-dom/cjs/react-dom-client.development.js:871:29
 > performUnitOfWork node_modules/react-dom/cjs/react-dom-client.development.js:17641:21
 > workLoopSync node_modules/react-dom/cjs/react-dom-client.development.js:17469:40
 > renderRootSync node_modules/react-dom/cjs/react-dom-client.development.js:17450:10
 > performWorkOnRoot node_modules/react-dom/cjs/react-dom-client.development.js:16583:34

[2m2:17:10 a.m.[22m [33m[1m[vite][22m[39m [33m[2m(client)[22m[39m [2m[console.warn] [22mAn error occurred in the <Slide06Component> component.

Consider adding an error boundary to your tree to customize error handling behavior.
Visit https://react.dev/link/error-boundaries to learn more about error boundaries.

[2m2:41:25 a.m.[22m [31m[1m[vite][22m[39m [31m[2m(client)[22m[39m [31m[Unhandled error] [1mReferenceError[22m: TITLE_SETTLE_DELAY is not defined
[39m > StoryTitleImage slides/slide06.jsx:340:18
    338 |        }}
    339 |        transition={{
    340 |          duration: TITLE_SETTLE_DELAY,
        |                    ^
    341 |          times: [0, 0.3, 0.58, 1],
    342 |          ease: [0.16, 1, 0.3, 1],
 > Object.react_stack_bottom_frame node_modules/react-dom/cjs/react-dom-client.development.js:25904:19
 > renderWithHooks node_modules/react-dom/cjs/react-dom-client.development.js:7662:21
 > updateFunctionComponent node_modules/react-dom/cjs/react-dom-client.development.js:10166:18
 > beginWork node_modules/react-dom/cjs/react-dom-client.development.js:11778:17
 > runWithFiberInDEV node_modules/react-dom/cjs/react-dom-client.development.js:871:29
 > performUnitOfWork node_modules/react-dom/cjs/react-dom-client.development.js:17641:21
 > workLoopSync node_modules/react-dom/cjs/react-dom-client.development.js:17469:40
 > renderRootSync node_modules/react-dom/cjs/react-dom-client.development.js:17450:10
 > performWorkOnRoot node_modules/react-dom/cjs/react-dom-client.development.js:16583:34

[2m2:41:25 a.m.[22m [33m[1m[vite][22m[39m [33m[2m(client)[22m[39m [2m[console.warn] [22mAn error occurred in the <StoryTitleImage> component.

Consider adding an error boundary to your tree to customize error handling behavior.
Visit https://react.dev/link/error-boundaries to learn more about error boundaries.

[2m2:41:32 a.m.[22m [31m[1m[vite][22m[39m [31m[2m(client)[22m[39m [31m[Unhandled error] [1mReferenceError[22m: TITLE_SETTLE_DELAY is not defined
[39m > StoryTitleImage slides/slide06.jsx:340:18
    338 |        }}
    339 |        transition={{
    340 |          duration: TITLE_SETTLE_DELAY,
        |                    ^
    341 |          times: [0, 0.3, 0.58, 1],
    342 |          ease: [0.16, 1, 0.3, 1],
 > Object.react_stack_bottom_frame node_modules/react-dom/cjs/react-dom-client.development.js:25904:19
 > renderWithHooks node_modules/react-dom/cjs/react-dom-client.development.js:7662:21
 > updateFunctionComponent node_modules/react-dom/cjs/react-dom-client.development.js:10166:18
 > beginWork node_modules/react-dom/cjs/react-dom-client.development.js:11778:17
 > runWithFiberInDEV node_modules/react-dom/cjs/react-dom-client.development.js:871:29
 > performUnitOfWork node_modules/react-dom/cjs/react-dom-client.development.js:17641:21
 > workLoopSync node_modules/react-dom/cjs/react-dom-client.development.js:17469:40
 > renderRootSync node_modules/react-dom/cjs/react-dom-client.development.js:17450:10
 > performWorkOnRoot node_modules/react-dom/cjs/react-dom-client.development.js:16583:34

[2m2:41:32 a.m.[22m [33m[1m[vite][22m[39m [33m[2m(client)[22m[39m [2m[console.warn] [22mAn error occurred in the <StoryTitleImage> component.

Consider adding an error boundary to your tree to customize error handling behavior.
Visit https://react.dev/link/error-boundaries to learn more about error boundaries.

[2m2:42:57 a.m.[22m [31m[1m[vite][22m[39m [31m[2m(client)[22m[39m [2m[console.error] [22m[vite] ReferenceError: speed is not defined
    at http://127.0.0.1:5173/slides/slide06.jsx?t=1781163777718:15:28
[2m2:42:57 a.m.[22m [31m[1m[vite][22m[39m [31m[2m(client)[22m[39m [2m[console.error] [22m[vite] Failed to reload /slides/slide06.jsx. This could be due to syntax errors or importing non-existent modules. (see errors above)
[2m2:42:57 a.m.[22m [31m[1m[vite][22m[39m [31m[2m(client)[22m[39m [2m[console.error] [22m[vite] ReferenceError: speed is not defined
    at http://127.0.0.1:5173/slides/slide06.jsx?t=1781163777718:15:28
[2m2:42:57 a.m.[22m [31m[1m[vite][22m[39m [31m[2m(client)[22m[39m [2m[console.error] [22m[vite] Failed to reload /slides/slide06.jsx. This could be due to syntax errors or importing non-existent modules. (see errors above)
[2m2:42:58 a.m.[22m [31m[1m[vite][22m[39m [31m[2m(client)[22m[39m [2m[console.error] [22m[vite] ReferenceError: speed is not defined
    at http://127.0.0.1:5173/slides/slide06.jsx?t=1781163777983:15:28
[2m2:42:58 a.m.[22m [31m[1m[vite][22m[39m [31m[2m(client)[22m[39m [2m[console.error] [22m[vite] Failed to reload /slides/slide06.jsx. This could be due to syntax errors or importing non-existent modules. (see errors above)
[2m2:42:58 a.m.[22m [31m[1m[vite][22m[39m [31m[2m(client)[22m[39m [2m[console.error] [22m[vite] ReferenceError: speed is not defined
    at http://127.0.0.1:5173/slides/slide06.jsx?t=1781163777983:15:28
[2m2:42:58 a.m.[22m [31m[1m[vite][22m[39m [31m[2m(client)[22m[39m [2m[console.error] [22m[vite] Failed to reload /slides/slide06.jsx. This could be due to syntax errors or importing non-existent modules. (see errors above)
[2m2:42:58 a.m.[22m [31m[1m[vite][22m[39m [31m[2m(client)[22m[39m [2m[console.error] [22m[vite] ReferenceError: speed is not defined
    at http://localhost:5173/slides/slide06.jsx?t=1781163777983:15:28
[2m2:42:58 a.m.[22m [31m[1m[vite][22m[39m [31m[2m(client)[22m[39m [2m[console.error] [22m[vite] Failed to reload /slides/slide06.jsx. This could be due to syntax errors or importing non-existent modules. (see errors above)
[2m2:42:58 a.m.[22m [31m[1m[vite][22m[39m [31m[2m(client)[22m[39m [2m[console.error] [22m[vite] ReferenceError: speed is not defined
    at http://localhost:5173/slides/slide06.jsx?t=1781163777983:15:28
[2m2:42:58 a.m.[22m [31m[1m[vite][22m[39m [31m[2m(client)[22m[39m [2m[console.error] [22m[vite] ReferenceError: speed is not defined
    at http://localhost:5173/slides/slide06.jsx?t=1781163777983:15:28
[2m2:42:58 a.m.[22m [31m[1m[vite][22m[39m [31m[2m(client)[22m[39m [2m[console.error] [22m[vite] Failed to reload /slides/slide06.jsx. This could be due to syntax errors or importing non-existent modules. (see errors above)
[2m2:42:58 a.m.[22m [31m[1m[vite][22m[39m [31m[2m(client)[22m[39m [2m[console.error] [22m[vite] ReferenceError: speed is not defined
    at http://localhost:5173/slides/slide06.jsx?t=1781163777983:15:28
[2m2:42:58 a.m.[22m [31m[1m[vite][22m[39m [31m[2m(client)[22m[39m [2m[console.error] [22m[vite] Failed to reload /slides/slide06.jsx. This could be due to syntax errors or importing non-existent modules. (see errors above)
[2m2:42:58 a.m.[22m [31m[1m[vite][22m[39m [31m[2m(client)[22m[39m [2m[console.error] [22m[vite] ReferenceError: speed is not defined
    at http://localhost:5173/slides/slide06.jsx?t=1781163777983:15:28
[2m2:42:58 a.m.[22m [31m[1m[vite][22m[39m [31m[2m(client)[22m[39m [2m[console.error] [22m[vite] Failed to reload /slides/slide06.jsx. This could be due to syntax errors or importing non-existent modules. (see errors above)
[2m2:42:58 a.m.[22m [31m[1m[vite][22m[39m [31m[2m(client)[22m[39m [2m[console.error] [22m[vite] Failed to reload /slides/slide06.jsx. This could be due to syntax errors or importing non-existent modules. (see errors above)
[2m2:42:58 a.m.[22m [31m[1m[vite][22m[39m [31m[2m(client)[22m[39m [2m[console.error] [22m[vite] ReferenceError: speed is not defined
    at http://localhost:5173/slides/slide06.jsx?t=1781163777983:15:28
[2m2:42:58 a.m.[22m [31m[1m[vite][22m[39m [31m[2m(client)[22m[39m [2m[console.error] [22m[vite] Failed to reload /slides/slide06.jsx. This could be due to syntax errors or importing non-existent modules. (see errors above)
[2m2:43:02 a.m.[22m [31m[1m[vite][22m[39m [31m[2m(client)[22m[39m [31m[Unhandled error] [1mReferenceError[22m: speed is not defined
[39m > slides/slide06.jsx:8:27
    6  |  
    7  |  const EASE_OUT = [0.16, 1, 0.3, 1];
    8  |  const TITLE_SETTLE_DELAY = speed(1.42);
       |                             ^
    9  |  const TITLE_SEQUENCE_DURATION = 3;
    10 |  const CONTENT_REVEAL_DELAY = TITLE_SEQUENCE_DURATION + 0.08;

[2m2:43:05 a.m.[22m [31m[1m[vite][22m[39m [31m[2m(client)[22m[39m [31m[Unhandled error] [1mReferenceError[22m: speed is not defined
[39m > slides/slide06.jsx:8:27
    6  |  
    7  |  const EASE_OUT = [0.16, 1, 0.3, 1];
    8  |  const TITLE_SETTLE_DELAY = speed(1.42);
       |                             ^
    9  |  const TITLE_SEQUENCE_DURATION = 3;
    10 |  const CONTENT_REVEAL_DELAY = TITLE_SEQUENCE_DURATION + 0.08;

[2m2:43:15 a.m.[22m [31m[1m[vite][22m[39m [31m[2m(client)[22m[39m [31m[Unhandled error] [1mReferenceError[22m: speed is not defined
[39m > slides/slide06.jsx:8:27
    6  |  
    7  |  const EASE_OUT = [0.16, 1, 0.3, 1];
    8  |  const TITLE_SETTLE_DELAY = speed(1.42);
       |                             ^
    9  |  const TITLE_SEQUENCE_DURATION = 3;
    10 |  const CONTENT_REVEAL_DELAY = TITLE_SEQUENCE_DURATION + 0.08;

[2m2:43:20 a.m.[22m [31m[1m[vite][22m[39m [31m[2m(client)[22m[39m [2m[console.error] [22m[vite] ReferenceError: speed is not defined
    at http://127.0.0.1:5173/slides/slide06.jsx?t=1781163800090:15:28
[2m2:43:20 a.m.[22m [31m[1m[vite][22m[39m [31m[2m(client)[22m[39m [2m[console.error] [22m[vite] Failed to reload /slides/slide06.jsx. This could be due to syntax errors or importing non-existent modules. (see errors above)
[2m2:43:20 a.m.[22m [31m[1m[vite][22m[39m [31m[2m(client)[22m[39m [2m[console.error] [22m[vite] ReferenceError: speed is not defined
    at http://localhost:5173/slides/slide06.jsx?t=1781163800090:15:28
[2m2:43:20 a.m.[22m [31m[1m[vite][22m[39m [31m[2m(client)[22m[39m [2m[console.error] [22m[vite] Failed to reload /slides/slide06.jsx. This could be due to syntax errors or importing non-existent modules. (see errors above)
[2m2:43:20 a.m.[22m [31m[1m[vite][22m[39m [31m[2m(client)[22m[39m [2m[console.error] [22m[vite] ReferenceError: speed is not defined
    at http://127.0.0.1:5173/slides/slide06.jsx?t=1781163800090:15:28
[2m2:43:20 a.m.[22m [31m[1m[vite][22m[39m [31m[2m(client)[22m[39m [2m[console.error] [22m[vite] Failed to reload /slides/slide06.jsx. This could be due to syntax errors or importing non-existent modules. (see errors above)
[2m2:43:20 a.m.[22m [31m[1m[vite][22m[39m [31m[2m(client)[22m[39m [2m[console.error] [22m[vite] ReferenceError: speed is not defined
    at http://localhost:5173/slides/slide06.jsx?t=1781163800090:15:28
[2m2:43:20 a.m.[22m [31m[1m[vite][22m[39m [31m[2m(client)[22m[39m [2m[console.error] [22m[vite] Failed to reload /slides/slide06.jsx. This could be due to syntax errors or importing non-existent modules. (see errors above)
[2m2:43:20 a.m.[22m [31m[1m[vite][22m[39m [31m[2m(client)[22m[39m [2m[console.error] [22m[vite] ReferenceError: speed is not defined
    at http://127.0.0.1:5173/slides/slide06.jsx?t=1781163800319:15:28
[2m2:43:20 a.m.[22m [31m[1m[vite][22m[39m [31m[2m(client)[22m[39m [2m[console.error] [22m[vite] Failed to reload /slides/slide06.jsx. This could be due to syntax errors or importing non-existent modules. (see errors above)
[2m2:43:20 a.m.[22m [31m[1m[vite][22m[39m [31m[2m(client)[22m[39m [2m[console.error] [22m[vite] ReferenceError: speed is not defined
    at http://localhost:5173/slides/slide06.jsx?t=1781163800319:15:28
[2m2:43:20 a.m.[22m [31m[1m[vite][22m[39m [31m[2m(client)[22m[39m [2m[console.error] [22m[vite] Failed to reload /slides/slide06.jsx. This could be due to syntax errors or importing non-existent modules. (see errors above)
[2m2:43:20 a.m.[22m [31m[1m[vite][22m[39m [31m[2m(client)[22m[39m [2m[console.error] [22m[vite] ReferenceError: speed is not defined
    at http://127.0.0.1:5173/slides/slide06.jsx?t=1781163800319:15:28
[2m2:43:20 a.m.[22m [31m[1m[vite][22m[39m [31m[2m(client)[22m[39m [2m[console.error] [22m[vite] Failed to reload /slides/slide06.jsx. This could be due to syntax errors or importing non-existent modules. (see errors above)
[2m2:43:20 a.m.[22m [31m[1m[vite][22m[39m [31m[2m(client)[22m[39m [2m[console.error] [22m[vite] ReferenceError: speed is not defined
    at http://localhost:5173/slides/slide06.jsx?t=1781163800319:15:28
[2m2:43:20 a.m.[22m [31m[1m[vite][22m[39m [31m[2m(client)[22m[39m [2m[console.error] [22m[vite] Failed to reload /slides/slide06.jsx. This could be due to syntax errors or importing non-existent modules. (see errors above)
[2m2:43:22 a.m.[22m [31m[1m[vite][22m[39m [31m[2m(client)[22m[39m [31m[Unhandled error] [1mReferenceError[22m: speed is not defined
[39m > slides/slide06.jsx:8:27
    6  |  
    7  |  const EASE_OUT = [0.16, 1, 0.3, 1];
    8  |  const TITLE_SETTLE_DELAY = speed(1.42);
       |                             ^
    9  |  const TITLE_SEQUENCE_DURATION = 3;
    10 |  const CONTENT_REVEAL_DELAY = TITLE_SEQUENCE_DURATION + 0.08;

[2m3:07:31 a.m.[22m [31m[1m[vite][22m[39m [31m[2m(client)[22m[39m [31m[Unhandled error] [1mReferenceError[22m: MovingPerson is not defined
[39m > slides/slide06.jsx:237:9
    235 |        <ActivationFlows />
    236 |        {people.map((person, index) => (
    237 |          <MovingPerson key={`${person.y}-${person.color}`} person={person} index={index} />
        |           ^
    238 |        ))}
    239 |        {capabilities.map((item, index) => (
 > IntegrationGraphic slides/slide06.jsx:236:14
 > Object.react_stack_bottom_frame node_modules/react-dom/cjs/react-dom-client.development.js:25904:19
 > renderWithHooks node_modules/react-dom/cjs/react-dom-client.development.js:7662:21
 > updateFunctionComponent node_modules/react-dom/cjs/react-dom-client.development.js:10166:18
 > beginWork node_modules/react-dom/cjs/react-dom-client.development.js:11778:17
 > runWithFiberInDEV node_modules/react-dom/cjs/react-dom-client.development.js:871:29
 > performUnitOfWork node_modules/react-dom/cjs/react-dom-client.development.js:17641:21
 > workLoopSync node_modules/react-dom/cjs/react-dom-client.development.js:17469:40

[2m3:07:31 a.m.[22m [33m[1m[vite][22m[39m [33m[2m(client)[22m[39m [2m[console.warn] [22mAn error occurred in the <IntegrationGraphic> component.

Consider adding an error boundary to your tree to customize error handling behavior.
Visit https://react.dev/link/error-boundaries to learn more about error boundaries.

[2m4:01:07 a.m.[22m [31m[1m[vite][22m[39m [31m[2m(client)[22m[39m [2m[console.error] [22m[vite] Failed to reload /slides/slide06.jsx. This could be due to syntax errors or importing non-existent modules. (see errors above)
[2m4:01:07 a.m.[22m [31m[1m[vite][22m[39m [31m[2m(client)[22m[39m [2m[console.error] [22m[vite] Failed to reload /slides/slide06.jsx. This could be due to syntax errors or importing non-existent modules. (see errors above)
[2m4:02:22 a.m.[22m [31m[1m[vite][22m[39m [31m[2m(client)[22m[39m Pre-transform error: Failed to load url /slides/slide07.jsx (resolved id: C:/Users/sebas/Documents/retateydejahuella/slides/slide07.jsx) in C:/Users/sebas/Documents/retateydejahuella/slides/index.js. Does the file exist?
[2m4:02:22 a.m.[22m [31m[1m[vite][22m[39m [31m[2m(client)[22m[39m [2m[console.error] [22m[vite] Failed to reload /App.jsx. This could be due to syntax errors or importing non-existent modules. (see errors above)
[2m4:02:22 a.m.[22m [31m[1m[vite][22m[39m [31m[2m(client)[22m[39m [2m[console.error] [22m[vite] Failed to reload /App.jsx. This could be due to syntax errors or importing non-existent modules. (see errors above)
[2m4:02:23 a.m.[22m [31m[1m[vite][22m[39m [31m[2m(client)[22m[39m [2m[console.error] [22m[vite] Failed to reload /App.jsx. This could be due to syntax errors or importing non-existent modules. (see errors above)
[2m4:02:23 a.m.[22m [31m[1m[vite][22m[39m [31m[2m(client)[22m[39m [2m[console.error] [22m[vite] Failed to reload /App.jsx. This could be due to syntax errors or importing non-existent modules. (see errors above)
[2m4:02:23 a.m.[22m [31m[1m[vite][22m[39m [31m[2m(client)[22m[39m [2m[console.error] [22m[vite] Failed to reload /App.jsx. This could be due to syntax errors or importing non-existent modules. (see errors above)
[2m4:42:54 a.m.[22m [31m[1m[vite][22m[39m [31mInternal server error: Transform failed with 1 error:

[31m[PARSE_ERROR] Error:[0m Expected `,` or `)` but found `:`
    [38;5;246m╭[0m[38;5;246m─[0m[38;5;246m[[0m slides/slide07.jsx:70:47 [38;5;246m][0m
    [38;5;246m│[0m
 [38;5;246m70 │[0m [38;5;249mf[0m[38;5;249mu[0m[38;5;249mn[0m[38;5;249mc[0m[38;5;249mt[0m[38;5;249mi[0m[38;5;249mo[0m[38;5;249mn[0m[38;5;249m [0m[38;5;249mA[0m[38;5;249mu[0m[38;5;249md[0m[38;5;249mi[0m[38;5;249me[0m[38;5;249mn[0m[38;5;249mc[0m[38;5;249me[0m[38;5;249mC[0m[38;5;249mh[0m[38;5;249mi[0m[38;5;249mp[0m([38;5;249m{[0m[38;5;249m [0m[38;5;249ml[0m[38;5;249ma[0m[38;5;249mb[0m[38;5;249me[0m[38;5;249ml[0m[38;5;249m,[0m[38;5;249m [0m[38;5;249ma[0m[38;5;249mc[0m[38;5;249mc[0m[38;5;249me[0m[38;5;249mn[0m[38;5;249mt[0m[38;5;249m,[0m[38;5;249m [0m[38;5;249mi[0m[38;5;249mn[0m[38;5;249md[0m[38;5;249me[0m[38;5;249mx[0m[38;5;249m [0m[38;5;249m}[0m:[38;5;249m [0m[38;5;249m{[0m[38;5;249m [0m[38;5;249ml[0m[38;5;249ma[0m[38;5;249mb[0m[38;5;249me[0m[38;5;249ml[0m[38;5;249m:[0m[38;5;249m [0m[38;5;249ms[0m[38;5;249mt[0m[38;5;249mr[0m[38;5;249mi[0m[38;5;249mn[0m[38;5;249mg[0m[38;5;249m;[0m[38;5;249m [0m[38;5;249ma[0m[38;5;249mc[0m[38;5;249mc[0m[38;5;249me[0m[38;5;249mn[0m[38;5;249mt[0m[38;5;249m:[0m[38;5;249m [0m[38;5;249ms[0m[38;5;249mt[0m[38;5;249mr[0m[38;5;249mi[0m[38;5;249mn[0m[38;5;249mg[0m[38;5;249m;[0m[38;5;249m [0m[38;5;249mi[0m[38;5;249mn[0m[38;5;249md[0m[38;5;249me[0m[38;5;249mx[0m[38;5;249m:[0m[38;5;249m [0m[38;5;249mn[0m[38;5;249mu[0m[38;5;249mm[0m[38;5;249mb[0m[38;5;249me[0m[38;5;249mr[0m[38;5;249m [0m[38;5;249m}[0m[38;5;249m)[0m[38;5;249m [0m[38;5;249m{[0m
 [38;5;240m   │[0m                      ┬                        ┬  
 [38;5;240m   │[0m                      ╰─────────────────────────── Opened here
 [38;5;240m   │[0m                                               │  
 [38;5;240m   │[0m                                               ╰── `,` or `)` expected
[38;5;246m────╯[0m
[39m
  Plugin: [35mvite:oxc[39m
  File: [36mC:/Users/sebas/Documents/retateydejahuella/slides/slide07.jsx[39m
      at transformWithOxc (file:///C:/Users/sebas/Documents/retateydejahuella/node_modules/vite/dist/node/chunks/node.js:3340:19)
      at TransformPluginContext.transform (file:///C:/Users/sebas/Documents/retateydejahuella/node_modules/vite/dist/node/chunks/node.js:3408:26)
      at EnvironmentPluginContainer.transform (file:///C:/Users/sebas/Documents/retateydejahuella/node_modules/vite/dist/node/chunks/node.js:30193:51)
      at async loadAndTransform (file:///C:/Users/sebas/Documents/retateydejahuella/node_modules/vite/dist/node/chunks/node.js:24511:26)
      at async viteTransformMiddleware (file:///C:/Users/sebas/Documents/retateydejahuella/node_modules/vite/dist/node/chunks/node.js:24305:20)
[2m4:42:54 a.m.[22m [31m[1m[vite][22m[39m [31mInternal server error: Transform failed with 1 error:

[31m[PARSE_ERROR] Error:[0m Expected `,` or `)` but found `:`
    [38;5;246m╭[0m[38;5;246m─[0m[38;5;246m[[0m slides/slide07.jsx:70:47 [38;5;246m][0m
    [38;5;246m│[0m
 [38;5;246m70 │[0m [38;5;249mf[0m[38;5;249mu[0m[38;5;249mn[0m[38;5;249mc[0m[38;5;249mt[0m[38;5;249mi[0m[38;5;249mo[0m[38;5;249mn[0m[38;5;249m [0m[38;5;249mA[0m[38;5;249mu[0m[38;5;249md[0m[38;5;249mi[0m[38;5;249me[0m[38;5;249mn[0m[38;5;249mc[0m[38;5;249me[0m[38;5;249mC[0m[38;5;249mh[0m[38;5;249mi[0m[38;5;249mp[0m([38;5;249m{[0m[38;5;249m [0m[38;5;249ml[0m[38;5;249ma[0m[38;5;249mb[0m[38;5;249me[0m[38;5;249ml[0m[38;5;249m,[0m[38;5;249m [0m[38;5;249ma[0m[38;5;249mc[0m[38;5;249mc[0m[38;5;249me[0m[38;5;249mn[0m[38;5;249mt[0m[38;5;249m,[0m[38;5;249m [0m[38;5;249mi[0m[38;5;249mn[0m[38;5;249md[0m[38;5;249me[0m[38;5;249mx[0m[38;5;249m [0m[38;5;249m}[0m:[38;5;249m [0m[38;5;249m{[0m[38;5;249m [0m[38;5;249ml[0m[38;5;249ma[0m[38;5;249mb[0m[38;5;249me[0m[38;5;249ml[0m[38;5;249m:[0m[38;5;249m [0m[38;5;249ms[0m[38;5;249mt[0m[38;5;249mr[0m[38;5;249mi[0m[38;5;249mn[0m[38;5;249mg[0m[38;5;249m;[0m[38;5;249m [0m[38;5;249ma[0m[38;5;249mc[0m[38;5;249mc[0m[38;5;249me[0m[38;5;249mn[0m[38;5;249mt[0m[38;5;249m:[0m[38;5;249m [0m[38;5;249ms[0m[38;5;249mt[0m[38;5;249mr[0m[38;5;249mi[0m[38;5;249mn[0m[38;5;249mg[0m[38;5;249m;[0m[38;5;249m [0m[38;5;249mi[0m[38;5;249mn[0m[38;5;249md[0m[38;5;249me[0m[38;5;249mx[0m[38;5;249m:[0m[38;5;249m [0m[38;5;249mn[0m[38;5;249mu[0m[38;5;249mm[0m[38;5;249mb[0m[38;5;249me[0m[38;5;249mr[0m[38;5;249m [0m[38;5;249m}[0m[38;5;249m)[0m[38;5;249m [0m[38;5;249m{[0m
 [38;5;240m   │[0m                      ┬                        ┬  
 [38;5;240m   │[0m                      ╰─────────────────────────── Opened here
 [38;5;240m   │[0m                                               │  
 [38;5;240m   │[0m                                               ╰── `,` or `)` expected
[38;5;246m────╯[0m
[39m
  Plugin: [35mvite:oxc[39m
  File: [36mC:/Users/sebas/Documents/retateydejahuella/slides/slide07.jsx[39m
      at transformWithOxc (file:///C:/Users/sebas/Documents/retateydejahuella/node_modules/vite/dist/node/chunks/node.js:3340:19)
      at TransformPluginContext.transform (file:///C:/Users/sebas/Documents/retateydejahuella/node_modules/vite/dist/node/chunks/node.js:3408:26)
      at EnvironmentPluginContainer.transform (file:///C:/Users/sebas/Documents/retateydejahuella/node_modules/vite/dist/node/chunks/node.js:30193:51)
      at async loadAndTransform (file:///C:/Users/sebas/Documents/retateydejahuella/node_modules/vite/dist/node/chunks/node.js:24511:26)
      at async viteTransformMiddleware (file:///C:/Users/sebas/Documents/retateydejahuella/node_modules/vite/dist/node/chunks/node.js:24305:20)
[2m4:42:54 a.m.[22m [31m[1m[vite][22m[39m [31m[2m(client)[22m[39m [2m[console.error] [22m[vite] Failed to reload /slides/slide07.jsx. This could be due to syntax errors or importing non-existent modules. (see errors above)
[2m4:42:54 a.m.[22m [31m[1m[vite][22m[39m [31m[2m(client)[22m[39m [2m[console.error] [22m[vite] Failed to reload /slides/slide07.jsx. This could be due to syntax errors or importing non-existent modules. (see errors above)
[2m4:42:54 a.m.[22m [31m[1m[vite][22m[39m [31mInternal server error: Transform failed with 1 error:

[31m[PARSE_ERROR] Error:[0m Expected `,` or `)` but found `:`
    [38;5;246m╭[0m[38;5;246m─[0m[38;5;246m[[0m slides/slide07.jsx:70:47 [38;5;246m][0m
    [38;5;246m│[0m
 [38;5;246m70 │[0m [38;5;249mf[0m[38;5;249mu[0m[38;5;249mn[0m[38;5;249mc[0m[38;5;249mt[0m[38;5;249mi[0m[38;5;249mo[0m[38;5;249mn[0m[38;5;249m [0m[38;5;249mA[0m[38;5;249mu[0m[38;5;249md[0m[38;5;249mi[0m[38;5;249me[0m[38;5;249mn[0m[38;5;249mc[0m[38;5;249me[0m[38;5;249mC[0m[38;5;249mh[0m[38;5;249mi[0m[38;5;249mp[0m([38;5;249m{[0m[38;5;249m [0m[38;5;249ml[0m[38;5;249ma[0m[38;5;249mb[0m[38;5;249me[0m[38;5;249ml[0m[38;5;249m,[0m[38;5;249m [0m[38;5;249ma[0m[38;5;249mc[0m[38;5;249mc[0m[38;5;249me[0m[38;5;249mn[0m[38;5;249mt[0m[38;5;249m,[0m[38;5;249m [0m[38;5;249mi[0m[38;5;249mn[0m[38;5;249md[0m[38;5;249me[0m[38;5;249mx[0m[38;5;249m [0m[38;5;249m}[0m:[38;5;249m [0m[38;5;249m{[0m[38;5;249m [0m[38;5;249ml[0m[38;5;249ma[0m[38;5;249mb[0m[38;5;249me[0m[38;5;249ml[0m[38;5;249m:[0m[38;5;249m [0m[38;5;249ms[0m[38;5;249mt[0m[38;5;249mr[0m[38;5;249mi[0m[38;5;249mn[0m[38;5;249mg[0m[38;5;249m;[0m[38;5;249m [0m[38;5;249ma[0m[38;5;249mc[0m[38;5;249mc[0m[38;5;249me[0m[38;5;249mn[0m[38;5;249mt[0m[38;5;249m:[0m[38;5;249m [0m[38;5;249ms[0m[38;5;249mt[0m[38;5;249mr[0m[38;5;249mi[0m[38;5;249mn[0m[38;5;249mg[0m[38;5;249m;[0m[38;5;249m [0m[38;5;249mi[0m[38;5;249mn[0m[38;5;249md[0m[38;5;249me[0m[38;5;249mx[0m[38;5;249m:[0m[38;5;249m [0m[38;5;249mn[0m[38;5;249mu[0m[38;5;249mm[0m[38;5;249mb[0m[38;5;249me[0m[38;5;249mr[0m[38;5;249m [0m[38;5;249m}[0m[38;5;249m)[0m[38;5;249m [0m[38;5;249m{[0m
 [38;5;240m   │[0m                      ┬                        ┬  
 [38;5;240m   │[0m                      ╰─────────────────────────── Opened here
 [38;5;240m   │[0m                                               │  
 [38;5;240m   │[0m                                               ╰── `,` or `)` expected
[38;5;246m────╯[0m
[39m
  Plugin: [35mvite:oxc[39m
  File: [36mC:/Users/sebas/Documents/retateydejahuella/slides/slide07.jsx[39m
      at transformWithOxc (file:///C:/Users/sebas/Documents/retateydejahuella/node_modules/vite/dist/node/chunks/node.js:3340:19)
      at TransformPluginContext.transform (file:///C:/Users/sebas/Documents/retateydejahuella/node_modules/vite/dist/node/chunks/node.js:3408:26)
      at EnvironmentPluginContainer.transform (file:///C:/Users/sebas/Documents/retateydejahuella/node_modules/vite/dist/node/chunks/node.js:30193:51)
      at async loadAndTransform (file:///C:/Users/sebas/Documents/retateydejahuella/node_modules/vite/dist/node/chunks/node.js:24511:26)
      at async viteTransformMiddleware (file:///C:/Users/sebas/Documents/retateydejahuella/node_modules/vite/dist/node/chunks/node.js:24305:20)
[2m4:42:54 a.m.[22m [31m[1m[vite][22m[39m [31mInternal server error: Transform failed with 1 error:

[31m[PARSE_ERROR] Error:[0m Expected `,` or `)` but found `:`
    [38;5;246m╭[0m[38;5;246m─[0m[38;5;246m[[0m slides/slide07.jsx:70:47 [38;5;246m][0m
    [38;5;246m│[0m
 [38;5;246m70 │[0m [38;5;249mf[0m[38;5;249mu[0m[38;5;249mn[0m[38;5;249mc[0m[38;5;249mt[0m[38;5;249mi[0m[38;5;249mo[0m[38;5;249mn[0m[38;5;249m [0m[38;5;249mA[0m[38;5;249mu[0m[38;5;249md[0m[38;5;249mi[0m[38;5;249me[0m[38;5;249mn[0m[38;5;249mc[0m[38;5;249me[0m[38;5;249mC[0m[38;5;249mh[0m[38;5;249mi[0m[38;5;249mp[0m([38;5;249m{[0m[38;5;249m [0m[38;5;249ml[0m[38;5;249ma[0m[38;5;249mb[0m[38;5;249me[0m[38;5;249ml[0m[38;5;249m,[0m[38;5;249m [0m[38;5;249ma[0m[38;5;249mc[0m[38;5;249mc[0m[38;5;249me[0m[38;5;249mn[0m[38;5;249mt[0m[38;5;249m,[0m[38;5;249m [0m[38;5;249mi[0m[38;5;249mn[0m[38;5;249md[0m[38;5;249me[0m[38;5;249mx[0m[38;5;249m [0m[38;5;249m}[0m:[38;5;249m [0m[38;5;249m{[0m[38;5;249m [0m[38;5;249ml[0m[38;5;249ma[0m[38;5;249mb[0m[38;5;249me[0m[38;5;249ml[0m[38;5;249m:[0m[38;5;249m [0m[38;5;249ms[0m[38;5;249mt[0m[38;5;249mr[0m[38;5;249mi[0m[38;5;249mn[0m[38;5;249mg[0m[38;5;249m;[0m[38;5;249m [0m[38;5;249ma[0m[38;5;249mc[0m[38;5;249mc[0m[38;5;249me[0m[38;5;249mn[0m[38;5;249mt[0m[38;5;249m:[0m[38;5;249m [0m[38;5;249ms[0m[38;5;249mt[0m[38;5;249mr[0m[38;5;249mi[0m[38;5;249mn[0m[38;5;249mg[0m[38;5;249m;[0m[38;5;249m [0m[38;5;249mi[0m[38;5;249mn[0m[38;5;249md[0m[38;5;249me[0m[38;5;249mx[0m[38;5;249m:[0m[38;5;249m [0m[38;5;249mn[0m[38;5;249mu[0m[38;5;249mm[0m[38;5;249mb[0m[38;5;249me[0m[38;5;249mr[0m[38;5;249m [0m[38;5;249m}[0m[38;5;249m)[0m[38;5;249m [0m[38;5;249m{[0m
 [38;5;240m   │[0m                      ┬                        ┬  
 [38;5;240m   │[0m                      ╰─────────────────────────── Opened here
 [38;5;240m   │[0m                                               │  
 [38;5;240m   │[0m                                               ╰── `,` or `)` expected
[38;5;246m────╯[0m
[39m
  Plugin: [35mvite:oxc[39m
  File: [36mC:/Users/sebas/Documents/retateydejahuella/slides/slide07.jsx[39m
      at transformWithOxc (file:///C:/Users/sebas/Documents/retateydejahuella/node_modules/vite/dist/node/chunks/node.js:3340:19)
      at TransformPluginContext.transform (file:///C:/Users/sebas/Documents/retateydejahuella/node_modules/vite/dist/node/chunks/node.js:3408:26)
      at EnvironmentPluginContainer.transform (file:///C:/Users/sebas/Documents/retateydejahuella/node_modules/vite/dist/node/chunks/node.js:30193:51)
      at async loadAndTransform (file:///C:/Users/sebas/Documents/retateydejahuella/node_modules/vite/dist/node/chunks/node.js:24511:26)
[2m4:42:54 a.m.[22m [31m[1m[vite][22m[39m [31mInternal server error: Transform failed with 1 error:

[31m[PARSE_ERROR] Error:[0m Expected `,` or `)` but found `:`
    [38;5;246m╭[0m[38;5;246m─[0m[38;5;246m[[0m slides/slide07.jsx:70:47 [38;5;246m][0m
    [38;5;246m│[0m
 [38;5;246m70 │[0m [38;5;249mf[0m[38;5;249mu[0m[38;5;249mn[0m[38;5;249mc[0m[38;5;249mt[0m[38;5;249mi[0m[38;5;249mo[0m[38;5;249mn[0m[38;5;249m [0m[38;5;249mA[0m[38;5;249mu[0m[38;5;249md[0m[38;5;249mi[0m[38;5;249me[0m[38;5;249mn[0m[38;5;249mc[0m[38;5;249me[0m[38;5;249mC[0m[38;5;249mh[0m[38;5;249mi[0m[38;5;249mp[0m([38;5;249m{[0m[38;5;249m [0m[38;5;249ml[0m[38;5;249ma[0m[38;5;249mb[0m[38;5;249me[0m[38;5;249ml[0m[38;5;249m,[0m[38;5;249m [0m[38;5;249ma[0m[38;5;249mc[0m[38;5;249mc[0m[38;5;249me[0m[38;5;249mn[0m[38;5;249mt[0m[38;5;249m,[0m[38;5;249m [0m[38;5;249mi[0m[38;5;249mn[0m[38;5;249md[0m[38;5;249me[0m[38;5;249mx[0m[38;5;249m [0m[38;5;249m}[0m:[38;5;249m [0m[38;5;249m{[0m[38;5;249m [0m[38;5;249ml[0m[38;5;249ma[0m[38;5;249mb[0m[38;5;249me[0m[38;5;249ml[0m[38;5;249m:[0m[38;5;249m [0m[38;5;249ms[0m[38;5;249mt[0m[38;5;249mr[0m[38;5;249mi[0m[38;5;249mn[0m[38;5;249mg[0m[38;5;249m;[0m[38;5;249m [0m[38;5;249ma[0m[38;5;249mc[0m[38;5;249mc[0m[38;5;249me[0m[38;5;249mn[0m[38;5;249mt[0m[38;5;249m:[0m[38;5;249m [0m[38;5;249ms[0m[38;5;249mt[0m[38;5;249mr[0m[38;5;249mi[0m[38;5;249mn[0m[38;5;249mg[0m[38;5;249m;[0m[38;5;249m [0m[38;5;249mi[0m[38;5;249mn[0m[38;5;249md[0m[38;5;249me[0m[38;5;249mx[0m[38;5;249m:[0m[38;5;249m [0m[38;5;249mn[0m[38;5;249mu[0m[38;5;249mm[0m[38;5;249mb[0m[38;5;249me[0m[38;5;249mr[0m[38;5;249m [0m[38;5;249m}[0m[38;5;249m)[0m[38;5;249m [0m[38;5;249m{[0m
 [38;5;240m   │[0m                      ┬                        ┬  
 [38;5;240m   │[0m                      ╰─────────────────────────── Opened here
 [38;5;240m   │[0m                                               │  
 [38;5;240m   │[0m                                               ╰── `,` or `)` expected
[38;5;246m────╯[0m
[39m
  Plugin: [35mvite:oxc[39m
  File: [36mC:/Users/sebas/Documents/retateydejahuella/slides/slide07.jsx[39m
      at transformWithOxc (file:///C:/Users/sebas/Documents/retateydejahuella/node_modules/vite/dist/node/chunks/node.js:3340:19)
      at TransformPluginContext.transform (file:///C:/Users/sebas/Documents/retateydejahuella/node_modules/vite/dist/node/chunks/node.js:3408:26)
      at EnvironmentPluginContainer.transform (file:///C:/Users/sebas/Documents/retateydejahuella/node_modules/vite/dist/node/chunks/node.js:30193:51)
      at async loadAndTransform (file:///C:/Users/sebas/Documents/retateydejahuella/node_modules/vite/dist/node/chunks/node.js:24511:26)
[2m4:42:54 a.m.[22m [31m[1m[vite][22m[39m [31m[2m(client)[22m[39m [2m[console.error] [22m[vite] Failed to reload /slides/slide07.jsx. This could be due to syntax errors or importing non-existent modules. (see errors above)
[2m4:42:54 a.m.[22m [31m[1m[vite][22m[39m [31m[2m(client)[22m[39m [2m[console.error] [22m[vite] Failed to reload /slides/slide07.jsx. This could be due to syntax errors or importing non-existent modules. (see errors above)
[2m4:42:54 a.m.[22m [31m[1m[vite][22m[39m [31mInternal server error: Transform failed with 1 error:

[31m[PARSE_ERROR] Error:[0m Expected `,` or `)` but found `:`
    [38;5;246m╭[0m[38;5;246m─[0m[38;5;246m[[0m slides/slide07.jsx:70:47 [38;5;246m][0m
    [38;5;246m│[0m
 [38;5;246m70 │[0m [38;5;249mf[0m[38;5;249mu[0m[38;5;249mn[0m[38;5;249mc[0m[38;5;249mt[0m[38;5;249mi[0m[38;5;249mo[0m[38;5;249mn[0m[38;5;249m [0m[38;5;249mA[0m[38;5;249mu[0m[38;5;249md[0m[38;5;249mi[0m[38;5;249me[0m[38;5;249mn[0m[38;5;249mc[0m[38;5;249me[0m[38;5;249mC[0m[38;5;249mh[0m[38;5;249mi[0m[38;5;249mp[0m([38;5;249m{[0m[38;5;249m [0m[38;5;249ml[0m[38;5;249ma[0m[38;5;249mb[0m[38;5;249me[0m[38;5;249ml[0m[38;5;249m,[0m[38;5;249m [0m[38;5;249ma[0m[38;5;249mc[0m[38;5;249mc[0m[38;5;249me[0m[38;5;249mn[0m[38;5;249mt[0m[38;5;249m,[0m[38;5;249m [0m[38;5;249mi[0m[38;5;249mn[0m[38;5;249md[0m[38;5;249me[0m[38;5;249mx[0m[38;5;249m [0m[38;5;249m}[0m:[38;5;249m [0m[38;5;249m{[0m[38;5;249m [0m[38;5;249ml[0m[38;5;249ma[0m[38;5;249mb[0m[38;5;249me[0m[38;5;249ml[0m[38;5;249m:[0m[38;5;249m [0m[38;5;249ms[0m[38;5;249mt[0m[38;5;249mr[0m[38;5;249mi[0m[38;5;249mn[0m[38;5;249mg[0m[38;5;249m;[0m[38;5;249m [0m[38;5;249ma[0m[38;5;249mc[0m[38;5;249mc[0m[38;5;249me[0m[38;5;249mn[0m[38;5;249mt[0m[38;5;249m:[0m[38;5;249m [0m[38;5;249ms[0m[38;5;249mt[0m[38;5;249mr[0m[38;5;249mi[0m[38;5;249mn[0m[38;5;249mg[0m[38;5;249m;[0m[38;5;249m [0m[38;5;249mi[0m[38;5;249mn[0m[38;5;249md[0m[38;5;249me[0m[38;5;249mx[0m[38;5;249m:[0m[38;5;249m [0m[38;5;249mn[0m[38;5;249mu[0m[38;5;249mm[0m[38;5;249mb[0m[38;5;249me[0m[38;5;249mr[0m[38;5;249m [0m[38;5;249m}[0m[38;5;249m)[0m[38;5;249m [0m[38;5;249m{[0m
 [38;5;240m   │[0m                      ┬                        ┬  
 [38;5;240m   │[0m                      ╰─────────────────────────── Opened here
 [38;5;240m   │[0m                                               │  
 [38;5;240m   │[0m                                               ╰── `,` or `)` expected
[38;5;246m────╯[0m
[39m
  Plugin: [35mvite:oxc[39m
  File: [36mC:/Users/sebas/Documents/retateydejahuella/slides/slide07.jsx[39m
      at transformWithOxc (file:///C:/Users/sebas/Documents/retateydejahuella/node_modules/vite/dist/node/chunks/node.js:3340:19)
      at TransformPluginContext.transform (file:///C:/Users/sebas/Documents/retateydejahuella/node_modules/vite/dist/node/chunks/node.js:3408:26)
      at EnvironmentPluginContainer.transform (file:///C:/Users/sebas/Documents/retateydejahuella/node_modules/vite/dist/node/chunks/node.js:30193:51)
      at async loadAndTransform (file:///C:/Users/sebas/Documents/retateydejahuella/node_modules/vite/dist/node/chunks/node.js:24511:26)
      at async viteTransformMiddleware (file:///C:/Users/sebas/Documents/retateydejahuella/node_modules/vite/dist/node/chunks/node.js:24305:20)
[2m4:42:54 a.m.[22m [31m[1m[vite][22m[39m [31m[2m(client)[22m[39m [2m[console.error] [22m[vite] Failed to reload /slides/slide07.jsx. This could be due to syntax errors or importing non-existent modules. (see errors above)
[2m4:42:54 a.m.[22m [31m[1m[vite][22m[39m [31m[2m(client)[22m[39m [2m[console.error] [22m[vite] Failed to reload /slides/slide07.jsx. This could be due to syntax errors or importing non-existent modules. (see errors above)
[2m4:43:11 a.m.[22m [31m[1m[vite][22m[39m [31mInternal server error: Transform failed with 1 error:

[31m[PARSE_ERROR] Error:[0m Expected `,` or `)` but found `:`
    [38;5;246m╭[0m[38;5;246m─[0m[38;5;246m[[0m slides/slide07.jsx:70:47 [38;5;246m][0m
    [38;5;246m│[0m
 [38;5;246m70 │[0m [38;5;249mf[0m[38;5;249mu[0m[38;5;249mn[0m[38;5;249mc[0m[38;5;249mt[0m[38;5;249mi[0m[38;5;249mo[0m[38;5;249mn[0m[38;5;249m [0m[38;5;249mA[0m[38;5;249mu[0m[38;5;249md[0m[38;5;249mi[0m[38;5;249me[0m[38;5;249mn[0m[38;5;249mc[0m[38;5;249me[0m[38;5;249mC[0m[38;5;249mh[0m[38;5;249mi[0m[38;5;249mp[0m([38;5;249m{[0m[38;5;249m [0m[38;5;249ml[0m[38;5;249ma[0m[38;5;249mb[0m[38;5;249me[0m[38;5;249ml[0m[38;5;249m,[0m[38;5;249m [0m[38;5;249ma[0m[38;5;249mc[0m[38;5;249mc[0m[38;5;249me[0m[38;5;249mn[0m[38;5;249mt[0m[38;5;249m,[0m[38;5;249m [0m[38;5;249mi[0m[38;5;249mn[0m[38;5;249md[0m[38;5;249me[0m[38;5;249mx[0m[38;5;249m [0m[38;5;249m}[0m:[38;5;249m [0m[38;5;249m{[0m[38;5;249m [0m[38;5;249ml[0m[38;5;249ma[0m[38;5;249mb[0m[38;5;249me[0m[38;5;249ml[0m[38;5;249m:[0m[38;5;249m [0m[38;5;249ms[0m[38;5;249mt[0m[38;5;249mr[0m[38;5;249mi[0m[38;5;249mn[0m[38;5;249mg[0m[38;5;249m;[0m[38;5;249m [0m[38;5;249ma[0m[38;5;249mc[0m[38;5;249mc[0m[38;5;249me[0m[38;5;249mn[0m[38;5;249mt[0m[38;5;249m:[0m[38;5;249m [0m[38;5;249ms[0m[38;5;249mt[0m[38;5;249mr[0m[38;5;249mi[0m[38;5;249mn[0m[38;5;249mg[0m[38;5;249m;[0m[38;5;249m [0m[38;5;249mi[0m[38;5;249mn[0m[38;5;249md[0m[38;5;249me[0m[38;5;249mx[0m[38;5;249m:[0m[38;5;249m [0m[38;5;249mn[0m[38;5;249mu[0m[38;5;249mm[0m[38;5;249mb[0m[38;5;249me[0m[38;5;249mr[0m[38;5;249m [0m[38;5;249m}[0m[38;5;249m)[0m[38;5;249m [0m[38;5;249m{[0m
 [38;5;240m   │[0m                      ┬                        ┬  
 [38;5;240m   │[0m                      ╰─────────────────────────── Opened here
 [38;5;240m   │[0m                                               │  
 [38;5;240m   │[0m                                               ╰── `,` or `)` expected
[38;5;246m────╯[0m
[39m
  Plugin: [35mvite:oxc[39m
  File: [36mC:/Users/sebas/Documents/retateydejahuella/slides/slide07.jsx[39m
      at transformWithOxc (file:///C:/Users/sebas/Documents/retateydejahuella/node_modules/vite/dist/node/chunks/node.js:3340:19)
      at TransformPluginContext.transform (file:///C:/Users/sebas/Documents/retateydejahuella/node_modules/vite/dist/node/chunks/node.js:3408:26)
      at EnvironmentPluginContainer.transform (file:///C:/Users/sebas/Documents/retateydejahuella/node_modules/vite/dist/node/chunks/node.js:30193:51)
      at async loadAndTransform (file:///C:/Users/sebas/Documents/retateydejahuella/node_modules/vite/dist/node/chunks/node.js:24511:26)
[2m4:43:11 a.m.[22m [31m[1m[vite][22m[39m [31mInternal server error: Transform failed with 1 error:

[31m[PARSE_ERROR] Error:[0m Expected `,` or `)` but found `:`
    [38;5;246m╭[0m[38;5;246m─[0m[38;5;246m[[0m slides/slide07.jsx:70:47 [38;5;246m][0m
    [38;5;246m│[0m
 [38;5;246m70 │[0m [38;5;249mf[0m[38;5;249mu[0m[38;5;249mn[0m[38;5;249mc[0m[38;5;249mt[0m[38;5;249mi[0m[38;5;249mo[0m[38;5;249mn[0m[38;5;249m [0m[38;5;249mA[0m[38;5;249mu[0m[38;5;249md[0m[38;5;249mi[0m[38;5;249me[0m[38;5;249mn[0m[38;5;249mc[0m[38;5;249me[0m[38;5;249mC[0m[38;5;249mh[0m[38;5;249mi[0m[38;5;249mp[0m([38;5;249m{[0m[38;5;249m [0m[38;5;249ml[0m[38;5;249ma[0m[38;5;249mb[0m[38;5;249me[0m[38;5;249ml[0m[38;5;249m,[0m[38;5;249m [0m[38;5;249ma[0m[38;5;249mc[0m[38;5;249mc[0m[38;5;249me[0m[38;5;249mn[0m[38;5;249mt[0m[38;5;249m,[0m[38;5;249m [0m[38;5;249mi[0m[38;5;249mn[0m[38;5;249md[0m[38;5;249me[0m[38;5;249mx[0m[38;5;249m [0m[38;5;249m}[0m:[38;5;249m [0m[38;5;249m{[0m[38;5;249m [0m[38;5;249ml[0m[38;5;249ma[0m[38;5;249mb[0m[38;5;249me[0m[38;5;249ml[0m[38;5;249m:[0m[38;5;249m [0m[38;5;249ms[0m[38;5;249mt[0m[38;5;249mr[0m[38;5;249mi[0m[38;5;249mn[0m[38;5;249mg[0m[38;5;249m;[0m[38;5;249m [0m[38;5;249ma[0m[38;5;249mc[0m[38;5;249mc[0m[38;5;249me[0m[38;5;249mn[0m[38;5;249mt[0m[38;5;249m:[0m[38;5;249m [0m[38;5;249ms[0m[38;5;249mt[0m[38;5;249mr[0m[38;5;249mi[0m[38;5;249mn[0m[38;5;249mg[0m[38;5;249m;[0m[38;5;249m [0m[38;5;249mi[0m[38;5;249mn[0m[38;5;249md[0m[38;5;249me[0m[38;5;249mx[0m[38;5;249m:[0m[38;5;249m [0m[38;5;249mn[0m[38;5;249mu[0m[38;5;249mm[0m[38;5;249mb[0m[38;5;249me[0m[38;5;249mr[0m[38;5;249m [0m[38;5;249m}[0m[38;5;249m)[0m[38;5;249m [0m[38;5;249m{[0m
 [38;5;240m   │[0m                      ┬                        ┬  
 [38;5;240m   │[0m                      ╰─────────────────────────── Opened here
 [38;5;240m   │[0m                                               │  
 [38;5;240m   │[0m                                               ╰── `,` or `)` expected
[38;5;246m────╯[0m
[39m
  Plugin: [35mvite:oxc[39m
  File: [36mC:/Users/sebas/Documents/retateydejahuella/slides/slide07.jsx[39m
      at transformWithOxc (file:///C:/Users/sebas/Documents/retateydejahuella/node_modules/vite/dist/node/chunks/node.js:3340:19)
      at TransformPluginContext.transform (file:///C:/Users/sebas/Documents/retateydejahuella/node_modules/vite/dist/node/chunks/node.js:3408:26)
      at EnvironmentPluginContainer.transform (file:///C:/Users/sebas/Documents/retateydejahuella/node_modules/vite/dist/node/chunks/node.js:30193:51)
      at async loadAndTransform (file:///C:/Users/sebas/Documents/retateydejahuella/node_modules/vite/dist/node/chunks/node.js:24511:26)
[2m4:43:11 a.m.[22m [31m[1m[vite][22m[39m [31mInternal server error: Transform failed with 1 error:

[31m[PARSE_ERROR] Error:[0m Expected `,` or `)` but found `:`
    [38;5;246m╭[0m[38;5;246m─[0m[38;5;246m[[0m slides/slide07.jsx:70:47 [38;5;246m][0m
    [38;5;246m│[0m
 [38;5;246m70 │[0m [38;5;249mf[0m[38;5;249mu[0m[38;5;249mn[0m[38;5;249mc[0m[38;5;249mt[0m[38;5;249mi[0m[38;5;249mo[0m[38;5;249mn[0m[38;5;249m [0m[38;5;249mA[0m[38;5;249mu[0m[38;5;249md[0m[38;5;249mi[0m[38;5;249me[0m[38;5;249mn[0m[38;5;249mc[0m[38;5;249me[0m[38;5;249mC[0m[38;5;249mh[0m[38;5;249mi[0m[38;5;249mp[0m([38;5;249m{[0m[38;5;249m [0m[38;5;249ml[0m[38;5;249ma[0m[38;5;249mb[0m[38;5;249me[0m[38;5;249ml[0m[38;5;249m,[0m[38;5;249m [0m[38;5;249ma[0m[38;5;249mc[0m[38;5;249mc[0m[38;5;249me[0m[38;5;249mn[0m[38;5;249mt[0m[38;5;249m,[0m[38;5;249m [0m[38;5;249mi[0m[38;5;249mn[0m[38;5;249md[0m[38;5;249me[0m[38;5;249mx[0m[38;5;249m [0m[38;5;249m}[0m:[38;5;249m [0m[38;5;249m{[0m[38;5;249m [0m[38;5;249ml[0m[38;5;249ma[0m[38;5;249mb[0m[38;5;249me[0m[38;5;249ml[0m[38;5;249m:[0m[38;5;249m [0m[38;5;249ms[0m[38;5;249mt[0m[38;5;249mr[0m[38;5;249mi[0m[38;5;249mn[0m[38;5;249mg[0m[38;5;249m;[0m[38;5;249m [0m[38;5;249ma[0m[38;5;249mc[0m[38;5;249mc[0m[38;5;249me[0m[38;5;249mn[0m[38;5;249mt[0m[38;5;249m:[0m[38;5;249m [0m[38;5;249ms[0m[38;5;249mt[0m[38;5;249mr[0m[38;5;249mi[0m[38;5;249mn[0m[38;5;249mg[0m[38;5;249m;[0m[38;5;249m [0m[38;5;249mi[0m[38;5;249mn[0m[38;5;249md[0m[38;5;249me[0m[38;5;249mx[0m[38;5;249m:[0m[38;5;249m [0m[38;5;249mn[0m[38;5;249mu[0m[38;5;249mm[0m[38;5;249mb[0m[38;5;249me[0m[38;5;249mr[0m[38;5;249m [0m[38;5;249m}[0m[38;5;249m)[0m[38;5;249m [0m[38;5;249m{[0m
 [38;5;240m   │[0m                      ┬                        ┬  
 [38;5;240m   │[0m                      ╰─────────────────────────── Opened here
 [38;5;240m   │[0m                                               │  
 [38;5;240m   │[0m                                               ╰── `,` or `)` expected
[38;5;246m────╯[0m
[39m
  Plugin: [35mvite:oxc[39m
  File: [36mC:/Users/sebas/Documents/retateydejahuella/slides/slide07.jsx[39m
      at transformWithOxc (file:///C:/Users/sebas/Documents/retateydejahuella/node_modules/vite/dist/node/chunks/node.js:3340:19)
      at TransformPluginContext.transform (file:///C:/Users/sebas/Documents/retateydejahuella/node_modules/vite/dist/node/chunks/node.js:3408:26)
      at EnvironmentPluginContainer.transform (file:///C:/Users/sebas/Documents/retateydejahuella/node_modules/vite/dist/node/chunks/node.js:30193:51)
      at async loadAndTransform (file:///C:/Users/sebas/Documents/retateydejahuella/node_modules/vite/dist/node/chunks/node.js:24511:26)
[2m4:43:11 a.m.[22m [31m[1m[vite][22m[39m [31m[2m(client)[22m[39m [2m[console.error] [22m[vite] Failed to reload /slides/slide07.jsx. This could be due to syntax errors or importing non-existent modules. (see errors above)
[2m4:43:11 a.m.[22m [31m[1m[vite][22m[39m [31m[2m(client)[22m[39m [2m[console.error] [22m[vite] Failed to reload /slides/slide07.jsx. This could be due to syntax errors or importing non-existent modules. (see errors above)
[2m4:43:11 a.m.[22m [31m[1m[vite][22m[39m [31m[2m(client)[22m[39m [2m[console.error] [22m[vite] Failed to reload /slides/slide07.jsx. This could be due to syntax errors or importing non-existent modules. (see errors above)
[2m4:43:11 a.m.[22m [31m[1m[vite][22m[39m [31mInternal server error: Transform failed with 1 error:

[31m[PARSE_ERROR] Error:[0m Expected `,` or `)` but found `:`
    [38;5;246m╭[0m[38;5;246m─[0m[38;5;246m[[0m slides/slide07.jsx:70:47 [38;5;246m][0m
    [38;5;246m│[0m
 [38;5;246m70 │[0m [38;5;249mf[0m[38;5;249mu[0m[38;5;249mn[0m[38;5;249mc[0m[38;5;249mt[0m[38;5;249mi[0m[38;5;249mo[0m[38;5;249mn[0m[38;5;249m [0m[38;5;249mA[0m[38;5;249mu[0m[38;5;249md[0m[38;5;249mi[0m[38;5;249me[0m[38;5;249mn[0m[38;5;249mc[0m[38;5;249me[0m[38;5;249mC[0m[38;5;249mh[0m[38;5;249mi[0m[38;5;249mp[0m([38;5;249m{[0m[38;5;249m [0m[38;5;249ml[0m[38;5;249ma[0m[38;5;249mb[0m[38;5;249me[0m[38;5;249ml[0m[38;5;249m,[0m[38;5;249m [0m[38;5;249ma[0m[38;5;249mc[0m[38;5;249mc[0m[38;5;249me[0m[38;5;249mn[0m[38;5;249mt[0m[38;5;249m,[0m[38;5;249m [0m[38;5;249mi[0m[38;5;249mn[0m[38;5;249md[0m[38;5;249me[0m[38;5;249mx[0m[38;5;249m [0m[38;5;249m}[0m:[38;5;249m [0m[38;5;249m{[0m[38;5;249m [0m[38;5;249ml[0m[38;5;249ma[0m[38;5;249mb[0m[38;5;249me[0m[38;5;249ml[0m[38;5;249m:[0m[38;5;249m [0m[38;5;249ms[0m[38;5;249mt[0m[38;5;249mr[0m[38;5;249mi[0m[38;5;249mn[0m[38;5;249mg[0m[38;5;249m;[0m[38;5;249m [0m[38;5;249ma[0m[38;5;249mc[0m[38;5;249mc[0m[38;5;249me[0m[38;5;249mn[0m[38;5;249mt[0m[38;5;249m:[0m[38;5;249m [0m[38;5;249ms[0m[38;5;249mt[0m[38;5;249mr[0m[38;5;249mi[0m[38;5;249mn[0m[38;5;249mg[0m[38;5;249m;[0m[38;5;249m [0m[38;5;249mi[0m[38;5;249mn[0m[38;5;249md[0m[38;5;249me[0m[38;5;249mx[0m[38;5;249m:[0m[38;5;249m [0m[38;5;249mn[0m[38;5;249mu[0m[38;5;249mm[0m[38;5;249mb[0m[38;5;249me[0m[38;5;249mr[0m[38;5;249m [0m[38;5;249m}[0m[38;5;249m)[0m[38;5;249m [0m[38;5;249m{[0m
 [38;5;240m   │[0m                      ┬                        ┬  
 [38;5;240m   │[0m                      ╰─────────────────────────── Opened here
 [38;5;240m   │[0m                                               │  
 [38;5;240m   │[0m                                               ╰── `,` or `)` expected
[38;5;246m────╯[0m
[39m
  Plugin: [35mvite:oxc[39m
  File: [36mC:/Users/sebas/Documents/retateydejahuella/slides/slide07.jsx[39m
      at transformWithOxc (file:///C:/Users/sebas/Documents/retateydejahuella/node_modules/vite/dist/node/chunks/node.js:3340:19)
      at TransformPluginContext.transform (file:///C:/Users/sebas/Documents/retateydejahuella/node_modules/vite/dist/node/chunks/node.js:3408:26)
      at EnvironmentPluginContainer.transform (file:///C:/Users/sebas/Documents/retateydejahuella/node_modules/vite/dist/node/chunks/node.js:30193:51)
      at async loadAndTransform (file:///C:/Users/sebas/Documents/retateydejahuella/node_modules/vite/dist/node/chunks/node.js:24511:26)
[2m4:43:11 a.m.[22m [31m[1m[vite][22m[39m [31mInternal server error: Transform failed with 1 error:

[31m[PARSE_ERROR] Error:[0m Expected `,` or `)` but found `:`
    [38;5;246m╭[0m[38;5;246m─[0m[38;5;246m[[0m slides/slide07.jsx:70:47 [38;5;246m][0m
    [38;5;246m│[0m
 [38;5;246m70 │[0m [38;5;249mf[0m[38;5;249mu[0m[38;5;249mn[0m[38;5;249mc[0m[38;5;249mt[0m[38;5;249mi[0m[38;5;249mo[0m[38;5;249mn[0m[38;5;249m [0m[38;5;249mA[0m[38;5;249mu[0m[38;5;249md[0m[38;5;249mi[0m[38;5;249me[0m[38;5;249mn[0m[38;5;249mc[0m[38;5;249me[0m[38;5;249mC[0m[38;5;249mh[0m[38;5;249mi[0m[38;5;249mp[0m([38;5;249m{[0m[38;5;249m [0m[38;5;249ml[0m[38;5;249ma[0m[38;5;249mb[0m[38;5;249me[0m[38;5;249ml[0m[38;5;249m,[0m[38;5;249m [0m[38;5;249ma[0m[38;5;249mc[0m[38;5;249mc[0m[38;5;249me[0m[38;5;249mn[0m[38;5;249mt[0m[38;5;249m,[0m[38;5;249m [0m[38;5;249mi[0m[38;5;249mn[0m[38;5;249md[0m[38;5;249me[0m[38;5;249mx[0m[38;5;249m [0m[38;5;249m}[0m:[38;5;249m [0m[38;5;249m{[0m[38;5;249m [0m[38;5;249ml[0m[38;5;249ma[0m[38;5;249mb[0m[38;5;249me[0m[38;5;249ml[0m[38;5;249m:[0m[38;5;249m [0m[38;5;249ms[0m[38;5;249mt[0m[38;5;249mr[0m[38;5;249mi[0m[38;5;249mn[0m[38;5;249mg[0m[38;5;249m;[0m[38;5;249m [0m[38;5;249ma[0m[38;5;249mc[0m[38;5;249mc[0m[38;5;249me[0m[38;5;249mn[0m[38;5;249mt[0m[38;5;249m:[0m[38;5;249m [0m[38;5;249ms[0m[38;5;249mt[0m[38;5;249mr[0m[38;5;249mi[0m[38;5;249mn[0m[38;5;249mg[0m[38;5;249m;[0m[38;5;249m [0m[38;5;249mi[0m[38;5;249mn[0m[38;5;249md[0m[38;5;249me[0m[38;5;249mx[0m[38;5;249m:[0m[38;5;249m [0m[38;5;249mn[0m[38;5;249mu[0m[38;5;249mm[0m[38;5;249mb[0m[38;5;249me[0m[38;5;249mr[0m[38;5;249m [0m[38;5;249m}[0m[38;5;249m)[0m[38;5;249m [0m[38;5;249m{[0m
 [38;5;240m   │[0m                      ┬                        ┬  
 [38;5;240m   │[0m                      ╰─────────────────────────── Opened here
 [38;5;240m   │[0m                                               │  
 [38;5;240m   │[0m                                               ╰── `,` or `)` expected
[38;5;246m────╯[0m
[39m
  Plugin: [35mvite:oxc[39m
  File: [36mC:/Users/sebas/Documents/retateydejahuella/slides/slide07.jsx[39m
      at transformWithOxc (file:///C:/Users/sebas/Documents/retateydejahuella/node_modules/vite/dist/node/chunks/node.js:3340:19)
      at TransformPluginContext.transform (file:///C:/Users/sebas/Documents/retateydejahuella/node_modules/vite/dist/node/chunks/node.js:3408:26)
      at EnvironmentPluginContainer.transform (file:///C:/Users/sebas/Documents/retateydejahuella/node_modules/vite/dist/node/chunks/node.js:30193:51)
      at async loadAndTransform (file:///C:/Users/sebas/Documents/retateydejahuella/node_modules/vite/dist/node/chunks/node.js:24511:26)
[2m4:43:11 a.m.[22m [31m[1m[vite][22m[39m [31mInternal server error: Transform failed with 1 error:

[31m[PARSE_ERROR] Error:[0m Expected `,` or `)` but found `:`
    [38;5;246m╭[0m[38;5;246m─[0m[38;5;246m[[0m slides/slide07.jsx:70:47 [38;5;246m][0m
    [38;5;246m│[0m
 [38;5;246m70 │[0m [38;5;249mf[0m[38;5;249mu[0m[38;5;249mn[0m[38;5;249mc[0m[38;5;249mt[0m[38;5;249mi[0m[38;5;249mo[0m[38;5;249mn[0m[38;5;249m [0m[38;5;249mA[0m[38;5;249mu[0m[38;5;249md[0m[38;5;249mi[0m[38;5;249me[0m[38;5;249mn[0m[38;5;249mc[0m[38;5;249me[0m[38;5;249mC[0m[38;5;249mh[0m[38;5;249mi[0m[38;5;249mp[0m([38;5;249m{[0m[38;5;249m [0m[38;5;249ml[0m[38;5;249ma[0m[38;5;249mb[0m[38;5;249me[0m[38;5;249ml[0m[38;5;249m,[0m[38;5;249m [0m[38;5;249ma[0m[38;5;249mc[0m[38;5;249mc[0m[38;5;249me[0m[38;5;249mn[0m[38;5;249mt[0m[38;5;249m,[0m[38;5;249m [0m[38;5;249mi[0m[38;5;249mn[0m[38;5;249md[0m[38;5;249me[0m[38;5;249mx[0m[38;5;249m [0m[38;5;249m}[0m:[38;5;249m [0m[38;5;249m{[0m[38;5;249m [0m[38;5;249ml[0m[38;5;249ma[0m[38;5;249mb[0m[38;5;249me[0m[38;5;249ml[0m[38;5;249m:[0m[38;5;249m [0m[38;5;249ms[0m[38;5;249mt[0m[38;5;249mr[0m[38;5;249mi[0m[38;5;249mn[0m[38;5;249mg[0m[38;5;249m;[0m[38;5;249m [0m[38;5;249ma[0m[38;5;249mc[0m[38;5;249mc[0m[38;5;249me[0m[38;5;249mn[0m[38;5;249mt[0m[38;5;249m:[0m[38;5;249m [0m[38;5;249ms[0m[38;5;249mt[0m[38;5;249mr[0m[38;5;249mi[0m[38;5;249mn[0m[38;5;249mg[0m[38;5;249m;[0m[38;5;249m [0m[38;5;249mi[0m[38;5;249mn[0m[38;5;249md[0m[38;5;249me[0m[38;5;249mx[0m[38;5;249m:[0m[38;5;249m [0m[38;5;249mn[0m[38;5;249mu[0m[38;5;249mm[0m[38;5;249mb[0m[38;5;249me[0m[38;5;249mr[0m[38;5;249m [0m[38;5;249m}[0m[38;5;249m)[0m[38;5;249m [0m[38;5;249m{[0m
 [38;5;240m   │[0m                      ┬                        ┬  
 [38;5;240m   │[0m                      ╰─────────────────────────── Opened here
 [38;5;240m   │[0m                                               │  
 [38;5;240m   │[0m                                               ╰── `,` or `)` expected
[38;5;246m────╯[0m
[39m
  Plugin: [35mvite:oxc[39m
  File: [36mC:/Users/sebas/Documents/retateydejahuella/slides/slide07.jsx[39m
      at transformWithOxc (file:///C:/Users/sebas/Documents/retateydejahuella/node_modules/vite/dist/node/chunks/node.js:3340:19)
      at TransformPluginContext.transform (file:///C:/Users/sebas/Documents/retateydejahuella/node_modules/vite/dist/node/chunks/node.js:3408:26)
      at EnvironmentPluginContainer.transform (file:///C:/Users/sebas/Documents/retateydejahuella/node_modules/vite/dist/node/chunks/node.js:30193:51)
      at async loadAndTransform (file:///C:/Users/sebas/Documents/retateydejahuella/node_modules/vite/dist/node/chunks/node.js:24511:26)
      at async viteTransformMiddleware (file:///C:/Users/sebas/Documents/retateydejahuella/node_modules/vite/dist/node/chunks/node.js:24305:20)
[2m4:43:11 a.m.[22m [31m[1m[vite][22m[39m [31m[2m(client)[22m[39m [2m[console.error] [22m[vite] Failed to reload /slides/slide07.jsx. This could be due to syntax errors or importing non-existent modules. (see errors above)
[2m4:43:11 a.m.[22m [31m[1m[vite][22m[39m [31m[2m(client)[22m[39m [2m[console.error] [22m[vite] Failed to reload /slides/slide07.jsx. This could be due to syntax errors or importing non-existent modules. (see errors above)
[2m4:43:11 a.m.[22m [31m[1m[vite][22m[39m [31m[2m(client)[22m[39m [2m[console.error] [22m[vite] Failed to reload /slides/slide07.jsx. This could be due to syntax errors or importing non-existent modules. (see errors above)
[2m4:43:11 a.m.[22m [31m[1m[vite][22m[39m [31mInternal server error: Transform failed with 1 error:

[31m[PARSE_ERROR] Error:[0m Expected `,` or `)` but found `:`
    [38;5;246m╭[0m[38;5;246m─[0m[38;5;246m[[0m slides/slide07.jsx:70:47 [38;5;246m][0m
    [38;5;246m│[0m
 [38;5;246m70 │[0m [38;5;249mf[0m[38;5;249mu[0m[38;5;249mn[0m[38;5;249mc[0m[38;5;249mt[0m[38;5;249mi[0m[38;5;249mo[0m[38;5;249mn[0m[38;5;249m [0m[38;5;249mA[0m[38;5;249mu[0m[38;5;249md[0m[38;5;249mi[0m[38;5;249me[0m[38;5;249mn[0m[38;5;249mc[0m[38;5;249me[0m[38;5;249mC[0m[38;5;249mh[0m[38;5;249mi[0m[38;5;249mp[0m([38;5;249m{[0m[38;5;249m [0m[38;5;249ml[0m[38;5;249ma[0m[38;5;249mb[0m[38;5;249me[0m[38;5;249ml[0m[38;5;249m,[0m[38;5;249m [0m[38;5;249ma[0m[38;5;249mc[0m[38;5;249mc[0m[38;5;249me[0m[38;5;249mn[0m[38;5;249mt[0m[38;5;249m,[0m[38;5;249m [0m[38;5;249mi[0m[38;5;249mn[0m[38;5;249md[0m[38;5;249me[0m[38;5;249mx[0m[38;5;249m [0m[38;5;249m}[0m:[38;5;249m [0m[38;5;249m{[0m[38;5;249m [0m[38;5;249ml[0m[38;5;249ma[0m[38;5;249mb[0m[38;5;249me[0m[38;5;249ml[0m[38;5;249m:[0m[38;5;249m [0m[38;5;249ms[0m[38;5;249mt[0m[38;5;249mr[0m[38;5;249mi[0m[38;5;249mn[0m[38;5;249mg[0m[38;5;249m;[0m[38;5;249m [0m[38;5;249ma[0m[38;5;249mc[0m[38;5;249mc[0m[38;5;249me[0m[38;5;249mn[0m[38;5;249mt[0m[38;5;249m:[0m[38;5;249m [0m[38;5;249ms[0m[38;5;249mt[0m[38;5;249mr[0m[38;5;249mi[0m[38;5;249mn[0m[38;5;249mg[0m[38;5;249m;[0m[38;5;249m [0m[38;5;249mi[0m[38;5;249mn[0m[38;5;249md[0m[38;5;249me[0m[38;5;249mx[0m[38;5;249m:[0m[38;5;249m [0m[38;5;249mn[0m[38;5;249mu[0m[38;5;249mm[0m[38;5;249mb[0m[38;5;249me[0m[38;5;249mr[0m[38;5;249m [0m[38;5;249m}[0m[38;5;249m)[0m[38;5;249m [0m[38;5;249m{[0m
 [38;5;240m   │[0m                      ┬                        ┬  
 [38;5;240m   │[0m                      ╰─────────────────────────── Opened here
 [38;5;240m   │[0m                                               │  
 [38;5;240m   │[0m                                               ╰── `,` or `)` expected
[38;5;246m────╯[0m
[39m
  Plugin: [35mvite:oxc[39m
  File: [36mC:/Users/sebas/Documents/retateydejahuella/slides/slide07.jsx[39m
      at transformWithOxc (file:///C:/Users/sebas/Documents/retateydejahuella/node_modules/vite/dist/node/chunks/node.js:3340:19)
      at TransformPluginContext.transform (file:///C:/Users/sebas/Documents/retateydejahuella/node_modules/vite/dist/node/chunks/node.js:3408:26)
      at EnvironmentPluginContainer.transform (file:///C:/Users/sebas/Documents/retateydejahuella/node_modules/vite/dist/node/chunks/node.js:30193:51)
      at async loadAndTransform (file:///C:/Users/sebas/Documents/retateydejahuella/node_modules/vite/dist/node/chunks/node.js:24511:26)
[2m4:43:11 a.m.[22m [31m[1m[vite][22m[39m [31mInternal server error: Transform failed with 1 error:

[31m[PARSE_ERROR] Error:[0m Expected `,` or `)` but found `:`
    [38;5;246m╭[0m[38;5;246m─[0m[38;5;246m[[0m slides/slide07.jsx:70:47 [38;5;246m][0m
    [38;5;246m│[0m
 [38;5;246m70 │[0m [38;5;249mf[0m[38;5;249mu[0m[38;5;249mn[0m[38;5;249mc[0m[38;5;249mt[0m[38;5;249mi[0m[38;5;249mo[0m[38;5;249mn[0m[38;5;249m [0m[38;5;249mA[0m[38;5;249mu[0m[38;5;249md[0m[38;5;249mi[0m[38;5;249me[0m[38;5;249mn[0m[38;5;249mc[0m[38;5;249me[0m[38;5;249mC[0m[38;5;249mh[0m[38;5;249mi[0m[38;5;249mp[0m([38;5;249m{[0m[38;5;249m [0m[38;5;249ml[0m[38;5;249ma[0m[38;5;249mb[0m[38;5;249me[0m[38;5;249ml[0m[38;5;249m,[0m[38;5;249m [0m[38;5;249ma[0m[38;5;249mc[0m[38;5;249mc[0m[38;5;249me[0m[38;5;249mn[0m[38;5;249mt[0m[38;5;249m,[0m[38;5;249m [0m[38;5;249mi[0m[38;5;249mn[0m[38;5;249md[0m[38;5;249me[0m[38;5;249mx[0m[38;5;249m [0m[38;5;249m}[0m:[38;5;249m [0m[38;5;249m{[0m[38;5;249m [0m[38;5;249ml[0m[38;5;249ma[0m[38;5;249mb[0m[38;5;249me[0m[38;5;249ml[0m[38;5;249m:[0m[38;5;249m [0m[38;5;249ms[0m[38;5;249mt[0m[38;5;249mr[0m[38;5;249mi[0m[38;5;249mn[0m[38;5;249mg[0m[38;5;249m;[0m[38;5;249m [0m[38;5;249ma[0m[38;5;249mc[0m[38;5;249mc[0m[38;5;249me[0m[38;5;249mn[0m[38;5;249mt[0m[38;5;249m:[0m[38;5;249m [0m[38;5;249ms[0m[38;5;249mt[0m[38;5;249mr[0m[38;5;249mi[0m[38;5;249mn[0m[38;5;249mg[0m[38;5;249m;[0m[38;5;249m [0m[38;5;249mi[0m[38;5;249mn[0m[38;5;249md[0m[38;5;249me[0m[38;5;249mx[0m[38;5;249m:[0m[38;5;249m [0m[38;5;249mn[0m[38;5;249mu[0m[38;5;249mm[0m[38;5;249mb[0m[38;5;249me[0m[38;5;249mr[0m[38;5;249m [0m[38;5;249m}[0m[38;5;249m)[0m[38;5;249m [0m[38;5;249m{[0m
 [38;5;240m   │[0m                      ┬                        ┬  
 [38;5;240m   │[0m                      ╰─────────────────────────── Opened here
 [38;5;240m   │[0m                                               │  
 [38;5;240m   │[0m                                               ╰── `,` or `)` expected
[38;5;246m────╯[0m
[39m
  Plugin: [35mvite:oxc[39m
  File: [36mC:/Users/sebas/Documents/retateydejahuella/slides/slide07.jsx[39m
      at transformWithOxc (file:///C:/Users/sebas/Documents/retateydejahuella/node_modules/vite/dist/node/chunks/node.js:3340:19)
      at TransformPluginContext.transform (file:///C:/Users/sebas/Documents/retateydejahuella/node_modules/vite/dist/node/chunks/node.js:3408:26)
      at EnvironmentPluginContainer.transform (file:///C:/Users/sebas/Documents/retateydejahuella/node_modules/vite/dist/node/chunks/node.js:30193:51)
      at async loadAndTransform (file:///C:/Users/sebas/Documents/retateydejahuella/node_modules/vite/dist/node/chunks/node.js:24511:26)
[2m4:43:11 a.m.[22m [31m[1m[vite][22m[39m [31mInternal server error: Transform failed with 1 error:

[31m[PARSE_ERROR] Error:[0m Expected `,` or `)` but found `:`
    [38;5;246m╭[0m[38;5;246m─[0m[38;5;246m[[0m slides/slide07.jsx:70:47 [38;5;246m][0m
    [38;5;246m│[0m
 [38;5;246m70 │[0m [38;5;249mf[0m[38;5;249mu[0m[38;5;249mn[0m[38;5;249mc[0m[38;5;249mt[0m[38;5;249mi[0m[38;5;249mo[0m[38;5;249mn[0m[38;5;249m [0m[38;5;249mA[0m[38;5;249mu[0m[38;5;249md[0m[38;5;249mi[0m[38;5;249me[0m[38;5;249mn[0m[38;5;249mc[0m[38;5;249me[0m[38;5;249mC[0m[38;5;249mh[0m[38;5;249mi[0m[38;5;249mp[0m([38;5;249m{[0m[38;5;249m [0m[38;5;249ml[0m[38;5;249ma[0m[38;5;249mb[0m[38;5;249me[0m[38;5;249ml[0m[38;5;249m,[0m[38;5;249m [0m[38;5;249ma[0m[38;5;249mc[0m[38;5;249mc[0m[38;5;249me[0m[38;5;249mn[0m[38;5;249mt[0m[38;5;249m,[0m[38;5;249m [0m[38;5;249mi[0m[38;5;249mn[0m[38;5;249md[0m[38;5;249me[0m[38;5;249mx[0m[38;5;249m [0m[38;5;249m}[0m:[38;5;249m [0m[38;5;249m{[0m[38;5;249m [0m[38;5;249ml[0m[38;5;249ma[0m[38;5;249mb[0m[38;5;249me[0m[38;5;249ml[0m[38;5;249m:[0m[38;5;249m [0m[38;5;249ms[0m[38;5;249mt[0m[38;5;249mr[0m[38;5;249mi[0m[38;5;249mn[0m[38;5;249mg[0m[38;5;249m;[0m[38;5;249m [0m[38;5;249ma[0m[38;5;249mc[0m[38;5;249mc[0m[38;5;249me[0m[38;5;249mn[0m[38;5;249mt[0m[38;5;249m:[0m[38;5;249m [0m[38;5;249ms[0m[38;5;249mt[0m[38;5;249mr[0m[38;5;249mi[0m[38;5;249mn[0m[38;5;249mg[0m[38;5;249m;[0m[38;5;249m [0m[38;5;249mi[0m[38;5;249mn[0m[38;5;249md[0m[38;5;249me[0m[38;5;249mx[0m[38;5;249m:[0m[38;5;249m [0m[38;5;249mn[0m[38;5;249mu[0m[38;5;249mm[0m[38;5;249mb[0m[38;5;249me[0m[38;5;249mr[0m[38;5;249m [0m[38;5;249m}[0m[38;5;249m)[0m[38;5;249m [0m[38;5;249m{[0m
 [38;5;240m   │[0m                      ┬                        ┬  
 [38;5;240m   │[0m                      ╰─────────────────────────── Opened here
 [38;5;240m   │[0m                                               │  
 [38;5;240m   │[0m                                               ╰── `,` or `)` expected
[38;5;246m────╯[0m
[39m
  Plugin: [35mvite:oxc[39m
  File: [36mC:/Users/sebas/Documents/retateydejahuella/slides/slide07.jsx[39m
      at transformWithOxc (file:///C:/Users/sebas/Documents/retateydejahuella/node_modules/vite/dist/node/chunks/node.js:3340:19)
      at TransformPluginContext.transform (file:///C:/Users/sebas/Documents/retateydejahuella/node_modules/vite/dist/node/chunks/node.js:3408:26)
      at EnvironmentPluginContainer.transform (file:///C:/Users/sebas/Documents/retateydejahuella/node_modules/vite/dist/node/chunks/node.js:30193:51)
      at async loadAndTransform (file:///C:/Users/sebas/Documents/retateydejahuella/node_modules/vite/dist/node/chunks/node.js:24511:26)
[2m4:43:11 a.m.[22m [31m[1m[vite][22m[39m [31m[2m(client)[22m[39m [2m[console.error] [22m[vite] Failed to reload /slides/slide07.jsx. This could be due to syntax errors or importing non-existent modules. (see errors above)
[2m4:43:11 a.m.[22m [31m[1m[vite][22m[39m [31m[2m(client)[22m[39m [2m[console.error] [22m[vite] Failed to reload /slides/slide07.jsx. This could be due to syntax errors or importing non-existent modules. (see errors above)
[2m4:43:11 a.m.[22m [31m[1m[vite][22m[39m [31m[2m(client)[22m[39m [2m[console.error] [22m[vite] Failed to reload /slides/slide07.jsx. This could be due to syntax errors or importing non-existent modules. (see errors above)
[2m4:43:11 a.m.[22m [31m[1m[vite][22m[39m [31mInternal server error: Transform failed with 1 error:

[31m[PARSE_ERROR] Error:[0m Expected `,` or `)` but found `:`
    [38;5;246m╭[0m[38;5;246m─[0m[38;5;246m[[0m slides/slide07.jsx:70:47 [38;5;246m][0m
    [38;5;246m│[0m
 [38;5;246m70 │[0m [38;5;249mf[0m[38;5;249mu[0m[38;5;249mn[0m[38;5;249mc[0m[38;5;249mt[0m[38;5;249mi[0m[38;5;249mo[0m[38;5;249mn[0m[38;5;249m [0m[38;5;249mA[0m[38;5;249mu[0m[38;5;249md[0m[38;5;249mi[0m[38;5;249me[0m[38;5;249mn[0m[38;5;249mc[0m[38;5;249me[0m[38;5;249mC[0m[38;5;249mh[0m[38;5;249mi[0m[38;5;249mp[0m([38;5;249m{[0m[38;5;249m [0m[38;5;249ml[0m[38;5;249ma[0m[38;5;249mb[0m[38;5;249me[0m[38;5;249ml[0m[38;5;249m,[0m[38;5;249m [0m[38;5;249ma[0m[38;5;249mc[0m[38;5;249mc[0m[38;5;249me[0m[38;5;249mn[0m[38;5;249mt[0m[38;5;249m,[0m[38;5;249m [0m[38;5;249mi[0m[38;5;249mn[0m[38;5;249md[0m[38;5;249me[0m[38;5;249mx[0m[38;5;249m [0m[38;5;249m}[0m:[38;5;249m [0m[38;5;249m{[0m[38;5;249m [0m[38;5;249ml[0m[38;5;249ma[0m[38;5;249mb[0m[38;5;249me[0m[38;5;249ml[0m[38;5;249m:[0m[38;5;249m [0m[38;5;249ms[0m[38;5;249mt[0m[38;5;249mr[0m[38;5;249mi[0m[38;5;249mn[0m[38;5;249mg[0m[38;5;249m;[0m[38;5;249m [0m[38;5;249ma[0m[38;5;249mc[0m[38;5;249mc[0m[38;5;249me[0m[38;5;249mn[0m[38;5;249mt[0m[38;5;249m:[0m[38;5;249m [0m[38;5;249ms[0m[38;5;249mt[0m[38;5;249mr[0m[38;5;249mi[0m[38;5;249mn[0m[38;5;249mg[0m[38;5;249m;[0m[38;5;249m [0m[38;5;249mi[0m[38;5;249mn[0m[38;5;249md[0m[38;5;249me[0m[38;5;249mx[0m[38;5;249m:[0m[38;5;249m [0m[38;5;249mn[0m[38;5;249mu[0m[38;5;249mm[0m[38;5;249mb[0m[38;5;249me[0m[38;5;249mr[0m[38;5;249m [0m[38;5;249m}[0m[38;5;249m)[0m[38;5;249m [0m[38;5;249m{[0m
 [38;5;240m   │[0m                      ┬                        ┬  
 [38;5;240m   │[0m                      ╰─────────────────────────── Opened here
 [38;5;240m   │[0m                                               │  
 [38;5;240m   │[0m                                               ╰── `,` or `)` expected
[38;5;246m────╯[0m
[39m
  Plugin: [35mvite:oxc[39m
  File: [36mC:/Users/sebas/Documents/retateydejahuella/slides/slide07.jsx[39m
      at transformWithOxc (file:///C:/Users/sebas/Documents/retateydejahuella/node_modules/vite/dist/node/chunks/node.js:3340:19)
      at TransformPluginContext.transform (file:///C:/Users/sebas/Documents/retateydejahuella/node_modules/vite/dist/node/chunks/node.js:3408:26)
      at EnvironmentPluginContainer.transform (file:///C:/Users/sebas/Documents/retateydejahuella/node_modules/vite/dist/node/chunks/node.js:30193:51)
      at async loadAndTransform (file:///C:/Users/sebas/Documents/retateydejahuella/node_modules/vite/dist/node/chunks/node.js:24511:26)
[2m4:43:11 a.m.[22m [31m[1m[vite][22m[39m [31mInternal server error: Transform failed with 1 error:

[31m[PARSE_ERROR] Error:[0m Expected `,` or `)` but found `:`
    [38;5;246m╭[0m[38;5;246m─[0m[38;5;246m[[0m slides/slide07.jsx:70:47 [38;5;246m][0m
    [38;5;246m│[0m
 [38;5;246m70 │[0m [38;5;249mf[0m[38;5;249mu[0m[38;5;249mn[0m[38;5;249mc[0m[38;5;249mt[0m[38;5;249mi[0m[38;5;249mo[0m[38;5;249mn[0m[38;5;249m [0m[38;5;249mA[0m[38;5;249mu[0m[38;5;249md[0m[38;5;249mi[0m[38;5;249me[0m[38;5;249mn[0m[38;5;249mc[0m[38;5;249me[0m[38;5;249mC[0m[38;5;249mh[0m[38;5;249mi[0m[38;5;249mp[0m([38;5;249m{[0m[38;5;249m [0m[38;5;249ml[0m[38;5;249ma[0m[38;5;249mb[0m[38;5;249me[0m[38;5;249ml[0m[38;5;249m,[0m[38;5;249m [0m[38;5;249ma[0m[38;5;249mc[0m[38;5;249mc[0m[38;5;249me[0m[38;5;249mn[0m[38;5;249mt[0m[38;5;249m,[0m[38;5;249m [0m[38;5;249mi[0m[38;5;249mn[0m[38;5;249md[0m[38;5;249me[0m[38;5;249mx[0m[38;5;249m [0m[38;5;249m}[0m:[38;5;249m [0m[38;5;249m{[0m[38;5;249m [0m[38;5;249ml[0m[38;5;249ma[0m[38;5;249mb[0m[38;5;249me[0m[38;5;249ml[0m[38;5;249m:[0m[38;5;249m [0m[38;5;249ms[0m[38;5;249mt[0m[38;5;249mr[0m[38;5;249mi[0m[38;5;249mn[0m[38;5;249mg[0m[38;5;249m;[0m[38;5;249m [0m[38;5;249ma[0m[38;5;249mc[0m[38;5;249mc[0m[38;5;249me[0m[38;5;249mn[0m[38;5;249mt[0m[38;5;249m:[0m[38;5;249m [0m[38;5;249ms[0m[38;5;249mt[0m[38;5;249mr[0m[38;5;249mi[0m[38;5;249mn[0m[38;5;249mg[0m[38;5;249m;[0m[38;5;249m [0m[38;5;249mi[0m[38;5;249mn[0m[38;5;249md[0m[38;5;249me[0m[38;5;249mx[0m[38;5;249m:[0m[38;5;249m [0m[38;5;249mn[0m[38;5;249mu[0m[38;5;249mm[0m[38;5;249mb[0m[38;5;249me[0m[38;5;249mr[0m[38;5;249m [0m[38;5;249m}[0m[38;5;249m)[0m[38;5;249m [0m[38;5;249m{[0m
 [38;5;240m   │[0m                      ┬                        ┬  
 [38;5;240m   │[0m                      ╰─────────────────────────── Opened here
 [38;5;240m   │[0m                                               │  
 [38;5;240m   │[0m                                               ╰── `,` or `)` expected
[38;5;246m────╯[0m
[39m
  Plugin: [35mvite:oxc[39m
  File: [36mC:/Users/sebas/Documents/retateydejahuella/slides/slide07.jsx[39m
      at transformWithOxc (file:///C:/Users/sebas/Documents/retateydejahuella/node_modules/vite/dist/node/chunks/node.js:3340:19)
      at TransformPluginContext.transform (file:///C:/Users/sebas/Documents/retateydejahuella/node_modules/vite/dist/node/chunks/node.js:3408:26)
      at EnvironmentPluginContainer.transform (file:///C:/Users/sebas/Documents/retateydejahuella/node_modules/vite/dist/node/chunks/node.js:30193:51)
      at async loadAndTransform (file:///C:/Users/sebas/Documents/retateydejahuella/node_modules/vite/dist/node/chunks/node.js:24511:26)
[2m4:43:11 a.m.[22m [31m[1m[vite][22m[39m [31mInternal server error: Transform failed with 1 error:

[31m[PARSE_ERROR] Error:[0m Expected `,` or `)` but found `:`
    [38;5;246m╭[0m[38;5;246m─[0m[38;5;246m[[0m slides/slide07.jsx:70:47 [38;5;246m][0m
    [38;5;246m│[0m
 [38;5;246m70 │[0m [38;5;249mf[0m[38;5;249mu[0m[38;5;249mn[0m[38;5;249mc[0m[38;5;249mt[0m[38;5;249mi[0m[38;5;249mo[0m[38;5;249mn[0m[38;5;249m [0m[38;5;249mA[0m[38;5;249mu[0m[38;5;249md[0m[38;5;249mi[0m[38;5;249me[0m[38;5;249mn[0m[38;5;249mc[0m[38;5;249me[0m[38;5;249mC[0m[38;5;249mh[0m[38;5;249mi[0m[38;5;249mp[0m([38;5;249m{[0m[38;5;249m [0m[38;5;249ml[0m[38;5;249ma[0m[38;5;249mb[0m[38;5;249me[0m[38;5;249ml[0m[38;5;249m,[0m[38;5;249m [0m[38;5;249ma[0m[38;5;249mc[0m[38;5;249mc[0m[38;5;249me[0m[38;5;249mn[0m[38;5;249mt[0m[38;5;249m,[0m[38;5;249m [0m[38;5;249mi[0m[38;5;249mn[0m[38;5;249md[0m[38;5;249me[0m[38;5;249mx[0m[38;5;249m [0m[38;5;249m}[0m:[38;5;249m [0m[38;5;249m{[0m[38;5;249m [0m[38;5;249ml[0m[38;5;249ma[0m[38;5;249mb[0m[38;5;249me[0m[38;5;249ml[0m[38;5;249m:[0m[38;5;249m [0m[38;5;249ms[0m[38;5;249mt[0m[38;5;249mr[0m[38;5;249mi[0m[38;5;249mn[0m[38;5;249mg[0m[38;5;249m;[0m[38;5;249m [0m[38;5;249ma[0m[38;5;249mc[0m[38;5;249mc[0m[38;5;249me[0m[38;5;249mn[0m[38;5;249mt[0m[38;5;249m:[0m[38;5;249m [0m[38;5;249ms[0m[38;5;249mt[0m[38;5;249mr[0m[38;5;249mi[0m[38;5;249mn[0m[38;5;249mg[0m[38;5;249m;[0m[38;5;249m [0m[38;5;249mi[0m[38;5;249mn[0m[38;5;249md[0m[38;5;249me[0m[38;5;249mx[0m[38;5;249m:[0m[38;5;249m [0m[38;5;249mn[0m[38;5;249mu[0m[38;5;249mm[0m[38;5;249mb[0m[38;5;249me[0m[38;5;249mr[0m[38;5;249m [0m[38;5;249m}[0m[38;5;249m)[0m[38;5;249m [0m[38;5;249m{[0m
 [38;5;240m   │[0m                      ┬                        ┬  
 [38;5;240m   │[0m                      ╰─────────────────────────── Opened here
 [38;5;240m   │[0m                                               │  
 [38;5;240m   │[0m                                               ╰── `,` or `)` expected
[38;5;246m────╯[0m
[39m
  Plugin: [35mvite:oxc[39m
  File: [36mC:/Users/sebas/Documents/retateydejahuella/slides/slide07.jsx[39m
      at transformWithOxc (file:///C:/Users/sebas/Documents/retateydejahuella/node_modules/vite/dist/node/chunks/node.js:3340:19)
      at TransformPluginContext.transform (file:///C:/Users/sebas/Documents/retateydejahuella/node_modules/vite/dist/node/chunks/node.js:3408:26)
      at EnvironmentPluginContainer.transform (file:///C:/Users/sebas/Documents/retateydejahuella/node_modules/vite/dist/node/chunks/node.js:30193:51)
      at async loadAndTransform (file:///C:/Users/sebas/Documents/retateydejahuella/node_modules/vite/dist/node/chunks/node.js:24511:26)
      at async viteTransformMiddleware (file:///C:/Users/sebas/Documents/retateydejahuella/node_modules/vite/dist/node/chunks/node.js:24305:20)
[2m4:43:11 a.m.[22m [31m[1m[vite][22m[39m [31m[2m(client)[22m[39m [2m[console.error] [22m[vite] Failed to reload /slides/slide07.jsx. This could be due to syntax errors or importing non-existent modules. (see errors above)
[2m4:43:11 a.m.[22m [31m[1m[vite][22m[39m [31m[2m(client)[22m[39m [2m[console.error] [22m[vite] Failed to reload /slides/slide07.jsx. This could be due to syntax errors or importing non-existent modules. (see errors above)
[2m4:43:11 a.m.[22m [31m[1m[vite][22m[39m [31m[2m(client)[22m[39m [2m[console.error] [22m[vite] Failed to reload /slides/slide07.jsx. This could be due to syntax errors or importing non-existent modules. (see errors above)
[2m4:43:12 a.m.[22m [31m[1m[vite][22m[39m [31mInternal server error: Transform failed with 1 error:

[31m[PARSE_ERROR] Error:[0m Expected `,` or `)` but found `:`
    [38;5;246m╭[0m[38;5;246m─[0m[38;5;246m[[0m slides/slide07.jsx:70:47 [38;5;246m][0m
    [38;5;246m│[0m
 [38;5;246m70 │[0m [38;5;249mf[0m[38;5;249mu[0m[38;5;249mn[0m[38;5;249mc[0m[38;5;249mt[0m[38;5;249mi[0m[38;5;249mo[0m[38;5;249mn[0m[38;5;249m [0m[38;5;249mA[0m[38;5;249mu[0m[38;5;249md[0m[38;5;249mi[0m[38;5;249me[0m[38;5;249mn[0m[38;5;249mc[0m[38;5;249me[0m[38;5;249mC[0m[38;5;249mh[0m[38;5;249mi[0m[38;5;249mp[0m([38;5;249m{[0m[38;5;249m [0m[38;5;249ml[0m[38;5;249ma[0m[38;5;249mb[0m[38;5;249me[0m[38;5;249ml[0m[38;5;249m,[0m[38;5;249m [0m[38;5;249ma[0m[38;5;249mc[0m[38;5;249mc[0m[38;5;249me[0m[38;5;249mn[0m[38;5;249mt[0m[38;5;249m,[0m[38;5;249m [0m[38;5;249mi[0m[38;5;249mn[0m[38;5;249md[0m[38;5;249me[0m[38;5;249mx[0m[38;5;249m [0m[38;5;249m}[0m:[38;5;249m [0m[38;5;249m{[0m[38;5;249m [0m[38;5;249ml[0m[38;5;249ma[0m[38;5;249mb[0m[38;5;249me[0m[38;5;249ml[0m[38;5;249m:[0m[38;5;249m [0m[38;5;249ms[0m[38;5;249mt[0m[38;5;249mr[0m[38;5;249mi[0m[38;5;249mn[0m[38;5;249mg[0m[38;5;249m;[0m[38;5;249m [0m[38;5;249ma[0m[38;5;249mc[0m[38;5;249mc[0m[38;5;249me[0m[38;5;249mn[0m[38;5;249mt[0m[38;5;249m:[0m[38;5;249m [0m[38;5;249ms[0m[38;5;249mt[0m[38;5;249mr[0m[38;5;249mi[0m[38;5;249mn[0m[38;5;249mg[0m[38;5;249m;[0m[38;5;249m [0m[38;5;249mi[0m[38;5;249mn[0m[38;5;249md[0m[38;5;249me[0m[38;5;249mx[0m[38;5;249m:[0m[38;5;249m [0m[38;5;249mn[0m[38;5;249mu[0m[38;5;249mm[0m[38;5;249mb[0m[38;5;249me[0m[38;5;249mr[0m[38;5;249m [0m[38;5;249m}[0m[38;5;249m)[0m[38;5;249m [0m[38;5;249m{[0m
 [38;5;240m   │[0m                      ┬                        ┬  
 [38;5;240m   │[0m                      ╰─────────────────────────── Opened here
 [38;5;240m   │[0m                                               │  
 [38;5;240m   │[0m                                               ╰── `,` or `)` expected
[38;5;246m────╯[0m
[39m
  Plugin: [35mvite:oxc[39m
  File: [36mC:/Users/sebas/Documents/retateydejahuella/slides/slide07.jsx[39m
      at transformWithOxc (file:///C:/Users/sebas/Documents/retateydejahuella/node_modules/vite/dist/node/chunks/node.js:3340:19)
      at TransformPluginContext.transform (file:///C:/Users/sebas/Documents/retateydejahuella/node_modules/vite/dist/node/chunks/node.js:3408:26)
      at EnvironmentPluginContainer.transform (file:///C:/Users/sebas/Documents/retateydejahuella/node_modules/vite/dist/node/chunks/node.js:30193:51)
      at async loadAndTransform (file:///C:/Users/sebas/Documents/retateydejahuella/node_modules/vite/dist/node/chunks/node.js:24511:26)
[2m4:43:12 a.m.[22m [31m[1m[vite][22m[39m [31mInternal server error: Transform failed with 1 error:

[31m[PARSE_ERROR] Error:[0m Expected `,` or `)` but found `:`
    [38;5;246m╭[0m[38;5;246m─[0m[38;5;246m[[0m slides/slide07.jsx:70:47 [38;5;246m][0m
    [38;5;246m│[0m
 [38;5;246m70 │[0m [38;5;249mf[0m[38;5;249mu[0m[38;5;249mn[0m[38;5;249mc[0m[38;5;249mt[0m[38;5;249mi[0m[38;5;249mo[0m[38;5;249mn[0m[38;5;249m [0m[38;5;249mA[0m[38;5;249mu[0m[38;5;249md[0m[38;5;249mi[0m[38;5;249me[0m[38;5;249mn[0m[38;5;249mc[0m[38;5;249me[0m[38;5;249mC[0m[38;5;249mh[0m[38;5;249mi[0m[38;5;249mp[0m([38;5;249m{[0m[38;5;249m [0m[38;5;249ml[0m[38;5;249ma[0m[38;5;249mb[0m[38;5;249me[0m[38;5;249ml[0m[38;5;249m,[0m[38;5;249m [0m[38;5;249ma[0m[38;5;249mc[0m[38;5;249mc[0m[38;5;249me[0m[38;5;249mn[0m[38;5;249mt[0m[38;5;249m,[0m[38;5;249m [0m[38;5;249mi[0m[38;5;249mn[0m[38;5;249md[0m[38;5;249me[0m[38;5;249mx[0m[38;5;249m [0m[38;5;249m}[0m:[38;5;249m [0m[38;5;249m{[0m[38;5;249m [0m[38;5;249ml[0m[38;5;249ma[0m[38;5;249mb[0m[38;5;249me[0m[38;5;249ml[0m[38;5;249m:[0m[38;5;249m [0m[38;5;249ms[0m[38;5;249mt[0m[38;5;249mr[0m[38;5;249mi[0m[38;5;249mn[0m[38;5;249mg[0m[38;5;249m;[0m[38;5;249m [0m[38;5;249ma[0m[38;5;249mc[0m[38;5;249mc[0m[38;5;249me[0m[38;5;249mn[0m[38;5;249mt[0m[38;5;249m:[0m[38;5;249m [0m[38;5;249ms[0m[38;5;249mt[0m[38;5;249mr[0m[38;5;249mi[0m[38;5;249mn[0m[38;5;249mg[0m[38;5;249m;[0m[38;5;249m [0m[38;5;249mi[0m[38;5;249mn[0m[38;5;249md[0m[38;5;249me[0m[38;5;249mx[0m[38;5;249m:[0m[38;5;249m [0m[38;5;249mn[0m[38;5;249mu[0m[38;5;249mm[0m[38;5;249mb[0m[38;5;249me[0m[38;5;249mr[0m[38;5;249m [0m[38;5;249m}[0m[38;5;249m)[0m[38;5;249m [0m[38;5;249m{[0m
 [38;5;240m   │[0m                      ┬                        ┬  
 [38;5;240m   │[0m                      ╰─────────────────────────── Opened here
 [38;5;240m   │[0m                                               │  
 [38;5;240m   │[0m                                               ╰── `,` or `)` expected
[38;5;246m────╯[0m
[39m
  Plugin: [35mvite:oxc[39m
  File: [36mC:/Users/sebas/Documents/retateydejahuella/slides/slide07.jsx[39m
      at transformWithOxc (file:///C:/Users/sebas/Documents/retateydejahuella/node_modules/vite/dist/node/chunks/node.js:3340:19)
      at TransformPluginContext.transform (file:///C:/Users/sebas/Documents/retateydejahuella/node_modules/vite/dist/node/chunks/node.js:3408:26)
      at EnvironmentPluginContainer.transform (file:///C:/Users/sebas/Documents/retateydejahuella/node_modules/vite/dist/node/chunks/node.js:30193:51)
      at async loadAndTransform (file:///C:/Users/sebas/Documents/retateydejahuella/node_modules/vite/dist/node/chunks/node.js:24511:26)
[2m4:43:12 a.m.[22m [31m[1m[vite][22m[39m [31mInternal server error: Transform failed with 1 error:

[31m[PARSE_ERROR] Error:[0m Expected `,` or `)` but found `:`
    [38;5;246m╭[0m[38;5;246m─[0m[38;5;246m[[0m slides/slide07.jsx:70:47 [38;5;246m][0m
    [38;5;246m│[0m
 [38;5;246m70 │[0m [38;5;249mf[0m[38;5;249mu[0m[38;5;249mn[0m[38;5;249mc[0m[38;5;249mt[0m[38;5;249mi[0m[38;5;249mo[0m[38;5;249mn[0m[38;5;249m [0m[38;5;249mA[0m[38;5;249mu[0m[38;5;249md[0m[38;5;249mi[0m[38;5;249me[0m[38;5;249mn[0m[38;5;249mc[0m[38;5;249me[0m[38;5;249mC[0m[38;5;249mh[0m[38;5;249mi[0m[38;5;249mp[0m([38;5;249m{[0m[38;5;249m [0m[38;5;249ml[0m[38;5;249ma[0m[38;5;249mb[0m[38;5;249me[0m[38;5;249ml[0m[38;5;249m,[0m[38;5;249m [0m[38;5;249ma[0m[38;5;249mc[0m[38;5;249mc[0m[38;5;249me[0m[38;5;249mn[0m[38;5;249mt[0m[38;5;249m,[0m[38;5;249m [0m[38;5;249mi[0m[38;5;249mn[0m[38;5;249md[0m[38;5;249me[0m[38;5;249mx[0m[38;5;249m [0m[38;5;249m}[0m:[38;5;249m [0m[38;5;249m{[0m[38;5;249m [0m[38;5;249ml[0m[38;5;249ma[0m[38;5;249mb[0m[38;5;249me[0m[38;5;249ml[0m[38;5;249m:[0m[38;5;249m [0m[38;5;249ms[0m[38;5;249mt[0m[38;5;249mr[0m[38;5;249mi[0m[38;5;249mn[0m[38;5;249mg[0m[38;5;249m;[0m[38;5;249m [0m[38;5;249ma[0m[38;5;249mc[0m[38;5;249mc[0m[38;5;249me[0m[38;5;249mn[0m[38;5;249mt[0m[38;5;249m:[0m[38;5;249m [0m[38;5;249ms[0m[38;5;249mt[0m[38;5;249mr[0m[38;5;249mi[0m[38;5;249mn[0m[38;5;249mg[0m[38;5;249m;[0m[38;5;249m [0m[38;5;249mi[0m[38;5;249mn[0m[38;5;249md[0m[38;5;249me[0m[38;5;249mx[0m[38;5;249m:[0m[38;5;249m [0m[38;5;249mn[0m[38;5;249mu[0m[38;5;249mm[0m[38;5;249mb[0m[38;5;249me[0m[38;5;249mr[0m[38;5;249m [0m[38;5;249m}[0m[38;5;249m)[0m[38;5;249m [0m[38;5;249m{[0m
 [38;5;240m   │[0m                      ┬                        ┬  
 [38;5;240m   │[0m                      ╰─────────────────────────── Opened here
 [38;5;240m   │[0m                                               │  
 [38;5;240m   │[0m                                               ╰── `,` or `)` expected
[38;5;246m────╯[0m
[39m
  Plugin: [35mvite:oxc[39m
  File: [36mC:/Users/sebas/Documents/retateydejahuella/slides/slide07.jsx[39m
      at transformWithOxc (file:///C:/Users/sebas/Documents/retateydejahuella/node_modules/vite/dist/node/chunks/node.js:3340:19)
      at TransformPluginContext.transform (file:///C:/Users/sebas/Documents/retateydejahuella/node_modules/vite/dist/node/chunks/node.js:3408:26)
      at EnvironmentPluginContainer.transform (file:///C:/Users/sebas/Documents/retateydejahuella/node_modules/vite/dist/node/chunks/node.js:30193:51)
      at async loadAndTransform (file:///C:/Users/sebas/Documents/retateydejahuella/node_modules/vite/dist/node/chunks/node.js:24511:26)
[2m4:43:12 a.m.[22m [31m[1m[vite][22m[39m [31m[2m(client)[22m[39m [2m[console.error] [22m[vite] Failed to reload /slides/slide07.jsx. This could be due to syntax errors or importing non-existent modules. (see errors above)
[2m4:43:12 a.m.[22m [31m[1m[vite][22m[39m [31m[2m(client)[22m[39m [2m[console.error] [22m[vite] Failed to reload /slides/slide07.jsx. This could be due to syntax errors or importing non-existent modules. (see errors above)
[2m4:43:12 a.m.[22m [31m[1m[vite][22m[39m [31m[2m(client)[22m[39m [2m[console.error] [22m[vite] Failed to reload /slides/slide07.jsx. This could be due to syntax errors or importing non-existent modules. (see errors above)
[2m4:43:12 a.m.[22m [31m[1m[vite][22m[39m [31mInternal server error: Transform failed with 1 error:

[31m[PARSE_ERROR] Error:[0m Expected `,` or `)` but found `:`
    [38;5;246m╭[0m[38;5;246m─[0m[38;5;246m[[0m slides/slide07.jsx:70:47 [38;5;246m][0m
    [38;5;246m│[0m
 [38;5;246m70 │[0m [38;5;249mf[0m[38;5;249mu[0m[38;5;249mn[0m[38;5;249mc[0m[38;5;249mt[0m[38;5;249mi[0m[38;5;249mo[0m[38;5;249mn[0m[38;5;249m [0m[38;5;249mA[0m[38;5;249mu[0m[38;5;249md[0m[38;5;249mi[0m[38;5;249me[0m[38;5;249mn[0m[38;5;249mc[0m[38;5;249me[0m[38;5;249mC[0m[38;5;249mh[0m[38;5;249mi[0m[38;5;249mp[0m([38;5;249m{[0m[38;5;249m [0m[38;5;249ml[0m[38;5;249ma[0m[38;5;249mb[0m[38;5;249me[0m[38;5;249ml[0m[38;5;249m,[0m[38;5;249m [0m[38;5;249ma[0m[38;5;249mc[0m[38;5;249mc[0m[38;5;249me[0m[38;5;249mn[0m[38;5;249mt[0m[38;5;249m,[0m[38;5;249m [0m[38;5;249mi[0m[38;5;249mn[0m[38;5;249md[0m[38;5;249me[0m[38;5;249mx[0m[38;5;249m [0m[38;5;249m}[0m:[38;5;249m [0m[38;5;249m{[0m[38;5;249m [0m[38;5;249ml[0m[38;5;249ma[0m[38;5;249mb[0m[38;5;249me[0m[38;5;249ml[0m[38;5;249m:[0m[38;5;249m [0m[38;5;249ms[0m[38;5;249mt[0m[38;5;249mr[0m[38;5;249mi[0m[38;5;249mn[0m[38;5;249mg[0m[38;5;249m;[0m[38;5;249m [0m[38;5;249ma[0m[38;5;249mc[0m[38;5;249mc[0m[38;5;249me[0m[38;5;249mn[0m[38;5;249mt[0m[38;5;249m:[0m[38;5;249m [0m[38;5;249ms[0m[38;5;249mt[0m[38;5;249mr[0m[38;5;249mi[0m[38;5;249mn[0m[38;5;249mg[0m[38;5;249m;[0m[38;5;249m [0m[38;5;249mi[0m[38;5;249mn[0m[38;5;249md[0m[38;5;249me[0m[38;5;249mx[0m[38;5;249m:[0m[38;5;249m [0m[38;5;249mn[0m[38;5;249mu[0m[38;5;249mm[0m[38;5;249mb[0m[38;5;249me[0m[38;5;249mr[0m[38;5;249m [0m[38;5;249m}[0m[38;5;249m)[0m[38;5;249m [0m[38;5;249m{[0m
 [38;5;240m   │[0m                      ┬                        ┬  
 [38;5;240m   │[0m                      ╰─────────────────────────── Opened here
 [38;5;240m   │[0m                                               │  
 [38;5;240m   │[0m                                               ╰── `,` or `)` expected
[38;5;246m────╯[0m
[39m
  Plugin: [35mvite:oxc[39m
  File: [36mC:/Users/sebas/Documents/retateydejahuella/slides/slide07.jsx[39m
      at transformWithOxc (file:///C:/Users/sebas/Documents/retateydejahuella/node_modules/vite/dist/node/chunks/node.js:3340:19)
      at TransformPluginContext.transform (file:///C:/Users/sebas/Documents/retateydejahuella/node_modules/vite/dist/node/chunks/node.js:3408:26)
      at EnvironmentPluginContainer.transform (file:///C:/Users/sebas/Documents/retateydejahuella/node_modules/vite/dist/node/chunks/node.js:30193:51)
      at async loadAndTransform (file:///C:/Users/sebas/Documents/retateydejahuella/node_modules/vite/dist/node/chunks/node.js:24511:26)
[2m4:43:12 a.m.[22m [31m[1m[vite][22m[39m [31mInternal server error: Transform failed with 1 error:

[31m[PARSE_ERROR] Error:[0m Expected `,` or `)` but found `:`
    [38;5;246m╭[0m[38;5;246m─[0m[38;5;246m[[0m slides/slide07.jsx:70:47 [38;5;246m][0m
    [38;5;246m│[0m
 [38;5;246m70 │[0m [38;5;249mf[0m[38;5;249mu[0m[38;5;249mn[0m[38;5;249mc[0m[38;5;249mt[0m[38;5;249mi[0m[38;5;249mo[0m[38;5;249mn[0m[38;5;249m [0m[38;5;249mA[0m[38;5;249mu[0m[38;5;249md[0m[38;5;249mi[0m[38;5;249me[0m[38;5;249mn[0m[38;5;249mc[0m[38;5;249me[0m[38;5;249mC[0m[38;5;249mh[0m[38;5;249mi[0m[38;5;249mp[0m([38;5;249m{[0m[38;5;249m [0m[38;5;249ml[0m[38;5;249ma[0m[38;5;249mb[0m[38;5;249me[0m[38;5;249ml[0m[38;5;249m,[0m[38;5;249m [0m[38;5;249ma[0m[38;5;249mc[0m[38;5;249mc[0m[38;5;249me[0m[38;5;249mn[0m[38;5;249mt[0m[38;5;249m,[0m[38;5;249m [0m[38;5;249mi[0m[38;5;249mn[0m[38;5;249md[0m[38;5;249me[0m[38;5;249mx[0m[38;5;249m [0m[38;5;249m}[0m:[38;5;249m [0m[38;5;249m{[0m[38;5;249m [0m[38;5;249ml[0m[38;5;249ma[0m[38;5;249mb[0m[38;5;249me[0m[38;5;249ml[0m[38;5;249m:[0m[38;5;249m [0m[38;5;249ms[0m[38;5;249mt[0m[38;5;249mr[0m[38;5;249mi[0m[38;5;249mn[0m[38;5;249mg[0m[38;5;249m;[0m[38;5;249m [0m[38;5;249ma[0m[38;5;249mc[0m[38;5;249mc[0m[38;5;249me[0m[38;5;249mn[0m[38;5;249mt[0m[38;5;249m:[0m[38;5;249m [0m[38;5;249ms[0m[38;5;249mt[0m[38;5;249mr[0m[38;5;249mi[0m[38;5;249mn[0m[38;5;249mg[0m[38;5;249m;[0m[38;5;249m [0m[38;5;249mi[0m[38;5;249mn[0m[38;5;249md[0m[38;5;249me[0m[38;5;249mx[0m[38;5;249m:[0m[38;5;249m [0m[38;5;249mn[0m[38;5;249mu[0m[38;5;249mm[0m[38;5;249mb[0m[38;5;249me[0m[38;5;249mr[0m[38;5;249m [0m[38;5;249m}[0m[38;5;249m)[0m[38;5;249m [0m[38;5;249m{[0m
 [38;5;240m   │[0m                      ┬                        ┬  
 [38;5;240m   │[0m                      ╰─────────────────────────── Opened here
 [38;5;240m   │[0m                                               │  
 [38;5;240m   │[0m                                               ╰── `,` or `)` expected
[38;5;246m────╯[0m
[39m
  Plugin: [35mvite:oxc[39m
  File: [36mC:/Users/sebas/Documents/retateydejahuella/slides/slide07.jsx[39m
      at transformWithOxc (file:///C:/Users/sebas/Documents/retateydejahuella/node_modules/vite/dist/node/chunks/node.js:3340:19)
      at TransformPluginContext.transform (file:///C:/Users/sebas/Documents/retateydejahuella/node_modules/vite/dist/node/chunks/node.js:3408:26)
      at EnvironmentPluginContainer.transform (file:///C:/Users/sebas/Documents/retateydejahuella/node_modules/vite/dist/node/chunks/node.js:30193:51)
      at async loadAndTransform (file:///C:/Users/sebas/Documents/retateydejahuella/node_modules/vite/dist/node/chunks/node.js:24511:26)
[2m4:43:12 a.m.[22m [31m[1m[vite][22m[39m [31m[2m(client)[22m[39m [2m[console.error] [22m[vite] Failed to reload /slides/slide07.jsx. This could be due to syntax errors or importing non-existent modules. (see errors above)
[2m4:43:12 a.m.[22m [31m[1m[vite][22m[39m [31m[2m(client)[22m[39m [2m[console.error] [22m[vite] Failed to reload /slides/slide07.jsx. This could be due to syntax errors or importing non-existent modules. (see errors above)
[2m4:43:12 a.m.[22m [31m[1m[vite][22m[39m [31mInternal server error: Transform failed with 1 error:

[31m[PARSE_ERROR] Error:[0m Expected `,` or `)` but found `:`
    [38;5;246m╭[0m[38;5;246m─[0m[38;5;246m[[0m slides/slide07.jsx:70:47 [38;5;246m][0m
    [38;5;246m│[0m
 [38;5;246m70 │[0m [38;5;249mf[0m[38;5;249mu[0m[38;5;249mn[0m[38;5;249mc[0m[38;5;249mt[0m[38;5;249mi[0m[38;5;249mo[0m[38;5;249mn[0m[38;5;249m [0m[38;5;249mA[0m[38;5;249mu[0m[38;5;249md[0m[38;5;249mi[0m[38;5;249me[0m[38;5;249mn[0m[38;5;249mc[0m[38;5;249me[0m[38;5;249mC[0m[38;5;249mh[0m[38;5;249mi[0m[38;5;249mp[0m([38;5;249m{[0m[38;5;249m [0m[38;5;249ml[0m[38;5;249ma[0m[38;5;249mb[0m[38;5;249me[0m[38;5;249ml[0m[38;5;249m,[0m[38;5;249m [0m[38;5;249ma[0m[38;5;249mc[0m[38;5;249mc[0m[38;5;249me[0m[38;5;249mn[0m[38;5;249mt[0m[38;5;249m,[0m[38;5;249m [0m[38;5;249mi[0m[38;5;249mn[0m[38;5;249md[0m[38;5;249me[0m[38;5;249mx[0m[38;5;249m [0m[38;5;249m}[0m:[38;5;249m [0m[38;5;249m{[0m[38;5;249m [0m[38;5;249ml[0m[38;5;249ma[0m[38;5;249mb[0m[38;5;249me[0m[38;5;249ml[0m[38;5;249m:[0m[38;5;249m [0m[38;5;249ms[0m[38;5;249mt[0m[38;5;249mr[0m[38;5;249mi[0m[38;5;249mn[0m[38;5;249mg[0m[38;5;249m;[0m[38;5;249m [0m[38;5;249ma[0m[38;5;249mc[0m[38;5;249mc[0m[38;5;249me[0m[38;5;249mn[0m[38;5;249mt[0m[38;5;249m:[0m[38;5;249m [0m[38;5;249ms[0m[38;5;249mt[0m[38;5;249mr[0m[38;5;249mi[0m[38;5;249mn[0m[38;5;249mg[0m[38;5;249m;[0m[38;5;249m [0m[38;5;249mi[0m[38;5;249mn[0m[38;5;249md[0m[38;5;249me[0m[38;5;249mx[0m[38;5;249m:[0m[38;5;249m [0m[38;5;249mn[0m[38;5;249mu[0m[38;5;249mm[0m[38;5;249mb[0m[38;5;249me[0m[38;5;249mr[0m[38;5;249m [0m[38;5;249m}[0m[38;5;249m)[0m[38;5;249m [0m[38;5;249m{[0m
 [38;5;240m   │[0m                      ┬                        ┬  
 [38;5;240m   │[0m                      ╰─────────────────────────── Opened here
 [38;5;240m   │[0m                                               │  
 [38;5;240m   │[0m                                               ╰── `,` or `)` expected
[38;5;246m────╯[0m
[39m
  Plugin: [35mvite:oxc[39m
  File: [36mC:/Users/sebas/Documents/retateydejahuella/slides/slide07.jsx[39m
      at transformWithOxc (file:///C:/Users/sebas/Documents/retateydejahuella/node_modules/vite/dist/node/chunks/node.js:3340:19)
      at TransformPluginContext.transform (file:///C:/Users/sebas/Documents/retateydejahuella/node_modules/vite/dist/node/chunks/node.js:3408:26)
      at EnvironmentPluginContainer.transform (file:///C:/Users/sebas/Documents/retateydejahuella/node_modules/vite/dist/node/chunks/node.js:30193:51)
      at async loadAndTransform (file:///C:/Users/sebas/Documents/retateydejahuella/node_modules/vite/dist/node/chunks/node.js:24511:26)
      at async viteTransformMiddleware (file:///C:/Users/sebas/Documents/retateydejahuella/node_modules/vite/dist/node/chunks/node.js:24305:20)
[2m4:43:12 a.m.[22m [31m[1m[vite][22m[39m [31m[2m(client)[22m[39m [2m[console.error] [22m[vite] Failed to reload /slides/slide07.jsx. This could be due to syntax errors or importing non-existent modules. (see errors above)
[2m4:54:59 a.m.[22m [31m[1m[vite][22m[39m [31m[2m(client)[22m[39m Pre-transform error: Failed to load url /slides/slide08.jsx (resolved id: C:/Users/sebas/Documents/retateydejahuella/slides/slide08.jsx) in C:/Users/sebas/Documents/retateydejahuella/slides/index.js. Does the file exist?
[2m4:54:59 a.m.[22m [31m[1m[vite][22m[39m [31m[2m(client)[22m[39m [2m[console.error] [22m[vite] Failed to reload /App.jsx. This could be due to syntax errors or importing non-existent modules. (see errors above)
[2m4:54:59 a.m.[22m [31m[1m[vite][22m[39m [31m[2m(client)[22m[39m [2m[console.error] [22m[vite] Failed to reload /App.jsx. This could be due to syntax errors or importing non-existent modules. (see errors above)
[2m4:55:00 a.m.[22m [31m[1m[vite][22m[39m [31m[2m(client)[22m[39m [2m[console.error] [22m[vite] Failed to reload /App.jsx. This could be due to syntax errors or importing non-existent modules. (see errors above)
[2m4:55:00 a.m.[22m [31m[1m[vite][22m[39m [31m[2m(client)[22m[39m [2m[console.error] [22m[vite] Failed to reload /App.jsx. This could be due to syntax errors or importing non-existent modules. (see errors above)
[2m4:55:00 a.m.[22m [31m[1m[vite][22m[39m [31m[2m(client)[22m[39m [2m[console.error] [22m[vite] Failed to reload /App.jsx. This could be due to syntax errors or importing non-existent modules. (see errors above)
[2m4:55:00 a.m.[22m [31m[1m[vite][22m[39m [31m[2m(client)[22m[39m [2m[console.error] [22m[vite] Failed to reload /App.jsx. This could be due to syntax errors or importing non-existent modules. (see errors above)
[2m5:02:35 a.m.[22m [31m[1m[vite][22m[39m [31m[2m(client)[22m[39m Pre-transform error: Failed to load url /slides/slide09.jsx (resolved id: C:/Users/sebas/Documents/retateydejahuella/slides/slide09.jsx) in C:/Users/sebas/Documents/retateydejahuella/slides/index.js. Does the file exist?
[2m5:02:35 a.m.[22m [31m[1m[vite][22m[39m [31m[2m(client)[22m[39m [2m[console.error] [22m[vite] Failed to reload /App.jsx. This could be due to syntax errors or importing non-existent modules. (see errors above)
[2m5:02:35 a.m.[22m [31m[1m[vite][22m[39m [31m[2m(client)[22m[39m [2m[console.error] [22m[vite] Failed to reload /App.jsx. This could be due to syntax errors or importing non-existent modules. (see errors above)
[2m5:02:35 a.m.[22m [31m[1m[vite][22m[39m [31m[2m(client)[22m[39m [2m[console.error] [22m[vite] Failed to reload /App.jsx. This could be due to syntax errors or importing non-existent modules. (see errors above)
[2m5:02:35 a.m.[22m [31m[1m[vite][22m[39m [31m[2m(client)[22m[39m [2m[console.error] [22m[vite] Failed to reload /App.jsx. This could be due to syntax errors or importing non-existent modules. (see errors above)
[2m5:02:35 a.m.[22m [31m[1m[vite][22m[39m [31m[2m(client)[22m[39m [2m[console.error] [22m[vite] Failed to reload /App.jsx. This could be due to syntax errors or importing non-existent modules. (see errors above)
[2m5:02:35 a.m.[22m [31m[1m[vite][22m[39m [31m[2m(client)[22m[39m [2m[console.error] [22m[vite] Failed to reload /App.jsx. This could be due to syntax errors or importing non-existent modules. (see errors above)
[2m5:11:47 a.m.[22m [31m[1m[vite][22m[39m [31m[2m(client)[22m[39m [2m[console.error] [22m[vite] Error: El id de slide "slide07" esta duplicado.
    at http://127.0.0.1:5173/slides/shared/createSlide.js:54:10
    at Array.forEach (<anonymous>)
    at validateSlideRegistry (http://127.0.0.1:5173/slides/shared/createSlide.js:46:9)
    at validateSlides (http://127.0.0.1:5173/slides/index.js?t=1781172707050:37:2)
    at http://127.0.0.1:5173/slides/index.js?t=1781172707050:40:2
[2m5:11:47 a.m.[22m [31m[1m[vite][22m[39m [31m[2m(client)[22m[39m [2m[console.error] [22m[vite] Failed to reload /App.jsx. This could be due to syntax errors or importing non-existent modules. (see errors above)
[2m5:11:47 a.m.[22m [31m[1m[vite][22m[39m [31m[2m(client)[22m[39m [2m[console.error] [22m[vite] Error: El id de slide "slide07" esta duplicado.
    at http://127.0.0.1:5173/slides/shared/createSlide.js:54:10
    at Array.forEach (<anonymous>)
    at validateSlideRegistry (http://127.0.0.1:5173/slides/shared/createSlide.js:46:9)
    at validateSlides (http://127.0.0.1:5173/slides/index.js?t=1781172707050:37:2)
    at http://127.0.0.1:5173/slides/index.js?t=1781172707050:40:2
[2m5:11:47 a.m.[22m [31m[1m[vite][22m[39m [31m[2m(client)[22m[39m [2m[console.error] [22m[vite] Failed to reload /App.jsx. This could be due to syntax errors or importing non-existent modules. (see errors above)
[2m5:11:47 a.m.[22m [31m[1m[vite][22m[39m [31m[2m(client)[22m[39m [2m[console.error] [22m[vite] Error: El id de slide "slide07" esta duplicado.
    at http://localhost:5173/slides/shared/createSlide.js:54:10
    at Array.forEach (<anonymous>)
    at validateSlideRegistry (http://localhost:5173/slides/shared/createSlide.js:46:9)
    at validateSlides (http://localhost:5173/slides/index.js?t=1781172707050:37:2)
    at http://localhost:5173/slides/index.js?t=1781172707050:40:2
[2m5:11:47 a.m.[22m [31m[1m[vite][22m[39m [31m[2m(client)[22m[39m [2m[console.error] [22m[vite] Failed to reload /App.jsx. This could be due to syntax errors or importing non-existent modules. (see errors above)
[2m5:11:47 a.m.[22m [31m[1m[vite][22m[39m [31m[2m(client)[22m[39m [2m[console.error] [22m[vite] Error: El id de slide "slide07" esta duplicado.
    at http://localhost:5173/slides/shared/createSlide.js:54:10
    at Array.forEach (<anonymous>)
    at validateSlideRegistry (http://localhost:5173/slides/shared/createSlide.js:46:9)
    at validateSlides (http://localhost:5173/slides/index.js?t=1781172707050:37:2)
    at http://localhost:5173/slides/index.js?t=1781172707050:40:2
[2m5:11:47 a.m.[22m [31m[1m[vite][22m[39m [31m[2m(client)[22m[39m [2m[console.error] [22m[vite] Failed to reload /App.jsx. This could be due to syntax errors or importing non-existent modules. (see errors above)
[2m5:11:47 a.m.[22m [31m[1m[vite][22m[39m [31m[2m(client)[22m[39m [2m[console.error] [22m[vite] Error: El id de slide "slide07" esta duplicado.
    at http://localhost:5173/slides/shared/createSlide.js:54:10
    at Array.forEach (<anonymous>)
    at validateSlideRegistry (http://localhost:5173/slides/shared/createSlide.js:46:9)
    at validateSlides (http://localhost:5173/slides/index.js?t=1781172707050:37:2)
    at http://localhost:5173/slides/index.js?t=1781172707050:40:2
[2m5:11:47 a.m.[22m [31m[1m[vite][22m[39m [31m[2m(client)[22m[39m [2m[console.error] [22m[vite] Failed to reload /App.jsx. This could be due to syntax errors or importing non-existent modules. (see errors above)
[2m5:11:47 a.m.[22m [31m[1m[vite][22m[39m [31m[2m(client)[22m[39m [2m[console.error] [22m[vite] Error: El id de slide "slide07" esta duplicado.
    at http://localhost:5173/slides/shared/createSlide.js:54:10
    at Array.forEach (<anonymous>)
    at validateSlideRegistry (http://localhost:5173/slides/shared/createSlide.js:46:9)
    at validateSlides (http://localhost:5173/slides/index.js?t=1781172707050:37:2)
    at http://localhost:5173/slides/index.js?t=1781172707050:40:2
[2m5:11:47 a.m.[22m [31m[1m[vite][22m[39m [31m[2m(client)[22m[39m [2m[console.error] [22m[vite] Failed to reload /App.jsx. This could be due to syntax errors or importing non-existent modules. (see errors above)
[2m5:20:14 a.m.[22m [31m[1m[vite][22m[39m [31m[2m(client)[22m[39m Pre-transform error: Failed to load url /slides/slide10.jsx (resolved id: C:/Users/sebas/Documents/retateydejahuella/slides/slide10.jsx) in C:/Users/sebas/Documents/retateydejahuella/slides/index.js. Does the file exist?
[2m5:20:14 a.m.[22m [31m[1m[vite][22m[39m [31m[2m(client)[22m[39m [2m[console.error] [22m[vite] Failed to reload /App.jsx. This could be due to syntax errors or importing non-existent modules. (see errors above)
[2m5:20:14 a.m.[22m [31m[1m[vite][22m[39m [31m[2m(client)[22m[39m [2m[console.error] [22m[vite] Failed to reload /App.jsx. This could be due to syntax errors or importing non-existent modules. (see errors above)
[2m5:20:15 a.m.[22m [31m[1m[vite][22m[39m [31m[2m(client)[22m[39m [2m[console.error] [22m[vite] Failed to reload /App.jsx. This could be due to syntax errors or importing non-existent modules. (see errors above)
[2m5:20:15 a.m.[22m [31m[1m[vite][22m[39m [31m[2m(client)[22m[39m [2m[console.error] [22m[vite] Failed to reload /App.jsx. This could be due to syntax errors or importing non-existent modules. (see errors above)
[2m5:20:15 a.m.[22m [31m[1m[vite][22m[39m [31m[2m(client)[22m[39m [2m[console.error] [22m[vite] Failed to reload /App.jsx. This could be due to syntax errors or importing non-existent modules. (see errors above)
[2m5:20:15 a.m.[22m [31m[1m[vite][22m[39m [31m[2m(client)[22m[39m [2m[console.error] [22m[vite] Failed to reload /App.jsx. This could be due to syntax errors or importing non-existent modules. (see errors above)
[2m5:32:03 a.m.[22m [31m[1m[vite][22m[39m [31m[2m(client)[22m[39m Pre-transform error: Failed to load url /slides/slide11.jsx (resolved id: C:/Users/sebas/Documents/retateydejahuella/slides/slide11.jsx) in C:/Users/sebas/Documents/retateydejahuella/slides/index.js. Does the file exist?
[2m5:32:03 a.m.[22m [31m[1m[vite][22m[39m [31m[2m(client)[22m[39m [2m[console.error] [22m[vite] Failed to reload /App.jsx. This could be due to syntax errors or importing non-existent modules. (see errors above)
[2m5:32:03 a.m.[22m [31m[1m[vite][22m[39m [31m[2m(client)[22m[39m [2m[console.error] [22m[vite] Failed to reload /App.jsx. This could be due to syntax errors or importing non-existent modules. (see errors above)
[2m5:32:03 a.m.[22m [31m[1m[vite][22m[39m [31m[2m(client)[22m[39m [2m[console.error] [22m[vite] Failed to reload /App.jsx. This could be due to syntax errors or importing non-existent modules. (see errors above)
[2m5:32:03 a.m.[22m [31m[1m[vite][22m[39m [31m[2m(client)[22m[39m [2m[console.error] [22m[vite] Failed to reload /App.jsx. This could be due to syntax errors or importing non-existent modules. (see errors above)
[2m5:32:03 a.m.[22m [31m[1m[vite][22m[39m [31m[2m(client)[22m[39m [2m[console.error] [22m[vite] Failed to reload /App.jsx. This could be due to syntax errors or importing non-existent modules. (see errors above)
[2m5:32:03 a.m.[22m [31m[1m[vite][22m[39m [31m[2m(client)[22m[39m [2m[console.error] [22m[vite] Failed to reload /App.jsx. This could be due to syntax errors or importing non-existent modules. (see errors above)
[2m5:38:27 a.m.[22m [31m[1m[vite][22m[39m [31m[2m(client)[22m[39m [2m[console.error] [22m[vite] Failed to reload /slides/slide09.jsx. This could be due to syntax errors or importing non-existent modules. (see errors above)
[2m5:38:27 a.m.[22m [31m[1m[vite][22m[39m [31m[2m(client)[22m[39m [2m[console.error] [22m[vite] Failed to reload /slides/slide09.jsx. This could be due to syntax errors or importing non-existent modules. (see errors above)
[2m5:38:27 a.m.[22m [31m[1m[vite][22m[39m [31m[2m(client)[22m[39m [2m[console.error] [22m[vite] Failed to reload /slides/slide09.jsx. This could be due to syntax errors or importing non-existent modules. (see errors above)
[2m5:38:27 a.m.[22m [31m[1m[vite][22m[39m [31m[2m(client)[22m[39m [2m[console.error] [22m[vite] Failed to reload /slides/slide09.jsx. This could be due to syntax errors or importing non-existent modules. (see errors above)
[2m5:38:27 a.m.[22m [31m[1m[vite][22m[39m [31m[2m(client)[22m[39m [2m[console.error] [22m[vite] Failed to reload /slides/slide09.jsx. This could be due to syntax errors or importing non-existent modules. (see errors above)
[2m5:38:27 a.m.[22m [31m[1m[vite][22m[39m [31m[2m(client)[22m[39m [2m[console.error] [22m[vite] Failed to reload /slides/slide09.jsx. This could be due to syntax errors or importing non-existent modules. (see errors above)
[2m5:45:21 a.m.[22m [31m[1m[vite][22m[39m [31m[2m(client)[22m[39m [2m[console.error] [22m[vite] Failed to reload /slides/slide08.jsx. This could be due to syntax errors or importing non-existent modules. (see errors above)
[2m5:45:21 a.m.[22m [31m[1m[vite][22m[39m [31m[2m(client)[22m[39m [2m[console.error] [22m[vite] Failed to reload /slides/slide08.jsx. This could be due to syntax errors or importing non-existent modules. (see errors above)
[2m5:45:21 a.m.[22m [31m[1m[vite][22m[39m [31m[2m(client)[22m[39m [2m[console.error] [22m[vite] Failed to reload /slides/slide08.jsx. This could be due to syntax errors or importing non-existent modules. (see errors above)
[2m5:45:21 a.m.[22m [31m[1m[vite][22m[39m [31m[2m(client)[22m[39m [2m[console.error] [22m[vite] Failed to reload /slides/slide08.jsx. This could be due to syntax errors or importing non-existent modules. (see errors above)
[2m5:45:21 a.m.[22m [31m[1m[vite][22m[39m [31m[2m(client)[22m[39m [2m[console.error] [22m[vite] Failed to reload /slides/slide08.jsx. This could be due to syntax errors or importing non-existent modules. (see errors above)
[2m5:45:21 a.m.[22m [31m[1m[vite][22m[39m [31m[2m(client)[22m[39m [2m[console.error] [22m[vite] Failed to reload /slides/slide08.jsx. This could be due to syntax errors or importing non-existent modules. (see errors above)
[2m5:51:16 a.m.[22m [31m[1m[vite][22m[39m [31m[2m(client)[22m[39m [2m[console.error] [22m[vite] Error: El id de slide "slide11" esta duplicado.
    at http://127.0.0.1:5173/slides/shared/createSlide.js:54:10
    at Array.forEach (<anonymous>)
    at validateSlideRegistry (http://127.0.0.1:5173/slides/shared/createSlide.js:46:9)
    at validateSlides (http://127.0.0.1:5173/slides/index.js?t=1781175076698:37:2)
    at http://127.0.0.1:5173/slides/index.js?t=1781175076698:40:2
[2m5:51:16 a.m.[22m [31m[1m[vite][22m[39m [31m[2m(client)[22m[39m [2m[console.error] [22m[vite] Failed to reload /App.jsx. This could be due to syntax errors or importing non-existent modules. (see errors above)
[2m5:51:16 a.m.[22m [31m[1m[vite][22m[39m [31m[2m(client)[22m[39m [2m[console.error] [22m[vite] Error: El id de slide "slide11" esta duplicado.
    at http://localhost:5173/slides/shared/createSlide.js:54:10
    at Array.forEach (<anonymous>)
    at validateSlideRegistry (http://localhost:5173/slides/shared/createSlide.js:46:9)
    at validateSlides (http://localhost:5173/slides/index.js?t=1781175076698:37:2)
    at http://localhost:5173/slides/index.js?t=1781175076698:40:2
[2m5:51:16 a.m.[22m [31m[1m[vite][22m[39m [31m[2m(client)[22m[39m [2m[console.error] [22m[vite] Failed to reload /App.jsx. This could be due to syntax errors or importing non-existent modules. (see errors above)
[2m5:51:16 a.m.[22m [31m[1m[vite][22m[39m [31m[2m(client)[22m[39m [2m[console.error] [22m[vite] Error: El id de slide "slide11" esta duplicado.
    at http://127.0.0.1:5173/slides/shared/createSlide.js:54:10
    at Array.forEach (<anonymous>)
    at validateSlideRegistry (http://127.0.0.1:5173/slides/shared/createSlide.js:46:9)
    at validateSlides (http://127.0.0.1:5173/slides/index.js?t=1781175076698:37:2)
    at http://127.0.0.1:5173/slides/index.js?t=1781175076698:40:2
[2m5:51:16 a.m.[22m [31m[1m[vite][22m[39m [31m[2m(client)[22m[39m [2m[console.error] [22m[vite] Failed to reload /App.jsx. This could be due to syntax errors or importing non-existent modules. (see errors above)
[2m5:51:16 a.m.[22m [31m[1m[vite][22m[39m [31m[2m(client)[22m[39m [2m[console.error] [22m[vite] Error: El id de slide "slide11" esta duplicado.
    at http://localhost:5173/slides/shared/createSlide.js:54:10
    at Array.forEach (<anonymous>)
    at validateSlideRegistry (http://localhost:5173/slides/shared/createSlide.js:46:9)
    at validateSlides (http://localhost:5173/slides/index.js?t=1781175076698:37:2)
    at http://localhost:5173/slides/index.js?t=1781175076698:40:2
[2m5:51:16 a.m.[22m [31m[1m[vite][22m[39m [31m[2m(client)[22m[39m [2m[console.error] [22m[vite] Failed to reload /App.jsx. This could be due to syntax errors or importing non-existent modules. (see errors above)
[2m5:51:16 a.m.[22m [31m[1m[vite][22m[39m [31m[2m(client)[22m[39m [2m[console.error] [22m[vite] Error: El id de slide "slide11" esta duplicado.
    at http://localhost:5173/slides/shared/createSlide.js:54:10
    at Array.forEach (<anonymous>)
    at validateSlideRegistry (http://localhost:5173/slides/shared/createSlide.js:46:9)
    at validateSlides (http://localhost:5173/slides/index.js?t=1781175076698:37:2)
    at http://localhost:5173/slides/index.js?t=1781175076698:40:2
[2m5:51:16 a.m.[22m [31m[1m[vite][22m[39m [31m[2m(client)[22m[39m [2m[console.error] [22m[vite] Failed to reload /App.jsx. This could be due to syntax errors or importing non-existent modules. (see errors above)
[2m5:51:17 a.m.[22m [31m[1m[vite][22m[39m [31m[2m(client)[22m[39m [2m[console.error] [22m[vite] Error: El id de slide "slide11" esta duplicado.
    at http://localhost:5173/slides/shared/createSlide.js:54:10
    at Array.forEach (<anonymous>)
    at validateSlideRegistry (http://localhost:5173/slides/shared/createSlide.js:46:9)
    at validateSlides (http://localhost:5173/slides/index.js?t=1781175076698:37:2)
    at http://localhost:5173/slides/index.js?t=1781175076698:40:2
[2m5:51:17 a.m.[22m [31m[1m[vite][22m[39m [31m[2m(client)[22m[39m [2m[console.error] [22m[vite] Failed to reload /App.jsx. This could be due to syntax errors or importing non-existent modules. (see errors above)
[2m5:51:40 a.m.[22m [31m[1m[vite][22m[39m [31m[2m(client)[22m[39m [2m[console.error] [22m[vite] Error: El id de slide "slide11" esta duplicado.
    at http://localhost:5173/slides/shared/createSlide.js:54:10
    at Array.forEach (<anonymous>)
    at validateSlideRegistry (http://localhost:5173/slides/shared/createSlide.js:46:9)
    at validateSlides (http://localhost:5173/slides/index.js?t=1781175100272:37:2)
    at http://localhost:5173/slides/index.js?t=1781175100272:40:2
[2m5:51:40 a.m.[22m [31m[1m[vite][22m[39m [31m[2m(client)[22m[39m [2m[console.error] [22m[vite] Failed to reload /App.jsx. This could be due to syntax errors or importing non-existent modules. (see errors above)
[2m5:51:40 a.m.[22m [31m[1m[vite][22m[39m [31m[2m(client)[22m[39m [2m[console.error] [22m[vite] Error: El id de slide "slide11" esta duplicado.
    at http://127.0.0.1:5173/slides/shared/createSlide.js:54:10
    at Array.forEach (<anonymous>)
    at validateSlideRegistry (http://127.0.0.1:5173/slides/shared/createSlide.js:46:9)
    at validateSlides (http://127.0.0.1:5173/slides/index.js?t=1781175100272:37:2)
    at http://127.0.0.1:5173/slides/index.js?t=1781175100272:40:2
[2m5:51:40 a.m.[22m [31m[1m[vite][22m[39m [31m[2m(client)[22m[39m [2m[console.error] [22m[vite] Failed to reload /App.jsx. This could be due to syntax errors or importing non-existent modules. (see errors above)
[2m5:51:40 a.m.[22m [31m[1m[vite][22m[39m [31m[2m(client)[22m[39m [2m[console.error] [22m[vite] Error: El id de slide "slide11" esta duplicado.
    at http://localhost:5173/slides/shared/createSlide.js:54:10
    at Array.forEach (<anonymous>)
    at validateSlideRegistry (http://localhost:5173/slides/shared/createSlide.js:46:9)
    at validateSlides (http://localhost:5173/slides/index.js?t=1781175100272:37:2)
    at http://localhost:5173/slides/index.js?t=1781175100272:40:2
[2m5:51:40 a.m.[22m [31m[1m[vite][22m[39m [31m[2m(client)[22m[39m [2m[console.error] [22m[vite] Failed to reload /App.jsx. This could be due to syntax errors or importing non-existent modules. (see errors above)
[2m5:51:40 a.m.[22m [31m[1m[vite][22m[39m [31m[2m(client)[22m[39m [2m[console.error] [22m[vite] Error: El id de slide "slide11" esta duplicado.
    at http://127.0.0.1:5173/slides/shared/createSlide.js:54:10
    at Array.forEach (<anonymous>)
    at validateSlideRegistry (http://127.0.0.1:5173/slides/shared/createSlide.js:46:9)
    at validateSlides (http://127.0.0.1:5173/slides/index.js?t=1781175100272:37:2)
    at http://127.0.0.1:5173/slides/index.js?t=1781175100272:40:2
[2m5:51:40 a.m.[22m [31m[1m[vite][22m[39m [31m[2m(client)[22m[39m [2m[console.error] [22m[vite] Failed to reload /App.jsx. This could be due to syntax errors or importing non-existent modules. (see errors above)
[2m5:51:40 a.m.[22m [31m[1m[vite][22m[39m [31m[2m(client)[22m[39m [2m[console.error] [22m[vite] Error: El id de slide "slide11" esta duplicado.
    at http://localhost:5173/slides/shared/createSlide.js:54:10
    at Array.forEach (<anonymous>)
    at validateSlideRegistry (http://localhost:5173/slides/shared/createSlide.js:46:9)
    at validateSlides (http://localhost:5173/slides/index.js?t=1781175100272:37:2)
    at http://localhost:5173/slides/index.js?t=1781175100272:40:2
[2m5:51:40 a.m.[22m [31m[1m[vite][22m[39m [31m[2m(client)[22m[39m [2m[console.error] [22m[vite] Failed to reload /App.jsx. This could be due to syntax errors or importing non-existent modules. (see errors above)
[2m5:51:40 a.m.[22m [31m[1m[vite][22m[39m [31m[2m(client)[22m[39m [2m[console.error] [22m[vite] Error: El id de slide "slide11" esta duplicado.
    at http://127.0.0.1:5173/slides/shared/createSlide.js:54:10
    at Array.forEach (<anonymous>)
    at validateSlideRegistry (http://127.0.0.1:5173/slides/shared/createSlide.js:46:9)
    at validateSlides (http://127.0.0.1:5173/slides/index.js?t=1781175100415:37:2)
    at http://127.0.0.1:5173/slides/index.js?t=1781175100415:40:2
[2m5:51:40 a.m.[22m [31m[1m[vite][22m[39m [31m[2m(client)[22m[39m [2m[console.error] [22m[vite] Failed to reload /App.jsx. This could be due to syntax errors or importing non-existent modules. (see errors above)
[2m5:51:40 a.m.[22m [31m[1m[vite][22m[39m [31m[2m(client)[22m[39m [2m[console.error] [22m[vite] Error: El id de slide "slide11" esta duplicado.
    at http://localhost:5173/slides/shared/createSlide.js:54:10
    at Array.forEach (<anonymous>)
    at validateSlideRegistry (http://localhost:5173/slides/shared/createSlide.js:46:9)
    at validateSlides (http://localhost:5173/slides/index.js?t=1781175100415:37:2)
    at http://localhost:5173/slides/index.js?t=1781175100415:40:2
[2m5:51:40 a.m.[22m [31m[1m[vite][22m[39m [31m[2m(client)[22m[39m [2m[console.error] [22m[vite] Failed to reload /App.jsx. This could be due to syntax errors or importing non-existent modules. (see errors above)
[2m5:51:40 a.m.[22m [31m[1m[vite][22m[39m [31m[2m(client)[22m[39m [2m[console.error] [22m[vite] Error: El id de slide "slide11" esta duplicado.
    at http://127.0.0.1:5173/slides/shared/createSlide.js:54:10
    at Array.forEach (<anonymous>)
    at validateSlideRegistry (http://127.0.0.1:5173/slides/shared/createSlide.js:46:9)
    at validateSlides (http://127.0.0.1:5173/slides/index.js?t=1781175100415:37:2)
    at http://127.0.0.1:5173/slides/index.js?t=1781175100415:40:2
[2m5:51:40 a.m.[22m [31m[1m[vite][22m[39m [31m[2m(client)[22m[39m [2m[console.error] [22m[vite] Failed to reload /App.jsx. This could be due to syntax errors or importing non-existent modules. (see errors above)
[2m5:51:40 a.m.[22m [31m[1m[vite][22m[39m [31m[2m(client)[22m[39m [2m[console.error] [22m[vite] Error: El id de slide "slide11" esta duplicado.
    at http://localhost:5173/slides/shared/createSlide.js:54:10
    at Array.forEach (<anonymous>)
    at validateSlideRegistry (http://localhost:5173/slides/shared/createSlide.js:46:9)
    at validateSlides (http://localhost:5173/slides/index.js?t=1781175100415:37:2)
    at http://localhost:5173/slides/index.js?t=1781175100415:40:2
[2m5:51:40 a.m.[22m [31m[1m[vite][22m[39m [31m[2m(client)[22m[39m [2m[console.error] [22m[vite] Failed to reload /App.jsx. This could be due to syntax errors or importing non-existent modules. (see errors above)
[2m5:51:40 a.m.[22m [31m[1m[vite][22m[39m [31m[2m(client)[22m[39m [2m[console.error] [22m[vite] Error: El id de slide "slide11" esta duplicado.
    at http://localhost:5173/slides/shared/createSlide.js:54:10
    at Array.forEach (<anonymous>)
    at validateSlideRegistry (http://localhost:5173/slides/shared/createSlide.js:46:9)
    at validateSlides (http://localhost:5173/slides/index.js?t=1781175100415:37:2)
    at http://localhost:5173/slides/index.js?t=1781175100415:40:2
[2m5:51:40 a.m.[22m [31m[1m[vite][22m[39m [31m[2m(client)[22m[39m [2m[console.error] [22m[vite] Failed to reload /App.jsx. This could be due to syntax errors or importing non-existent modules. (see errors above)
[2m5:51:40 a.m.[22m [31m[1m[vite][22m[39m [31m[2m(client)[22m[39m [2m[console.error] [22m[vite] Error: El id de slide "slide11" esta duplicado.
    at http://localhost:5173/slides/shared/createSlide.js:54:10
    at Array.forEach (<anonymous>)
    at validateSlideRegistry (http://localhost:5173/slides/shared/createSlide.js:46:9)
    at validateSlides (http://localhost:5173/slides/index.js?t=1781175100415:37:2)
    at http://localhost:5173/slides/index.js?t=1781175100415:40:2
[2m5:51:40 a.m.[22m [31m[1m[vite][22m[39m [31m[2m(client)[22m[39m [2m[console.error] [22m[vite] Failed to reload /App.jsx. This could be due to syntax errors or importing non-existent modules. (see errors above)
[2m5:51:40 a.m.[22m [31m[1m[vite][22m[39m [31m[2m(client)[22m[39m [2m[console.error] [22m[vite] Error: El id de slide "slide11" esta duplicado.
    at http://localhost:5173/slides/shared/createSlide.js:54:10
    at Array.forEach (<anonymous>)
    at validateSlideRegistry (http://localhost:5173/slides/shared/createSlide.js:46:9)
    at validateSlides (http://localhost:5173/slides/index.js?t=1781175100415:37:2)
    at http://localhost:5173/slides/index.js?t=1781175100415:40:2
[2m5:51:40 a.m.[22m [31m[1m[vite][22m[39m [31m[2m(client)[22m[39m [2m[console.error] [22m[vite] Failed to reload /App.jsx. This could be due to syntax errors or importing non-existent modules. (see errors above)
[2m5:51:45 a.m.[22m [31m[1m[vite][22m[39m [31m[2m(client)[22m[39m [31m[Unhandled error] [1mError[22m: El id de slide "slide11" esta duplicado.
[39m > slides/shared/createSlide.js:70:12
    68 |  
    69 |      if (ids.has(slide.id)) {
    70 |        throw new Error(`El id de slide "${slide.id}" esta duplicado.`);
       |              ^
    71 |      }
    72 |      ids.add(slide.id);
 > validateSlideRegistry slides/shared/createSlide.js:60:9
 > validateSlides slides/index.js:39:2
 > slides/index.js:43:2

[2m5:51:54 a.m.[22m [31m[1m[vite][22m[39m [31m[2m(client)[22m[39m [31m[Unhandled error] [1mError[22m: El id de slide "slide11" esta duplicado.
[39m > slides/shared/createSlide.js:70:12
    68 |  
    69 |      if (ids.has(slide.id)) {
    70 |        throw new Error(`El id de slide "${slide.id}" esta duplicado.`);
       |              ^
    71 |      }
    72 |      ids.add(slide.id);
 > validateSlideRegistry slides/shared/createSlide.js:60:9
 > validateSlides slides/index.js:39:2
 > slides/index.js:43:2

[2m5:52:20 a.m.[22m [31m[1m[vite][22m[39m [31m[2m(client)[22m[39m [31m[Unhandled error] [1mError[22m: El id de slide "slide11" esta duplicado.
[39m > slides/shared/createSlide.js:70:12
    68 |  
    69 |      if (ids.has(slide.id)) {
    70 |        throw new Error(`El id de slide "${slide.id}" esta duplicado.`);
       |              ^
    71 |      }
    72 |      ids.add(slide.id);
 > validateSlideRegistry slides/shared/createSlide.js:60:9
 > validateSlides slides/index.js:39:2
 > slides/index.js:43:2

[2m5:52:31 a.m.[22m [31m[1m[vite][22m[39m [31m[2m(client)[22m[39m [2m[console.error] [22m[vite] Error: El id de slide "slide11" esta duplicado.
    at http://127.0.0.1:5173/slides/shared/createSlide.js:54:10
    at Array.forEach (<anonymous>)
    at validateSlideRegistry (http://127.0.0.1:5173/slides/shared/createSlide.js:46:9)
    at validateSlides (http://127.0.0.1:5173/slides/index.js?t=1781175151269:37:2)
    at http://127.0.0.1:5173/slides/index.js?t=1781175151269:40:2
[2m5:52:31 a.m.[22m [31m[1m[vite][22m[39m [31m[2m(client)[22m[39m [2m[console.error] [22m[vite] Failed to reload /App.jsx. This could be due to syntax errors or importing non-existent modules. (see errors above)
[2m5:52:31 a.m.[22m [31m[1m[vite][22m[39m [31m[2m(client)[22m[39m [2m[console.error] [22m[vite] Error: El id de slide "slide11" esta duplicado.
    at http://127.0.0.1:5173/slides/shared/createSlide.js:54:10
    at Array.forEach (<anonymous>)
    at validateSlideRegistry (http://127.0.0.1:5173/slides/shared/createSlide.js:46:9)
    at validateSlides (http://127.0.0.1:5173/slides/index.js?t=1781175151269:37:2)
    at http://127.0.0.1:5173/slides/index.js?t=1781175151269:40:2
[2m5:52:31 a.m.[22m [31m[1m[vite][22m[39m [31m[2m(client)[22m[39m [2m[console.error] [22m[vite] Failed to reload /App.jsx. This could be due to syntax errors or importing non-existent modules. (see errors above)
[2m5:52:31 a.m.[22m [31m[1m[vite][22m[39m [31m[2m(client)[22m[39m [2m[console.error] [22m[vite] Error: El id de slide "slide11" esta duplicado.
    at http://localhost:5173/slides/shared/createSlide.js:54:10
    at Array.forEach (<anonymous>)
    at validateSlideRegistry (http://localhost:5173/slides/shared/createSlide.js:46:9)
    at validateSlides (http://localhost:5173/slides/index.js?t=1781175151269:37:2)
    at http://localhost:5173/slides/index.js?t=1781175151269:40:2
[2m5:52:31 a.m.[22m [31m[1m[vite][22m[39m [31m[2m(client)[22m[39m [2m[console.error] [22m[vite] Failed to reload /App.jsx. This could be due to syntax errors or importing non-existent modules. (see errors above)
[2m5:52:31 a.m.[22m [31m[1m[vite][22m[39m [31m[2m(client)[22m[39m [2m[console.error] [22m[vite] Error: El id de slide "slide11" esta duplicado.
    at http://localhost:5173/slides/shared/createSlide.js:54:10
    at Array.forEach (<anonymous>)
    at validateSlideRegistry (http://localhost:5173/slides/shared/createSlide.js:46:9)
    at validateSlides (http://localhost:5173/slides/index.js?t=1781175151269:37:2)
    at http://localhost:5173/slides/index.js?t=1781175151269:40:2
[2m5:52:31 a.m.[22m [31m[1m[vite][22m[39m [31m[2m(client)[22m[39m [2m[console.error] [22m[vite] Failed to reload /App.jsx. This could be due to syntax errors or importing non-existent modules. (see errors above)
[2m5:52:31 a.m.[22m [31m[1m[vite][22m[39m [31m[2m(client)[22m[39m [2m[console.error] [22m[vite] Error: El id de slide "slide11" esta duplicado.
    at http://localhost:5173/slides/shared/createSlide.js:54:10
    at Array.forEach (<anonymous>)
    at validateSlideRegistry (http://localhost:5173/slides/shared/createSlide.js:46:9)
    at validateSlides (http://localhost:5173/slides/index.js?t=1781175151269:37:2)
    at http://localhost:5173/slides/index.js?t=1781175151269:40:2
[2m5:52:31 a.m.[22m [31m[1m[vite][22m[39m [31m[2m(client)[22m[39m [2m[console.error] [22m[vite] Failed to reload /App.jsx. This could be due to syntax errors or importing non-existent modules. (see errors above)
[2m5:52:37 a.m.[22m [31m[1m[vite][22m[39m [31m[2m(client)[22m[39m [31m[Unhandled error] [1mError[22m: El id de slide "slide11" esta duplicado.
[39m > slides/shared/createSlide.js:70:12
    68 |  
    69 |      if (ids.has(slide.id)) {
    70 |        throw new Error(`El id de slide "${slide.id}" esta duplicado.`);
       |              ^
    71 |      }
    72 |      ids.add(slide.id);
 > validateSlideRegistry slides/shared/createSlide.js:60:9
 > validateSlides slides/index.js:39:2
 > slides/index.js:43:2

[2m5:53:57 a.m.[22m [31m[1m[vite][22m[39m [31m[2m(client)[22m[39m [2m[console.error] [22m[vite] Error: El id de slide "slide11" esta duplicado.
    at http://127.0.0.1:5173/slides/shared/createSlide.js:54:10
    at Array.forEach (<anonymous>)
    at validateSlideRegistry (http://127.0.0.1:5173/slides/shared/createSlide.js:46:9)
    at validateSlides (http://127.0.0.1:5173/slides/index.js?t=1781175237746:37:2)
    at http://127.0.0.1:5173/slides/index.js?t=1781175237746:40:2
[2m5:53:57 a.m.[22m [31m[1m[vite][22m[39m [31m[2m(client)[22m[39m [2m[console.error] [22m[vite] Failed to reload /App.jsx. This could be due to syntax errors or importing non-existent modules. (see errors above)
[2m5:53:57 a.m.[22m [31m[1m[vite][22m[39m [31m[2m(client)[22m[39m [2m[console.error] [22m[vite] Error: El id de slide "slide11" esta duplicado.
    at http://127.0.0.1:5173/slides/shared/createSlide.js:54:10
    at Array.forEach (<anonymous>)
    at validateSlideRegistry (http://127.0.0.1:5173/slides/shared/createSlide.js:46:9)
    at validateSlides (http://127.0.0.1:5173/slides/index.js?t=1781175237746:37:2)
    at http://127.0.0.1:5173/slides/index.js?t=1781175237746:40:2
[2m5:53:57 a.m.[22m [31m[1m[vite][22m[39m [31m[2m(client)[22m[39m [2m[console.error] [22m[vite] Failed to reload /App.jsx. This could be due to syntax errors or importing non-existent modules. (see errors above)
[2m5:53:58 a.m.[22m [31m[1m[vite][22m[39m [31m[2m(client)[22m[39m [2m[console.error] [22m[vite] Error: El id de slide "slide11" esta duplicado.
    at http://localhost:5173/slides/shared/createSlide.js:54:10
    at Array.forEach (<anonymous>)
    at validateSlideRegistry (http://localhost:5173/slides/shared/createSlide.js:46:9)
    at validateSlides (http://localhost:5173/slides/index.js?t=1781175237746:37:2)
    at http://localhost:5173/slides/index.js?t=1781175237746:40:2
[2m5:53:58 a.m.[22m [31m[1m[vite][22m[39m [31m[2m(client)[22m[39m [2m[console.error] [22m[vite] Failed to reload /App.jsx. This could be due to syntax errors or importing non-existent modules. (see errors above)
[2m5:53:58 a.m.[22m [31m[1m[vite][22m[39m [31m[2m(client)[22m[39m [2m[console.error] [22m[vite] Error: El id de slide "slide11" esta duplicado.
    at http://localhost:5173/slides/shared/createSlide.js:54:10
    at Array.forEach (<anonymous>)
    at validateSlideRegistry (http://localhost:5173/slides/shared/createSlide.js:46:9)
    at validateSlides (http://localhost:5173/slides/index.js?t=1781175237746:37:2)
    at http://localhost:5173/slides/index.js?t=1781175237746:40:2
[2m5:53:58 a.m.[22m [31m[1m[vite][22m[39m [31m[2m(client)[22m[39m [2m[console.error] [22m[vite] Failed to reload /App.jsx. This could be due to syntax errors or importing non-existent modules. (see errors above)
[2m5:53:58 a.m.[22m [31m[1m[vite][22m[39m [31m[2m(client)[22m[39m [2m[console.error] [22m[vite] Error: El id de slide "slide11" esta duplicado.
    at http://localhost:5173/slides/shared/createSlide.js:54:10
    at Array.forEach (<anonymous>)
    at validateSlideRegistry (http://localhost:5173/slides/shared/createSlide.js:46:9)
    at validateSlides (http://localhost:5173/slides/index.js?t=1781175237746:37:2)
    at http://localhost:5173/slides/index.js?t=1781175237746:40:2
[2m5:53:58 a.m.[22m [31m[1m[vite][22m[39m [31m[2m(client)[22m[39m [2m[console.error] [22m[vite] Failed to reload /App.jsx. This could be due to syntax errors or importing non-existent modules. (see errors above)
[2m5:53:58 a.m.[22m [31m[1m[vite][22m[39m [31m[2m(client)[22m[39m [2m[console.error] [22m[vite] Error: El id de slide "slide11" esta duplicado.
    at http://localhost:5173/slides/shared/createSlide.js:54:10
    at Array.forEach (<anonymous>)
    at validateSlideRegistry (http://localhost:5173/slides/shared/createSlide.js:46:9)
    at validateSlides (http://localhost:5173/slides/index.js?t=1781175238889:37:2)
    at http://localhost:5173/slides/index.js?t=1781175238889:40:2
[2m5:53:58 a.m.[22m [31m[1m[vite][22m[39m [31m[2m(client)[22m[39m [2m[console.error] [22m[vite] Failed to reload /App.jsx. This could be due to syntax errors or importing non-existent modules. (see errors above)
[2m5:53:58 a.m.[22m [31m[1m[vite][22m[39m [31m[2m(client)[22m[39m [2m[console.error] [22m[vite] Error: El id de slide "slide11" esta duplicado.
    at http://localhost:5173/slides/shared/createSlide.js:54:10
    at Array.forEach (<anonymous>)
    at validateSlideRegistry (http://localhost:5173/slides/shared/createSlide.js:46:9)
    at validateSlides (http://localhost:5173/slides/index.js?t=1781175238889:37:2)
    at http://localhost:5173/slides/index.js?t=1781175238889:40:2
[2m5:53:58 a.m.[22m [31m[1m[vite][22m[39m [31m[2m(client)[22m[39m [2m[console.error] [22m[vite] Failed to reload /App.jsx. This could be due to syntax errors or importing non-existent modules. (see errors above)
[2m5:53:58 a.m.[22m [31m[1m[vite][22m[39m [31m[2m(client)[22m[39m [2m[console.error] [22m[vite] Error: El id de slide "slide11" esta duplicado.
    at http://127.0.0.1:5173/slides/shared/createSlide.js:54:10
    at Array.forEach (<anonymous>)
    at validateSlideRegistry (http://127.0.0.1:5173/slides/shared/createSlide.js:46:9)
    at validateSlides (http://127.0.0.1:5173/slides/index.js?t=1781175238889:37:2)
    at http://127.0.0.1:5173/slides/index.js?t=1781175238889:40:2
[2m5:53:58 a.m.[22m [31m[1m[vite][22m[39m [31m[2m(client)[22m[39m [2m[console.error] [22m[vite] Failed to reload /App.jsx. This could be due to syntax errors or importing non-existent modules. (see errors above)
[2m5:53:58 a.m.[22m [31m[1m[vite][22m[39m [31m[2m(client)[22m[39m [2m[console.error] [22m[vite] Error: El id de slide "slide11" esta duplicado.
    at http://localhost:5173/slides/shared/createSlide.js:54:10
    at Array.forEach (<anonymous>)
    at validateSlideRegistry (http://localhost:5173/slides/shared/createSlide.js:46:9)
    at validateSlides (http://localhost:5173/slides/index.js?t=1781175238889:37:2)
    at http://localhost:5173/slides/index.js?t=1781175238889:40:2
[2m5:53:58 a.m.[22m [31m[1m[vite][22m[39m [31m[2m(client)[22m[39m [2m[console.error] [22m[vite] Failed to reload /App.jsx. This could be due to syntax errors or importing non-existent modules. (see errors above)
[2m5:53:58 a.m.[22m [31m[1m[vite][22m[39m [31m[2m(client)[22m[39m [2m[console.error] [22m[vite] Error: El id de slide "slide11" esta duplicado.
    at http://127.0.0.1:5173/slides/shared/createSlide.js:54:10
    at Array.forEach (<anonymous>)
    at validateSlideRegistry (http://127.0.0.1:5173/slides/shared/createSlide.js:46:9)
    at validateSlides (http://127.0.0.1:5173/slides/index.js?t=1781175238889:37:2)
    at http://127.0.0.1:5173/slides/index.js?t=1781175238889:40:2
[2m5:53:58 a.m.[22m [31m[1m[vite][22m[39m [31m[2m(client)[22m[39m [2m[console.error] [22m[vite] Failed to reload /App.jsx. This could be due to syntax errors or importing non-existent modules. (see errors above)
[2m5:53:59 a.m.[22m [31m[1m[vite][22m[39m [31m[2m(client)[22m[39m [2m[console.error] [22m[vite] Error: El id de slide "slide11" esta duplicado.
    at http://localhost:5173/slides/shared/createSlide.js:54:10
    at Array.forEach (<anonymous>)
    at validateSlideRegistry (http://localhost:5173/slides/shared/createSlide.js:46:9)
    at validateSlides (http://localhost:5173/slides/index.js?t=1781175239188:37:2)
    at http://localhost:5173/slides/index.js?t=1781175239188:40:2
[2m5:53:59 a.m.[22m [31m[1m[vite][22m[39m [31m[2m(client)[22m[39m [2m[console.error] [22m[vite] Failed to reload /App.jsx. This could be due to syntax errors or importing non-existent modules. (see errors above)
[2m5:53:59 a.m.[22m [31m[1m[vite][22m[39m [31m[2m(client)[22m[39m [2m[console.error] [22m[vite] Error: El id de slide "slide11" esta duplicado.
    at http://127.0.0.1:5173/slides/shared/createSlide.js:54:10
    at Array.forEach (<anonymous>)
    at validateSlideRegistry (http://127.0.0.1:5173/slides/shared/createSlide.js:46:9)
    at validateSlides (http://127.0.0.1:5173/slides/index.js?t=1781175239188:37:2)
    at http://127.0.0.1:5173/slides/index.js?t=1781175239188:40:2
[2m5:53:59 a.m.[22m [31m[1m[vite][22m[39m [31m[2m(client)[22m[39m [2m[console.error] [22m[vite] Failed to reload /App.jsx. This could be due to syntax errors or importing non-existent modules. (see errors above)
[2m5:53:59 a.m.[22m [31m[1m[vite][22m[39m [31m[2m(client)[22m[39m [2m[console.error] [22m[vite] Error: El id de slide "slide11" esta duplicado.
    at http://localhost:5173/slides/shared/createSlide.js:54:10
    at Array.forEach (<anonymous>)
    at validateSlideRegistry (http://localhost:5173/slides/shared/createSlide.js:46:9)
    at validateSlides (http://localhost:5173/slides/index.js?t=1781175239188:37:2)
    at http://localhost:5173/slides/index.js?t=1781175239188:40:2
[2m5:53:59 a.m.[22m [31m[1m[vite][22m[39m [31m[2m(client)[22m[39m [2m[console.error] [22m[vite] Failed to reload /App.jsx. This could be due to syntax errors or importing non-existent modules. (see errors above)
[2m5:53:59 a.m.[22m [31m[1m[vite][22m[39m [31m[2m(client)[22m[39m [2m[console.error] [22m[vite] Error: El id de slide "slide11" esta duplicado.
    at http://127.0.0.1:5173/slides/shared/createSlide.js:54:10
    at Array.forEach (<anonymous>)
    at validateSlideRegistry (http://127.0.0.1:5173/slides/shared/createSlide.js:46:9)
    at validateSlides (http://127.0.0.1:5173/slides/index.js?t=1781175239188:37:2)
    at http://127.0.0.1:5173/slides/index.js?t=1781175239188:40:2
[2m5:53:59 a.m.[22m [31m[1m[vite][22m[39m [31m[2m(client)[22m[39m [2m[console.error] [22m[vite] Failed to reload /App.jsx. This could be due to syntax errors or importing non-existent modules. (see errors above)
[2m5:53:59 a.m.[22m [31m[1m[vite][22m[39m [31m[2m(client)[22m[39m [2m[console.error] [22m[vite] Error: El id de slide "slide11" esta duplicado.
    at http://localhost:5173/slides/shared/createSlide.js:54:10
    at Array.forEach (<anonymous>)
    at validateSlideRegistry (http://localhost:5173/slides/shared/createSlide.js:46:9)
    at validateSlides (http://localhost:5173/slides/index.js?t=1781175239188:37:2)
    at http://localhost:5173/slides/index.js?t=1781175239188:40:2
[2m5:53:59 a.m.[22m [31m[1m[vite][22m[39m [31m[2m(client)[22m[39m [2m[console.error] [22m[vite] Failed to reload /App.jsx. This could be due to syntax errors or importing non-existent modules. (see errors above)
[2m5:53:59 a.m.[22m [31m[1m[vite][22m[39m [31m[2m(client)[22m[39m [2m[console.error] [22m[vite] Error: El id de slide "slide11" esta duplicado.
    at http://127.0.0.1:5173/slides/shared/createSlide.js:54:10
    at Array.forEach (<anonymous>)
    at validateSlideRegistry (http://127.0.0.1:5173/slides/shared/createSlide.js:46:9)
    at validateSlides (http://127.0.0.1:5173/slides/index.js?t=1781175239386:37:2)
    at http://127.0.0.1:5173/slides/index.js?t=1781175239386:40:2
[2m5:53:59 a.m.[22m [31m[1m[vite][22m[39m [31m[2m(client)[22m[39m [2m[console.error] [22m[vite] Failed to reload /App.jsx. This could be due to syntax errors or importing non-existent modules. (see errors above)
[2m5:53:59 a.m.[22m [31m[1m[vite][22m[39m [31m[2m(client)[22m[39m [2m[console.error] [22m[vite] Error: El id de slide "slide11" esta duplicado.
    at http://localhost:5173/slides/shared/createSlide.js:54:10
    at Array.forEach (<anonymous>)
    at validateSlideRegistry (http://localhost:5173/slides/shared/createSlide.js:46:9)
    at validateSlides (http://localhost:5173/slides/index.js?t=1781175239386:37:2)
    at http://localhost:5173/slides/index.js?t=1781175239386:40:2
[2m5:53:59 a.m.[22m [31m[1m[vite][22m[39m [31m[2m(client)[22m[39m [2m[console.error] [22m[vite] Failed to reload /App.jsx. This could be due to syntax errors or importing non-existent modules. (see errors above)
[2m5:53:59 a.m.[22m [31m[1m[vite][22m[39m [31m[2m(client)[22m[39m [2m[console.error] [22m[vite] Error: El id de slide "slide11" esta duplicado.
    at http://127.0.0.1:5173/slides/shared/createSlide.js:54:10
    at Array.forEach (<anonymous>)
    at validateSlideRegistry (http://127.0.0.1:5173/slides/shared/createSlide.js:46:9)
    at validateSlides (http://127.0.0.1:5173/slides/index.js?t=1781175239386:37:2)
    at http://127.0.0.1:5173/slides/index.js?t=1781175239386:40:2
[2m5:53:59 a.m.[22m [31m[1m[vite][22m[39m [31m[2m(client)[22m[39m [2m[console.error] [22m[vite] Failed to reload /App.jsx. This could be due to syntax errors or importing non-existent modules. (see errors above)
[2m5:53:59 a.m.[22m [31m[1m[vite][22m[39m [31m[2m(client)[22m[39m [2m[console.error] [22m[vite] Error: El id de slide "slide11" esta duplicado.
    at http://localhost:5173/slides/shared/createSlide.js:54:10
    at Array.forEach (<anonymous>)
    at validateSlideRegistry (http://localhost:5173/slides/shared/createSlide.js:46:9)
    at validateSlides (http://localhost:5173/slides/index.js?t=1781175239386:37:2)
    at http://localhost:5173/slides/index.js?t=1781175239386:40:2
[2m5:53:59 a.m.[22m [31m[1m[vite][22m[39m [31m[2m(client)[22m[39m [2m[console.error] [22m[vite] Failed to reload /App.jsx. This could be due to syntax errors or importing non-existent modules. (see errors above)
[2m5:53:59 a.m.[22m [31m[1m[vite][22m[39m [31m[2m(client)[22m[39m [2m[console.error] [22m[vite] Error: El id de slide "slide11" esta duplicado.
    at http://localhost:5173/slides/shared/createSlide.js:54:10
    at Array.forEach (<anonymous>)
    at validateSlideRegistry (http://localhost:5173/slides/shared/createSlide.js:46:9)
    at validateSlides (http://localhost:5173/slides/index.js?t=1781175239386:37:2)
    at http://localhost:5173/slides/index.js?t=1781175239386:40:2
[2m5:53:59 a.m.[22m [31m[1m[vite][22m[39m [31m[2m(client)[22m[39m [2m[console.error] [22m[vite] Failed to reload /App.jsx. This could be due to syntax errors or importing non-existent modules. (see errors above)
[2m5:54:01 a.m.[22m [31m[1m[vite][22m[39m [31m[2m(client)[22m[39m [31m[Unhandled error] [1mError[22m: El id de slide "slide11" esta duplicado.
[39m > slides/shared/createSlide.js:70:12
    68 |  
    69 |      if (ids.has(slide.id)) {
    70 |        throw new Error(`El id de slide "${slide.id}" esta duplicado.`);
       |              ^
    71 |      }
    72 |      ids.add(slide.id);
 > validateSlideRegistry slides/shared/createSlide.js:60:9
 > validateSlides slides/index.js:39:2
 > slides/index.js:43:2

[2m5:54:03 a.m.[22m [31m[1m[vite][22m[39m [31m[2m(client)[22m[39m [31m[Unhandled error] [1mError[22m: El id de slide "slide11" esta duplicado.
[39m > slides/shared/createSlide.js:70:12
    68 |  
    69 |      if (ids.has(slide.id)) {
    70 |        throw new Error(`El id de slide "${slide.id}" esta duplicado.`);
       |              ^
    71 |      }
    72 |      ids.add(slide.id);
 > validateSlideRegistry slides/shared/createSlide.js:60:9
 > validateSlides slides/index.js:39:2
 > slides/index.js:43:2

[2m5:54:05 a.m.[22m [31m[1m[vite][22m[39m [31m[2m(client)[22m[39m [31m[Unhandled error] [1mError[22m: El id de slide "slide11" esta duplicado.
[39m > slides/shared/createSlide.js:70:12
    68 |  
    69 |      if (ids.has(slide.id)) {
    70 |        throw new Error(`El id de slide "${slide.id}" esta duplicado.`);
       |              ^
    71 |      }
    72 |      ids.add(slide.id);
 > validateSlideRegistry slides/shared/createSlide.js:60:9
 > validateSlides slides/index.js:39:2
 > slides/index.js:43:2

[2m5:54:11 a.m.[22m [31m[1m[vite][22m[39m [31m[2m(client)[22m[39m [31m[Unhandled error] [1mError[22m: El id de slide "slide11" esta duplicado.
[39m > slides/shared/createSlide.js:70:12
    68 |  
    69 |      if (ids.has(slide.id)) {
    70 |        throw new Error(`El id de slide "${slide.id}" esta duplicado.`);
       |              ^
    71 |      }
    72 |      ids.add(slide.id);
 > validateSlideRegistry slides/shared/createSlide.js:60:9
 > validateSlides slides/index.js:39:2
 > slides/index.js:43:2

[2m5:55:03 a.m.[22m [31m[1m[vite][22m[39m [31m[2m(client)[22m[39m [2m[console.error] [22m[vite] Error: El id de slide "slide11" esta duplicado.
    at http://127.0.0.1:5173/slides/shared/createSlide.js:54:10
    at Array.forEach (<anonymous>)
    at validateSlideRegistry (http://127.0.0.1:5173/slides/shared/createSlide.js:46:9)
    at validateSlides (http://127.0.0.1:5173/slides/index.js?t=1781175303810:37:2)
    at http://127.0.0.1:5173/slides/index.js?t=1781175303810:40:2
[2m5:55:03 a.m.[22m [31m[1m[vite][22m[39m [31m[2m(client)[22m[39m [2m[console.error] [22m[vite] Failed to reload /App.jsx. This could be due to syntax errors or importing non-existent modules. (see errors above)
[2m5:55:03 a.m.[22m [31m[1m[vite][22m[39m [31m[2m(client)[22m[39m [2m[console.error] [22m[vite] Error: El id de slide "slide11" esta duplicado.
    at http://127.0.0.1:5173/slides/shared/createSlide.js:54:10
    at Array.forEach (<anonymous>)
    at validateSlideRegistry (http://127.0.0.1:5173/slides/shared/createSlide.js:46:9)
    at validateSlides (http://127.0.0.1:5173/slides/index.js?t=1781175303810:37:2)
    at http://127.0.0.1:5173/slides/index.js?t=1781175303810:40:2
[2m5:55:03 a.m.[22m [31m[1m[vite][22m[39m [31m[2m(client)[22m[39m [2m[console.error] [22m[vite] Failed to reload /App.jsx. This could be due to syntax errors or importing non-existent modules. (see errors above)
[2m5:55:04 a.m.[22m [31m[1m[vite][22m[39m [31m[2m(client)[22m[39m [2m[console.error] [22m[vite] Error: El id de slide "slide11" esta duplicado.
    at http://localhost:5173/slides/shared/createSlide.js:54:10
    at Array.forEach (<anonymous>)
    at validateSlideRegistry (http://localhost:5173/slides/shared/createSlide.js:46:9)
    at validateSlides (http://localhost:5173/slides/index.js?t=1781175303810:37:2)
    at http://localhost:5173/slides/index.js?t=1781175303810:40:2
[2m5:55:04 a.m.[22m [31m[1m[vite][22m[39m [31m[2m(client)[22m[39m [2m[console.error] [22m[vite] Failed to reload /App.jsx. This could be due to syntax errors or importing non-existent modules. (see errors above)
[2m5:55:04 a.m.[22m [31m[1m[vite][22m[39m [31m[2m(client)[22m[39m [2m[console.error] [22m[vite] Error: El id de slide "slide11" esta duplicado.
    at http://localhost:5173/slides/shared/createSlide.js:54:10
    at Array.forEach (<anonymous>)
    at validateSlideRegistry (http://localhost:5173/slides/shared/createSlide.js:46:9)
    at validateSlides (http://localhost:5173/slides/index.js?t=1781175303810:37:2)
    at http://localhost:5173/slides/index.js?t=1781175303810:40:2
[2m5:55:04 a.m.[22m [31m[1m[vite][22m[39m [31m[2m(client)[22m[39m [2m[console.error] [22m[vite] Failed to reload /App.jsx. This could be due to syntax errors or importing non-existent modules. (see errors above)
[2m5:55:04 a.m.[22m [31m[1m[vite][22m[39m [31m[2m(client)[22m[39m [2m[console.error] [22m[vite] Error: El id de slide "slide11" esta duplicado.
    at http://localhost:5173/slides/shared/createSlide.js:54:10
    at Array.forEach (<anonymous>)
    at validateSlideRegistry (http://localhost:5173/slides/shared/createSlide.js:46:9)
    at validateSlides (http://localhost:5173/slides/index.js?t=1781175303810:37:2)
    at http://localhost:5173/slides/index.js?t=1781175303810:40:2
[2m5:55:04 a.m.[22m [31m[1m[vite][22m[39m [31m[2m(client)[22m[39m [2m[console.error] [22m[vite] Failed to reload /App.jsx. This could be due to syntax errors or importing non-existent modules. (see errors above)
[2m5:55:07 a.m.[22m [31m[1m[vite][22m[39m [31m[2m(client)[22m[39m [31m[Unhandled error] [1mError[22m: El id de slide "slide11" esta duplicado.
[39m > slides/shared/createSlide.js:70:12
    68 |  
    69 |      if (ids.has(slide.id)) {
    70 |        throw new Error(`El id de slide "${slide.id}" esta duplicado.`);
       |              ^
    71 |      }
    72 |      ids.add(slide.id);
 > validateSlideRegistry slides/shared/createSlide.js:60:9
 > validateSlides slides/index.js:39:2
 > slides/index.js:43:2

[2m5:55:10 a.m.[22m [31m[1m[vite][22m[39m [31m[2m(client)[22m[39m [2m[console.error] [22m[vite] Error: El id de slide "slide11" esta duplicado.
    at http://127.0.0.1:5173/slides/shared/createSlide.js:54:10
    at Array.forEach (<anonymous>)
    at validateSlideRegistry (http://127.0.0.1:5173/slides/shared/createSlide.js:46:9)
    at validateSlides (http://127.0.0.1:5173/slides/index.js?t=1781175310061:37:2)
    at http://127.0.0.1:5173/slides/index.js?t=1781175310061:40:2
[2m5:55:10 a.m.[22m [31m[1m[vite][22m[39m [31m[2m(client)[22m[39m [2m[console.error] [22m[vite] Failed to reload /App.jsx. This could be due to syntax errors or importing non-existent modules. (see errors above)
[2m5:55:10 a.m.[22m [31m[1m[vite][22m[39m [31m[2m(client)[22m[39m [2m[console.error] [22m[vite] Error: El id de slide "slide11" esta duplicado.
    at http://127.0.0.1:5173/slides/shared/createSlide.js:54:10
    at Array.forEach (<anonymous>)
    at validateSlideRegistry (http://127.0.0.1:5173/slides/shared/createSlide.js:46:9)
    at validateSlides (http://127.0.0.1:5173/slides/index.js?t=1781175310061:37:2)
    at http://127.0.0.1:5173/slides/index.js?t=1781175310061:40:2
[2m5:55:10 a.m.[22m [31m[1m[vite][22m[39m [31m[2m(client)[22m[39m [2m[console.error] [22m[vite] Failed to reload /App.jsx. This could be due to syntax errors or importing non-existent modules. (see errors above)
[2m5:55:10 a.m.[22m [31m[1m[vite][22m[39m [31m[2m(client)[22m[39m [2m[console.error] [22m[vite] Error: El id de slide "slide11" esta duplicado.
    at http://localhost:5173/slides/shared/createSlide.js:54:10
    at Array.forEach (<anonymous>)
    at validateSlideRegistry (http://localhost:5173/slides/shared/createSlide.js:46:9)
    at validateSlides (http://localhost:5173/slides/index.js?t=1781175310061:37:2)
    at http://localhost:5173/slides/index.js?t=1781175310061:40:2
[2m5:55:10 a.m.[22m [31m[1m[vite][22m[39m [31m[2m(client)[22m[39m [2m[console.error] [22m[vite] Failed to reload /App.jsx. This could be due to syntax errors or importing non-existent modules. (see errors above)
[2m5:55:10 a.m.[22m [31m[1m[vite][22m[39m [31m[2m(client)[22m[39m [2m[console.error] [22m[vite] Error: El id de slide "slide11" esta duplicado.
    at http://localhost:5173/slides/shared/createSlide.js:54:10
    at Array.forEach (<anonymous>)
    at validateSlideRegistry (http://localhost:5173/slides/shared/createSlide.js:46:9)
    at validateSlides (http://localhost:5173/slides/index.js?t=1781175310061:37:2)
    at http://localhost:5173/slides/index.js?t=1781175310061:40:2
[2m5:55:10 a.m.[22m [31m[1m[vite][22m[39m [31m[2m(client)[22m[39m [2m[console.error] [22m[vite] Failed to reload /App.jsx. This could be due to syntax errors or importing non-existent modules. (see errors above)
[2m5:55:10 a.m.[22m [31m[1m[vite][22m[39m [31m[2m(client)[22m[39m [2m[console.error] [22m[vite] Error: El id de slide "slide11" esta duplicado.
    at http://localhost:5173/slides/shared/createSlide.js:54:10
    at Array.forEach (<anonymous>)
    at validateSlideRegistry (http://localhost:5173/slides/shared/createSlide.js:46:9)
    at validateSlides (http://localhost:5173/slides/index.js?t=1781175310061:37:2)
    at http://localhost:5173/slides/index.js?t=1781175310061:40:2
[2m5:55:10 a.m.[22m [31m[1m[vite][22m[39m [31m[2m(client)[22m[39m [2m[console.error] [22m[vite] Failed to reload /App.jsx. This could be due to syntax errors or importing non-existent modules. (see errors above)
[2m5:55:10 a.m.[22m [31m[1m[vite][22m[39m [31m[2m(client)[22m[39m [2m[console.error] [22m[vite] Error: El id de slide "slide11" esta duplicado.
    at http://127.0.0.1:5173/slides/shared/createSlide.js:54:10
    at Array.forEach (<anonymous>)
    at validateSlideRegistry (http://127.0.0.1:5173/slides/shared/createSlide.js:46:9)
    at validateSlides (http://127.0.0.1:5173/slides/index.js?t=1781175310375:37:2)
    at http://127.0.0.1:5173/slides/index.js?t=1781175310375:40:2
[2m5:55:10 a.m.[22m [31m[1m[vite][22m[39m [31m[2m(client)[22m[39m [2m[console.error] [22m[vite] Failed to reload /App.jsx. This could be due to syntax errors or importing non-existent modules. (see errors above)
[2m5:55:10 a.m.[22m [31m[1m[vite][22m[39m [31m[2m(client)[22m[39m [2m[console.error] [22m[vite] Error: El id de slide "slide11" esta duplicado.
    at http://localhost:5173/slides/shared/createSlide.js:54:10
    at Array.forEach (<anonymous>)
    at validateSlideRegistry (http://localhost:5173/slides/shared/createSlide.js:46:9)
    at validateSlides (http://localhost:5173/slides/index.js?t=1781175310375:37:2)
    at http://localhost:5173/slides/index.js?t=1781175310375:40:2
[2m5:55:10 a.m.[22m [31m[1m[vite][22m[39m [31m[2m(client)[22m[39m [2m[console.error] [22m[vite] Failed to reload /App.jsx. This could be due to syntax errors or importing non-existent modules. (see errors above)
[2m5:55:10 a.m.[22m [31m[1m[vite][22m[39m [31m[2m(client)[22m[39m [2m[console.error] [22m[vite] Error: El id de slide "slide11" esta duplicado.
    at http://localhost:5173/slides/shared/createSlide.js:54:10
    at Array.forEach (<anonymous>)
    at validateSlideRegistry (http://localhost:5173/slides/shared/createSlide.js:46:9)
    at validateSlides (http://localhost:5173/slides/index.js?t=1781175310375:37:2)
    at http://localhost:5173/slides/index.js?t=1781175310375:40:2
[2m5:55:10 a.m.[22m [31m[1m[vite][22m[39m [31m[2m(client)[22m[39m [2m[console.error] [22m[vite] Failed to reload /App.jsx. This could be due to syntax errors or importing non-existent modules. (see errors above)
[2m5:55:10 a.m.[22m [31m[1m[vite][22m[39m [31m[2m(client)[22m[39m [2m[console.error] [22m[vite] Error: El id de slide "slide11" esta duplicado.
    at http://127.0.0.1:5173/slides/shared/createSlide.js:54:10
    at Array.forEach (<anonymous>)
    at validateSlideRegistry (http://127.0.0.1:5173/slides/shared/createSlide.js:46:9)
    at validateSlides (http://127.0.0.1:5173/slides/index.js?t=1781175310375:37:2)
    at http://127.0.0.1:5173/slides/index.js?t=1781175310375:40:2
[2m5:55:10 a.m.[22m [31m[1m[vite][22m[39m [31m[2m(client)[22m[39m [2m[console.error] [22m[vite] Failed to reload /App.jsx. This could be due to syntax errors or importing non-existent modules. (see errors above)
[2m5:55:10 a.m.[22m [31m[1m[vite][22m[39m [31m[2m(client)[22m[39m [2m[console.error] [22m[vite] Error: El id de slide "slide11" esta duplicado.
    at http://localhost:5173/slides/shared/createSlide.js:54:10
    at Array.forEach (<anonymous>)
    at validateSlideRegistry (http://localhost:5173/slides/shared/createSlide.js:46:9)
    at validateSlides (http://localhost:5173/slides/index.js?t=1781175310375:37:2)
    at http://localhost:5173/slides/index.js?t=1781175310375:40:2
[2m5:55:10 a.m.[22m [31m[1m[vite][22m[39m [31m[2m(client)[22m[39m [2m[console.error] [22m[vite] Failed to reload /App.jsx. This could be due to syntax errors or importing non-existent modules. (see errors above)
[2m5:55:11 a.m.[22m [31m[1m[vite][22m[39m [31m[2m(client)[22m[39m [2m[console.error] [22m[vite] Error: El id de slide "slide11" esta duplicado.
    at http://localhost:5173/slides/shared/createSlide.js:54:10
    at Array.forEach (<anonymous>)
    at validateSlideRegistry (http://localhost:5173/slides/shared/createSlide.js:46:9)
    at validateSlides (http://localhost:5173/slides/index.js?t=1781175311180:37:2)
    at http://localhost:5173/slides/index.js?t=1781175311180:40:2
[2m5:55:11 a.m.[22m [31m[1m[vite][22m[39m [31m[2m(client)[22m[39m [2m[console.error] [22m[vite] Failed to reload /App.jsx. This could be due to syntax errors or importing non-existent modules. (see errors above)
[2m5:55:11 a.m.[22m [31m[1m[vite][22m[39m [31m[2m(client)[22m[39m [2m[console.error] [22m[vite] Error: El id de slide "slide11" esta duplicado.
    at http://127.0.0.1:5173/slides/shared/createSlide.js:54:10
    at Array.forEach (<anonymous>)
    at validateSlideRegistry (http://127.0.0.1:5173/slides/shared/createSlide.js:46:9)
    at validateSlides (http://127.0.0.1:5173/slides/index.js?t=1781175311180:37:2)
    at http://127.0.0.1:5173/slides/index.js?t=1781175311180:40:2
[2m5:55:11 a.m.[22m [31m[1m[vite][22m[39m [31m[2m(client)[22m[39m [2m[console.error] [22m[vite] Failed to reload /App.jsx. This could be due to syntax errors or importing non-existent modules. (see errors above)
[2m5:55:11 a.m.[22m [31m[1m[vite][22m[39m [31m[2m(client)[22m[39m [2m[console.error] [22m[vite] Error: El id de slide "slide11" esta duplicado.
    at http://localhost:5173/slides/shared/createSlide.js:54:10
    at Array.forEach (<anonymous>)
    at validateSlideRegistry (http://localhost:5173/slides/shared/createSlide.js:46:9)
    at validateSlides (http://localhost:5173/slides/index.js?t=1781175311180:37:2)
    at http://localhost:5173/slides/index.js?t=1781175311180:40:2
[2m5:55:11 a.m.[22m [31m[1m[vite][22m[39m [31m[2m(client)[22m[39m [2m[console.error] [22m[vite] Failed to reload /App.jsx. This could be due to syntax errors or importing non-existent modules. (see errors above)
[2m5:55:11 a.m.[22m [31m[1m[vite][22m[39m [31m[2m(client)[22m[39m [2m[console.error] [22m[vite] Error: El id de slide "slide11" esta duplicado.
    at http://127.0.0.1:5173/slides/shared/createSlide.js:54:10
    at Array.forEach (<anonymous>)
    at validateSlideRegistry (http://127.0.0.1:5173/slides/shared/createSlide.js:46:9)
    at validateSlides (http://127.0.0.1:5173/slides/index.js?t=1781175311180:37:2)
    at http://127.0.0.1:5173/slides/index.js?t=1781175311180:40:2
[2m5:55:11 a.m.[22m [31m[1m[vite][22m[39m [31m[2m(client)[22m[39m [2m[console.error] [22m[vite] Failed to reload /App.jsx. This could be due to syntax errors or importing non-existent modules. (see errors above)
[2m5:55:11 a.m.[22m [31m[1m[vite][22m[39m [31m[2m(client)[22m[39m [2m[console.error] [22m[vite] Error: El id de slide "slide11" esta duplicado.
    at http://localhost:5173/slides/shared/createSlide.js:54:10
    at Array.forEach (<anonymous>)
    at validateSlideRegistry (http://localhost:5173/slides/shared/createSlide.js:46:9)
    at validateSlides (http://localhost:5173/slides/index.js?t=1781175311180:37:2)
    at http://localhost:5173/slides/index.js?t=1781175311180:40:2
[2m5:55:11 a.m.[22m [31m[1m[vite][22m[39m [31m[2m(client)[22m[39m [2m[console.error] [22m[vite] Failed to reload /App.jsx. This could be due to syntax errors or importing non-existent modules. (see errors above)
[2m5:55:11 a.m.[22m [31m[1m[vite][22m[39m [31m[2m(client)[22m[39m [2m[console.error] [22m[vite] Error: El id de slide "slide11" esta duplicado.
    at http://localhost:5173/slides/shared/createSlide.js:54:10
    at Array.forEach (<anonymous>)
    at validateSlideRegistry (http://localhost:5173/slides/shared/createSlide.js:46:9)
    at validateSlides (http://localhost:5173/slides/index.js?t=1781175311432:37:2)
    at http://localhost:5173/slides/index.js?t=1781175311432:40:2
[2m5:55:11 a.m.[22m [31m[1m[vite][22m[39m [31m[2m(client)[22m[39m [2m[console.error] [22m[vite] Failed to reload /App.jsx. This could be due to syntax errors or importing non-existent modules. (see errors above)
[2m5:55:11 a.m.[22m [31m[1m[vite][22m[39m [31m[2m(client)[22m[39m [2m[console.error] [22m[vite] Error: El id de slide "slide11" esta duplicado.
    at http://127.0.0.1:5173/slides/shared/createSlide.js:54:10
    at Array.forEach (<anonymous>)
    at validateSlideRegistry (http://127.0.0.1:5173/slides/shared/createSlide.js:46:9)
    at validateSlides (http://127.0.0.1:5173/slides/index.js?t=1781175311432:37:2)
    at http://127.0.0.1:5173/slides/index.js?t=1781175311432:40:2
[2m5:55:11 a.m.[22m [31m[1m[vite][22m[39m [31m[2m(client)[22m[39m [2m[console.error] [22m[vite] Failed to reload /App.jsx. This could be due to syntax errors or importing non-existent modules. (see errors above)
[2m5:55:11 a.m.[22m [31m[1m[vite][22m[39m [31m[2m(client)[22m[39m [2m[console.error] [22m[vite] Error: El id de slide "slide11" esta duplicado.
    at http://localhost:5173/slides/shared/createSlide.js:54:10
    at Array.forEach (<anonymous>)
    at validateSlideRegistry (http://localhost:5173/slides/shared/createSlide.js:46:9)
    at validateSlides (http://localhost:5173/slides/index.js?t=1781175311432:37:2)
    at http://localhost:5173/slides/index.js?t=1781175311432:40:2
[2m5:55:11 a.m.[22m [31m[1m[vite][22m[39m [31m[2m(client)[22m[39m [2m[console.error] [22m[vite] Failed to reload /App.jsx. This could be due to syntax errors or importing non-existent modules. (see errors above)
[2m5:55:11 a.m.[22m [31m[1m[vite][22m[39m [31m[2m(client)[22m[39m [2m[console.error] [22m[vite] Error: El id de slide "slide11" esta duplicado.
    at http://127.0.0.1:5173/slides/shared/createSlide.js:54:10
    at Array.forEach (<anonymous>)
    at validateSlideRegistry (http://127.0.0.1:5173/slides/shared/createSlide.js:46:9)
    at validateSlides (http://127.0.0.1:5173/slides/index.js?t=1781175311432:37:2)
    at http://127.0.0.1:5173/slides/index.js?t=1781175311432:40:2
[2m5:55:11 a.m.[22m [31m[1m[vite][22m[39m [31m[2m(client)[22m[39m [2m[console.error] [22m[vite] Failed to reload /App.jsx. This could be due to syntax errors or importing non-existent modules. (see errors above)
[2m5:55:11 a.m.[22m [31m[1m[vite][22m[39m [31m[2m(client)[22m[39m [2m[console.error] [22m[vite] Error: El id de slide "slide11" esta duplicado.
    at http://localhost:5173/slides/shared/createSlide.js:54:10
    at Array.forEach (<anonymous>)
    at validateSlideRegistry (http://localhost:5173/slides/shared/createSlide.js:46:9)
    at validateSlides (http://localhost:5173/slides/index.js?t=1781175311432:37:2)
    at http://localhost:5173/slides/index.js?t=1781175311432:40:2
[2m5:55:11 a.m.[22m [31m[1m[vite][22m[39m [31m[2m(client)[22m[39m [2m[console.error] [22m[vite] Failed to reload /App.jsx. This could be due to syntax errors or importing non-existent modules. (see errors above)
[2m5:55:11 a.m.[22m [31m[1m[vite][22m[39m [31m[2m(client)[22m[39m [2m[console.error] [22m[vite] Error: El id de slide "slide11" esta duplicado.
    at http://localhost:5173/slides/shared/createSlide.js:54:10
    at Array.forEach (<anonymous>)
    at validateSlideRegistry (http://localhost:5173/slides/shared/createSlide.js:46:9)
    at validateSlides (http://localhost:5173/slides/index.js?t=1781175311683:37:2)
    at http://localhost:5173/slides/index.js?t=1781175311683:40:2
[2m5:55:11 a.m.[22m [31m[1m[vite][22m[39m [31m[2m(client)[22m[39m [2m[console.error] [22m[vite] Failed to reload /App.jsx. This could be due to syntax errors or importing non-existent modules. (see errors above)
[2m5:55:11 a.m.[22m [31m[1m[vite][22m[39m [31m[2m(client)[22m[39m [2m[console.error] [22m[vite] Error: El id de slide "slide11" esta duplicado.
    at http://127.0.0.1:5173/slides/shared/createSlide.js:54:10
    at Array.forEach (<anonymous>)
    at validateSlideRegistry (http://127.0.0.1:5173/slides/shared/createSlide.js:46:9)
    at validateSlides (http://127.0.0.1:5173/slides/index.js?t=1781175311683:37:2)
    at http://127.0.0.1:5173/slides/index.js?t=1781175311683:40:2
[2m5:55:11 a.m.[22m [31m[1m[vite][22m[39m [31m[2m(client)[22m[39m [2m[console.error] [22m[vite] Failed to reload /App.jsx. This could be due to syntax errors or importing non-existent modules. (see errors above)
[2m5:55:11 a.m.[22m [31m[1m[vite][22m[39m [31m[2m(client)[22m[39m [2m[console.error] [22m[vite] Error: El id de slide "slide11" esta duplicado.
    at http://127.0.0.1:5173/slides/shared/createSlide.js:54:10
    at Array.forEach (<anonymous>)
    at validateSlideRegistry (http://127.0.0.1:5173/slides/shared/createSlide.js:46:9)
    at validateSlides (http://127.0.0.1:5173/slides/index.js?t=1781175311683:37:2)
    at http://127.0.0.1:5173/slides/index.js?t=1781175311683:40:2
[2m5:55:11 a.m.[22m [31m[1m[vite][22m[39m [31m[2m(client)[22m[39m [2m[console.error] [22m[vite] Failed to reload /App.jsx. This could be due to syntax errors or importing non-existent modules. (see errors above)
[2m5:55:11 a.m.[22m [31m[1m[vite][22m[39m [31m[2m(client)[22m[39m [2m[console.error] [22m[vite] Error: El id de slide "slide11" esta duplicado.
    at http://localhost:5173/slides/shared/createSlide.js:54:10
    at Array.forEach (<anonymous>)
    at validateSlideRegistry (http://localhost:5173/slides/shared/createSlide.js:46:9)
    at validateSlides (http://localhost:5173/slides/index.js?t=1781175311683:37:2)
    at http://localhost:5173/slides/index.js?t=1781175311683:40:2
[2m5:55:11 a.m.[22m [31m[1m[vite][22m[39m [31m[2m(client)[22m[39m [2m[console.error] [22m[vite] Failed to reload /App.jsx. This could be due to syntax errors or importing non-existent modules. (see errors above)
[2m5:55:11 a.m.[22m [31m[1m[vite][22m[39m [31m[2m(client)[22m[39m [2m[console.error] [22m[vite] Error: El id de slide "slide11" esta duplicado.
    at http://localhost:5173/slides/shared/createSlide.js:54:10
    at Array.forEach (<anonymous>)
    at validateSlideRegistry (http://localhost:5173/slides/shared/createSlide.js:46:9)
    at validateSlides (http://localhost:5173/slides/index.js?t=1781175311683:37:2)
    at http://localhost:5173/slides/index.js?t=1781175311683:40:2
[2m5:55:11 a.m.[22m [31m[1m[vite][22m[39m [31m[2m(client)[22m[39m [2m[console.error] [22m[vite] Failed to reload /App.jsx. This could be due to syntax errors or importing non-existent modules. (see errors above)
[2m5:55:27 a.m.[22m [31m[1m[vite][22m[39m [31m[2m(client)[22m[39m [31m[Unhandled error] [1mError[22m: El id de slide "slide11" esta duplicado.
[39m > slides/shared/createSlide.js:70:12
    68 |  
    69 |      if (ids.has(slide.id)) {
    70 |        throw new Error(`El id de slide "${slide.id}" esta duplicado.`);
       |              ^
    71 |      }
    72 |      ids.add(slide.id);
 > validateSlideRegistry slides/shared/createSlide.js:60:9
 > validateSlides slides/index.js:39:2
 > slides/index.js:43:2

[2m5:57:05 a.m.[22m [31m[1m[vite][22m[39m [31m[2m(client)[22m[39m [2m[console.error] [22m[vite] Failed to reload /slides/slide10.jsx. This could be due to syntax errors or importing non-existent modules. (see errors above)
[2m5:57:05 a.m.[22m [31m[1m[vite][22m[39m [31m[2m(client)[22m[39m [2m[console.error] [22m[vite] Failed to reload /slides/slide10.jsx. This could be due to syntax errors or importing non-existent modules. (see errors above)
[2m5:57:05 a.m.[22m [31m[1m[vite][22m[39m [31m[2m(client)[22m[39m [2m[console.error] [22m[vite] Failed to reload /slides/slide10.jsx. This could be due to syntax errors or importing non-existent modules. (see errors above)
[2m5:57:05 a.m.[22m [31m[1m[vite][22m[39m [31m[2m(client)[22m[39m [2m[console.error] [22m[vite] Failed to reload /slides/slide10.jsx. This could be due to syntax errors or importing non-existent modules. (see errors above)
[2m5:57:05 a.m.[22m [31m[1m[vite][22m[39m [31m[2m(client)[22m[39m [2m[console.error] [22m[vite] Failed to reload /slides/slide10.jsx. This could be due to syntax errors or importing non-existent modules. (see errors above)
[2m5:57:05 a.m.[22m [31m[1m[vite][22m[39m [31m[2m(client)[22m[39m [2m[console.error] [22m[vite] Failed to reload /slides/slide10.jsx. This could be due to syntax errors or importing non-existent modules. (see errors above)
[2m5:57:06 a.m.[22m [31m[1m[vite][22m[39m [31m[2m(client)[22m[39m Pre-transform error: Failed to load url /slides/slide10.jsx (resolved id: C:/Users/sebas/Documents/retateydejahuella/slides/slide10.jsx) in C:/Users/sebas/Documents/retateydejahuella/slides/index.js. Does the file exist?
[2m5:57:45 a.m.[22m [31m[1m[vite][22m[39m [31m[2m(client)[22m[39m [2m[console.error] [22m[vite] Failed to reload /slides/slide11.jsx. This could be due to syntax errors or importing non-existent modules. (see errors above)
[2m5:57:45 a.m.[22m [31m[1m[vite][22m[39m [31m[2m(client)[22m[39m [2m[console.error] [22m[vite] Failed to reload /slides/slide11.jsx. This could be due to syntax errors or importing non-existent modules. (see errors above)
[2m5:57:45 a.m.[22m [31m[1m[vite][22m[39m [31m[2m(client)[22m[39m [2m[console.error] [22m[vite] Failed to reload /slides/slide11.jsx. This could be due to syntax errors or importing non-existent modules. (see errors above)
[2m5:57:45 a.m.[22m [31m[1m[vite][22m[39m [31m[2m(client)[22m[39m [2m[console.error] [22m[vite] Failed to reload /slides/slide11.jsx. This could be due to syntax errors or importing non-existent modules. (see errors above)
[2m5:57:45 a.m.[22m [31m[1m[vite][22m[39m [31m[2m(client)[22m[39m [2m[console.error] [22m[vite] Failed to reload /slides/slide11.jsx. This could be due to syntax errors or importing non-existent modules. (see errors above)
[2m6:02:26 a.m.[22m [31m[1m[vite][22m[39m [31m[2m(client)[22m[39m [2m[console.error] [22m[vite] Error: El id de slide "slide11" esta duplicado.
    at http://127.0.0.1:5173/slides/shared/createSlide.js:54:10
    at Array.forEach (<anonymous>)
    at validateSlideRegistry (http://127.0.0.1:5173/slides/shared/createSlide.js:46:9)
    at validateSlides (http://127.0.0.1:5173/slides/index.js?t=1781175746805:37:2)
    at http://127.0.0.1:5173/slides/index.js?t=1781175746805:40:2
[2m6:02:26 a.m.[22m [31m[1m[vite][22m[39m [31m[2m(client)[22m[39m [2m[console.error] [22m[vite] Failed to reload /App.jsx. This could be due to syntax errors or importing non-existent modules. (see errors above)
[2m6:02:26 a.m.[22m [31m[1m[vite][22m[39m [31m[2m(client)[22m[39m [2m[console.error] [22m[vite] Error: El id de slide "slide11" esta duplicado.
    at http://localhost:5173/slides/shared/createSlide.js:54:10
    at Array.forEach (<anonymous>)
    at validateSlideRegistry (http://localhost:5173/slides/shared/createSlide.js:46:9)
    at validateSlides (http://localhost:5173/slides/index.js?t=1781175746805:37:2)
    at http://localhost:5173/slides/index.js?t=1781175746805:40:2
[2m6:02:26 a.m.[22m [31m[1m[vite][22m[39m [31m[2m(client)[22m[39m [2m[console.error] [22m[vite] Failed to reload /App.jsx. This could be due to syntax errors or importing non-existent modules. (see errors above)
[2m6:02:26 a.m.[22m [31m[1m[vite][22m[39m [31m[2m(client)[22m[39m [2m[console.error] [22m[vite] Error: El id de slide "slide11" esta duplicado.
    at http://127.0.0.1:5173/slides/shared/createSlide.js:54:10
    at Array.forEach (<anonymous>)
    at validateSlideRegistry (http://127.0.0.1:5173/slides/shared/createSlide.js:46:9)
    at validateSlides (http://127.0.0.1:5173/slides/index.js?t=1781175746805:37:2)
    at http://127.0.0.1:5173/slides/index.js?t=1781175746805:40:2
[2m6:02:26 a.m.[22m [31m[1m[vite][22m[39m [31m[2m(client)[22m[39m [2m[console.error] [22m[vite] Failed to reload /App.jsx. This could be due to syntax errors or importing non-existent modules. (see errors above)
[2m6:02:26 a.m.[22m [31m[1m[vite][22m[39m [31m[2m(client)[22m[39m [2m[console.error] [22m[vite] Error: El id de slide "slide11" esta duplicado.
    at http://localhost:5173/slides/shared/createSlide.js:54:10
    at Array.forEach (<anonymous>)
    at validateSlideRegistry (http://localhost:5173/slides/shared/createSlide.js:46:9)
    at validateSlides (http://localhost:5173/slides/index.js?t=1781175746805:37:2)
    at http://localhost:5173/slides/index.js?t=1781175746805:40:2
[2m6:02:26 a.m.[22m [31m[1m[vite][22m[39m [31m[2m(client)[22m[39m [2m[console.error] [22m[vite] Failed to reload /App.jsx. This could be due to syntax errors or importing non-existent modules. (see errors above)
[2m6:02:26 a.m.[22m [31m[1m[vite][22m[39m [31m[2m(client)[22m[39m [2m[console.error] [22m[vite] Error: El id de slide "slide11" esta duplicado.
    at http://localhost:5173/slides/shared/createSlide.js:54:10
    at Array.forEach (<anonymous>)
    at validateSlideRegistry (http://localhost:5173/slides/shared/createSlide.js:46:9)
    at validateSlides (http://localhost:5173/slides/index.js?t=1781175746805:37:2)
    at http://localhost:5173/slides/index.js?t=1781175746805:40:2
[2m6:02:26 a.m.[22m [31m[1m[vite][22m[39m [31m[2m(client)[22m[39m [2m[console.error] [22m[vite] Failed to reload /App.jsx. This could be due to syntax errors or importing non-existent modules. (see errors above)
[2m6:08:39 a.m.[22m [31m[1m[vite][22m[39m [31m[2m(client)[22m[39m [31m[Unhandled error] [1mReferenceError[22m: BottomStatement is not defined
[39m > ImpactBoard slides/slide11.jsx:231:7
    229 |        </div>
    230 |  
    231 |        <BottomStatement />
        |         ^
    232 |      </motion.div>
    233 |    );
 > Object.react_stack_bottom_frame node_modules/react-dom/cjs/react-dom-client.development.js:25904:19
 > renderWithHooks node_modules/react-dom/cjs/react-dom-client.development.js:7662:21
 > updateFunctionComponent node_modules/react-dom/cjs/react-dom-client.development.js:10166:18
 > beginWork node_modules/react-dom/cjs/react-dom-client.development.js:11778:17
 > runWithFiberInDEV node_modules/react-dom/cjs/react-dom-client.development.js:871:29
 > performUnitOfWork node_modules/react-dom/cjs/react-dom-client.development.js:17641:21
 > workLoopSync node_modules/react-dom/cjs/react-dom-client.development.js:17469:40
 > renderRootSync node_modules/react-dom/cjs/react-dom-client.development.js:17450:10
 > performWorkOnRoot node_modules/react-dom/cjs/react-dom-client.development.js:16583:34

[2m6:08:39 a.m.[22m [33m[1m[vite][22m[39m [33m[2m(client)[22m[39m [2m[console.warn] [22mAn error occurred in the <ImpactBoard> component.

Consider adding an error boundary to your tree to customize error handling behavior.
Visit https://react.dev/link/error-boundaries to learn more about error boundaries.

[2m6:23:52 a.m.[22m [31m[1m[vite][22m[39m [31m[2m(client)[22m[39m Pre-transform error: Failed to load url /slides/slide16.jsx (resolved id: C:/Users/sebas/Documents/retateydejahuella/slides/slide16.jsx) in C:/Users/sebas/Documents/retateydejahuella/slides/index.js. Does the file exist?
[2m6:23:52 a.m.[22m [31m[1m[vite][22m[39m [31m[2m(client)[22m[39m [2m[console.error] [22m[vite] Failed to reload /App.jsx. This could be due to syntax errors or importing non-existent modules. (see errors above)
[2m6:23:52 a.m.[22m [31m[1m[vite][22m[39m [31m[2m(client)[22m[39m [2m[console.error] [22m[vite] Failed to reload /App.jsx. This could be due to syntax errors or importing non-existent modules. (see errors above)
[2m6:23:52 a.m.[22m [31m[1m[vite][22m[39m [31m[2m(client)[22m[39m [2m[console.error] [22m[vite] Failed to reload /App.jsx. This could be due to syntax errors or importing non-existent modules. (see errors above)
[2m6:23:52 a.m.[22m [31m[1m[vite][22m[39m [31m[2m(client)[22m[39m [2m[console.error] [22m[vite] Failed to reload /App.jsx. This could be due to syntax errors or importing non-existent modules. (see errors above)
[2m6:23:52 a.m.[22m [31m[1m[vite][22m[39m [31m[2m(client)[22m[39m [2m[console.error] [22m[vite] Failed to reload /App.jsx. This could be due to syntax errors or importing non-existent modules. (see errors above)
[2m6:23:52 a.m.[22m [31m[1m[vite][22m[39m [31m[2m(client)[22m[39m [2m[console.error] [22m[vite] Failed to reload /App.jsx. This could be due to syntax errors or importing non-existent modules. (see errors above)
[2m6:32:17 a.m.[22m [31m[1m[vite][22m[39m [31m[2m(client)[22m[39m Pre-transform error: Failed to resolve import "../assets/Slide14-piloto-indicadores-title.png" from "slides/slide14.jsx". Does the file exist?
  Plugin: [35mvite:import-analysis[39m
  File: [36mC:/Users/sebas/Documents/retateydejahuella/slides/slide14.jsx[39m:2:35
[33m  1  |  import { motion } from "framer-motion";
  2  |  import pilotoIndicadoresTitle from "../assets/Slide14-piloto-indicadores-title.png";
     |                                      ^
  3  |  import { createSlide } from "./shared/createSlide";
  4  |  var _jsxFileName = "C:/Users/sebas/Documents/retateydejahuella/slides/slide14.jsx";[39m
[2m6:32:17 a.m.[22m [31m[1m[vite][22m[39m [31m[2m(client)[22m[39m Pre-transform error: Failed to resolve import "../assets/Slide14-piloto-indicadores-title.png" from "slides/slide14.jsx". Does the file exist?
  Plugin: [35mvite:import-analysis[39m
  File: [36mC:/Users/sebas/Documents/retateydejahuella/slides/slide14.jsx[39m:2:35
[33m  1  |  import { motion } from "framer-motion";
  2  |  import pilotoIndicadoresTitle from "../assets/Slide14-piloto-indicadores-title.png";
     |                                      ^
  3  |  import { createSlide } from "./shared/createSlide";
  4  |  var _jsxFileName = "C:/Users/sebas/Documents/retateydejahuella/slides/slide14.jsx";[39m
[2m6:32:17 a.m.[22m [31m[1m[vite][22m[39m [31m[2m(client)[22m[39m Pre-transform error: Failed to resolve import "../assets/Slide14-piloto-indicadores-title.png" from "slides/slide14.jsx". Does the file exist?
  Plugin: [35mvite:import-analysis[39m
  File: [36mC:/Users/sebas/Documents/retateydejahuella/slides/slide14.jsx[39m:2:35
[33m  1  |  import { motion } from "framer-motion";
  2  |  import pilotoIndicadoresTitle from "../assets/Slide14-piloto-indicadores-title.png";
     |                                      ^
  3  |  import { createSlide } from "./shared/createSlide";
  4  |  var _jsxFileName = "C:/Users/sebas/Documents/retateydejahuella/slides/slide14.jsx";[39m
[2m6:32:17 a.m.[22m [31m[1m[vite][22m[39m [31mInternal server error: Failed to resolve import "../assets/Slide14-piloto-indicadores-title.png" from "slides/slide14.jsx". Does the file exist?[39m
  Plugin: [35mvite:import-analysis[39m
  File: [36mC:/Users/sebas/Documents/retateydejahuella/slides/slide14.jsx[39m:2:35
[33m  1  |  import { motion } from "framer-motion";
  2  |  import pilotoIndicadoresTitle from "../assets/Slide14-piloto-indicadores-title.png";
     |                                      ^
  3  |  import { createSlide } from "./shared/createSlide";
  4  |  var _jsxFileName = "C:/Users/sebas/Documents/retateydejahuella/slides/slide14.jsx";[39m
      at TransformPluginContext._formatLog (file:///C:/Users/sebas/Documents/retateydejahuella/node_modules/vite/dist/node/chunks/node.js:30408:39)
      at TransformPluginContext.error (file:///C:/Users/sebas/Documents/retateydejahuella/node_modules/vite/dist/node/chunks/node.js:30405:14)
      at normalizeUrl (file:///C:/Users/sebas/Documents/retateydejahuella/node_modules/vite/dist/node/chunks/node.js:27662:18)
      at async file:///C:/Users/sebas/Documents/retateydejahuella/node_modules/vite/dist/node/chunks/node.js:27725:30
      at async Promise.all (index 1)
      at async TransformPluginContext.transform (file:///C:/Users/sebas/Documents/retateydejahuella/node_modules/vite/dist/node/chunks/node.js:27693:4)
      at async EnvironmentPluginContainer.transform (file:///C:/Users/sebas/Documents/retateydejahuella/node_modules/vite/dist/node/chunks/node.js:30193:14)
      at async loadAndTransform (file:///C:/Users/sebas/Documents/retateydejahuella/node_modules/vite/dist/node/chunks/node.js:24511:26)
[2m6:32:17 a.m.[22m [31m[1m[vite][22m[39m [31m[2m(client)[22m[39m [2m[console.error] [22m[vite] Failed to reload /App.jsx. This could be due to syntax errors or importing non-existent modules. (see errors above)
[2m6:32:17 a.m.[22m [31m[1m[vite][22m[39m [31m[2m(client)[22m[39m Pre-transform error: Failed to resolve import "../assets/Slide14-piloto-indicadores-title.png" from "slides/slide14.jsx". Does the file exist?
  Plugin: [35mvite:import-analysis[39m
  File: [36mC:/Users/sebas/Documents/retateydejahuella/slides/slide14.jsx[39m:2:35
[33m  1  |  import { motion } from "framer-motion";
  2  |  import pilotoIndicadoresTitle from "../assets/Slide14-piloto-indicadores-title.png";
     |                                      ^
  3  |  import { createSlide } from "./shared/createSlide";
  4  |  var _jsxFileName = "C:/Users/sebas/Documents/retateydejahuella/slides/slide14.jsx";[39m
[2m6:32:17 a.m.[22m [31m[1m[vite][22m[39m [31mInternal server error: Failed to resolve import "../assets/Slide14-piloto-indicadores-title.png" from "slides/slide14.jsx". Does the file exist?[39m
  Plugin: [35mvite:import-analysis[39m
  File: [36mC:/Users/sebas/Documents/retateydejahuella/slides/slide14.jsx[39m:2:35
[33m  1  |  import { motion } from "framer-motion";
  2  |  import pilotoIndicadoresTitle from "../assets/Slide14-piloto-indicadores-title.png";
     |                                      ^
  3  |  import { createSlide } from "./shared/createSlide";
  4  |  var _jsxFileName = "C:/Users/sebas/Documents/retateydejahuella/slides/slide14.jsx";[39m
      at TransformPluginContext._formatLog (file:///C:/Users/sebas/Documents/retateydejahuella/node_modules/vite/dist/node/chunks/node.js:30408:39)
      at TransformPluginContext.error (file:///C:/Users/sebas/Documents/retateydejahuella/node_modules/vite/dist/node/chunks/node.js:30405:14)
      at normalizeUrl (file:///C:/Users/sebas/Documents/retateydejahuella/node_modules/vite/dist/node/chunks/node.js:27662:18)
      at async file:///C:/Users/sebas/Documents/retateydejahuella/node_modules/vite/dist/node/chunks/node.js:27725:30
      at async Promise.all (index 1)
      at async TransformPluginContext.transform (file:///C:/Users/sebas/Documents/retateydejahuella/node_modules/vite/dist/node/chunks/node.js:27693:4)
      at async EnvironmentPluginContainer.transform (file:///C:/Users/sebas/Documents/retateydejahuella/node_modules/vite/dist/node/chunks/node.js:30193:14)
      at async loadAndTransform (file:///C:/Users/sebas/Documents/retateydejahuella/node_modules/vite/dist/node/chunks/node.js:24511:26)
[2m6:32:17 a.m.[22m [31m[1m[vite][22m[39m [31m[2m(client)[22m[39m [2m[console.error] [22m[vite] Failed to reload /App.jsx. This could be due to syntax errors or importing non-existent modules. (see errors above)
[2m6:32:17 a.m.[22m [31m[1m[vite][22m[39m [31m[2m(client)[22m[39m Pre-transform error: Failed to resolve import "../assets/Slide14-piloto-indicadores-title.png" from "slides/slide14.jsx". Does the file exist?
  Plugin: [35mvite:import-analysis[39m
  File: [36mC:/Users/sebas/Documents/retateydejahuella/slides/slide14.jsx[39m:2:35
[33m  1  |  import { motion } from "framer-motion";
  2  |  import pilotoIndicadoresTitle from "../assets/Slide14-piloto-indicadores-title.png";
     |                                      ^
  3  |  import { createSlide } from "./shared/createSlide";
  4  |  var _jsxFileName = "C:/Users/sebas/Documents/retateydejahuella/slides/slide14.jsx";[39m
[2m6:32:17 a.m.[22m [31m[1m[vite][22m[39m [31mInternal server error: Failed to resolve import "../assets/Slide14-piloto-indicadores-title.png" from "slides/slide14.jsx". Does the file exist?[39m
  Plugin: [35mvite:import-analysis[39m
  File: [36mC:/Users/sebas/Documents/retateydejahuella/slides/slide14.jsx[39m:2:35
[33m  1  |  import { motion } from "framer-motion";
  2  |  import pilotoIndicadoresTitle from "../assets/Slide14-piloto-indicadores-title.png";
     |                                      ^
  3  |  import { createSlide } from "./shared/createSlide";
  4  |  var _jsxFileName = "C:/Users/sebas/Documents/retateydejahuella/slides/slide14.jsx";[39m
      at TransformPluginContext._formatLog (file:///C:/Users/sebas/Documents/retateydejahuella/node_modules/vite/dist/node/chunks/node.js:30408:39)
      at TransformPluginContext.error (file:///C:/Users/sebas/Documents/retateydejahuella/node_modules/vite/dist/node/chunks/node.js:30405:14)
      at normalizeUrl (file:///C:/Users/sebas/Documents/retateydejahuella/node_modules/vite/dist/node/chunks/node.js:27662:18)
      at async file:///C:/Users/sebas/Documents/retateydejahuella/node_modules/vite/dist/node/chunks/node.js:27725:30
      at async Promise.all (index 1)
      at async TransformPluginContext.transform (file:///C:/Users/sebas/Documents/retateydejahuella/node_modules/vite/dist/node/chunks/node.js:27693:4)
      at async EnvironmentPluginContainer.transform (file:///C:/Users/sebas/Documents/retateydejahuella/node_modules/vite/dist/node/chunks/node.js:30193:14)
      at async loadAndTransform (file:///C:/Users/sebas/Documents/retateydejahuella/node_modules/vite/dist/node/chunks/node.js:24511:26)
[2m6:32:17 a.m.[22m [31m[1m[vite][22m[39m [31m[2m(client)[22m[39m [2m[console.error] [22m[vite] Failed to reload /App.jsx. This could be due to syntax errors or importing non-existent modules. (see errors above)
[2m6:32:17 a.m.[22m [31m[1m[vite][22m[39m [31mInternal server error: Failed to resolve import "../assets/Slide14-piloto-indicadores-title.png" from "slides/slide14.jsx". Does the file exist?[39m
  Plugin: [35mvite:import-analysis[39m
  File: [36mC:/Users/sebas/Documents/retateydejahuella/slides/slide14.jsx[39m:2:35
[33m  1  |  import { motion } from "framer-motion";
  2  |  import pilotoIndicadoresTitle from "../assets/Slide14-piloto-indicadores-title.png";
     |                                      ^
  3  |  import { createSlide } from "./shared/createSlide";
  4  |  var _jsxFileName = "C:/Users/sebas/Documents/retateydejahuella/slides/slide14.jsx";[39m
      at TransformPluginContext._formatLog (file:///C:/Users/sebas/Documents/retateydejahuella/node_modules/vite/dist/node/chunks/node.js:30408:39)
      at TransformPluginContext.error (file:///C:/Users/sebas/Documents/retateydejahuella/node_modules/vite/dist/node/chunks/node.js:30405:14)
      at normalizeUrl (file:///C:/Users/sebas/Documents/retateydejahuella/node_modules/vite/dist/node/chunks/node.js:27662:18)
      at async file:///C:/Users/sebas/Documents/retateydejahuella/node_modules/vite/dist/node/chunks/node.js:27725:30
      at async Promise.all (index 1)
      at async TransformPluginContext.transform (file:///C:/Users/sebas/Documents/retateydejahuella/node_modules/vite/dist/node/chunks/node.js:27693:4)
      at async EnvironmentPluginContainer.transform (file:///C:/Users/sebas/Documents/retateydejahuella/node_modules/vite/dist/node/chunks/node.js:30193:14)
      at async loadAndTransform (file:///C:/Users/sebas/Documents/retateydejahuella/node_modules/vite/dist/node/chunks/node.js:24511:26)
[2m6:32:17 a.m.[22m [31m[1m[vite][22m[39m [31m[2m(client)[22m[39m Pre-transform error: Failed to resolve import "../assets/Slide14-piloto-indicadores-title.png" from "slides/slide14.jsx". Does the file exist?
  Plugin: [35mvite:import-analysis[39m
  File: [36mC:/Users/sebas/Documents/retateydejahuella/slides/slide14.jsx[39m:2:35
[33m  1  |  import { motion } from "framer-motion";
  2  |  import pilotoIndicadoresTitle from "../assets/Slide14-piloto-indicadores-title.png";
     |                                      ^
  3  |  import { createSlide } from "./shared/createSlide";
  4  |  var _jsxFileName = "C:/Users/sebas/Documents/retateydejahuella/slides/slide14.jsx";[39m
[2m6:32:17 a.m.[22m [31m[1m[vite][22m[39m [31mInternal server error: Failed to resolve import "../assets/Slide14-piloto-indicadores-title.png" from "slides/slide14.jsx". Does the file exist?[39m
  Plugin: [35mvite:import-analysis[39m
  File: [36mC:/Users/sebas/Documents/retateydejahuella/slides/slide14.jsx[39m:2:35
[33m  1  |  import { motion } from "framer-motion";
  2  |  import pilotoIndicadoresTitle from "../assets/Slide14-piloto-indicadores-title.png";
     |                                      ^
  3  |  import { createSlide } from "./shared/createSlide";
  4  |  var _jsxFileName = "C:/Users/sebas/Documents/retateydejahuella/slides/slide14.jsx";[39m
      at TransformPluginContext._formatLog (file:///C:/Users/sebas/Documents/retateydejahuella/node_modules/vite/dist/node/chunks/node.js:30408:39)
      at TransformPluginContext.error (file:///C:/Users/sebas/Documents/retateydejahuella/node_modules/vite/dist/node/chunks/node.js:30405:14)
      at normalizeUrl (file:///C:/Users/sebas/Documents/retateydejahuella/node_modules/vite/dist/node/chunks/node.js:27662:18)
      at async file:///C:/Users/sebas/Documents/retateydejahuella/node_modules/vite/dist/node/chunks/node.js:27725:30
      at async Promise.all (index 1)
      at async TransformPluginContext.transform (file:///C:/Users/sebas/Documents/retateydejahuella/node_modules/vite/dist/node/chunks/node.js:27693:4)
      at async EnvironmentPluginContainer.transform (file:///C:/Users/sebas/Documents/retateydejahuella/node_modules/vite/dist/node/chunks/node.js:30193:14)
      at async loadAndTransform (file:///C:/Users/sebas/Documents/retateydejahuella/node_modules/vite/dist/node/chunks/node.js:24511:26)
[2m6:32:17 a.m.[22m [31m[1m[vite][22m[39m [31m[2m(client)[22m[39m [2m[console.error] [22m[vite] Failed to reload /App.jsx. This could be due to syntax errors or importing non-existent modules. (see errors above)
[2m6:32:17 a.m.[22m [31m[1m[vite][22m[39m [31m[2m(client)[22m[39m [2m[console.error] [22m[vite] Failed to reload /App.jsx. This could be due to syntax errors or importing non-existent modules. (see errors above)
[2m6:32:17 a.m.[22m [31m[1m[vite][22m[39m [31m[2m(client)[22m[39m Pre-transform error: Failed to resolve import "../assets/Slide14-piloto-indicadores-title.png" from "slides/slide14.jsx". Does the file exist?
  Plugin: [35mvite:import-analysis[39m
  File: [36mC:/Users/sebas/Documents/retateydejahuella/slides/slide14.jsx[39m:2:35
[33m  1  |  import { motion } from "framer-motion";
  2  |  import pilotoIndicadoresTitle from "../assets/Slide14-piloto-indicadores-title.png";
     |                                      ^
  3  |  import { createSlide } from "./shared/createSlide";
  4  |  var _jsxFileName = "C:/Users/sebas/Documents/retateydejahuella/slides/slide14.jsx";[39m
[2m6:32:17 a.m.[22m [31m[1m[vite][22m[39m [31mInternal server error: Failed to resolve import "../assets/Slide14-piloto-indicadores-title.png" from "slides/slide14.jsx". Does the file exist?[39m
  Plugin: [35mvite:import-analysis[39m
  File: [36mC:/Users/sebas/Documents/retateydejahuella/slides/slide14.jsx[39m:2:35
[33m  1  |  import { motion } from "framer-motion";
  2  |  import pilotoIndicadoresTitle from "../assets/Slide14-piloto-indicadores-title.png";
     |                                      ^
  3  |  import { createSlide } from "./shared/createSlide";
  4  |  var _jsxFileName = "C:/Users/sebas/Documents/retateydejahuella/slides/slide14.jsx";[39m
      at TransformPluginContext._formatLog (file:///C:/Users/sebas/Documents/retateydejahuella/node_modules/vite/dist/node/chunks/node.js:30408:39)
      at TransformPluginContext.error (file:///C:/Users/sebas/Documents/retateydejahuella/node_modules/vite/dist/node/chunks/node.js:30405:14)
      at normalizeUrl (file:///C:/Users/sebas/Documents/retateydejahuella/node_modules/vite/dist/node/chunks/node.js:27662:18)
      at async file:///C:/Users/sebas/Documents/retateydejahuella/node_modules/vite/dist/node/chunks/node.js:27725:30
      at async Promise.all (index 1)
      at async TransformPluginContext.transform (file:///C:/Users/sebas/Documents/retateydejahuella/node_modules/vite/dist/node/chunks/node.js:27693:4)
      at async EnvironmentPluginContainer.transform (file:///C:/Users/sebas/Documents/retateydejahuella/node_modules/vite/dist/node/chunks/node.js:30193:14)
      at async loadAndTransform (file:///C:/Users/sebas/Documents/retateydejahuella/node_modules/vite/dist/node/chunks/node.js:24511:26)
[2m6:32:17 a.m.[22m [31m[1m[vite][22m[39m [31m[2m(client)[22m[39m [2m[console.error] [22m[vite] Failed to reload /App.jsx. This could be due to syntax errors or importing non-existent modules. (see errors above)
[2m6:55:30 a.m.[22m [31m[1m[vite][22m[39m [31m[2m(client)[22m[39m [2m[console.error] [22m[vite] Failed to reload /slides/slide11.jsx. This could be due to syntax errors or importing non-existent modules. (see errors above)
[2m6:55:30 a.m.[22m [31m[1m[vite][22m[39m [31m[2m(client)[22m[39m [2m[console.error] [22m[vite] Failed to reload /slides/slide11.jsx. This could be due to syntax errors or importing non-existent modules. (see errors above)
[2m6:55:30 a.m.[22m [31m[1m[vite][22m[39m [31m[2m(client)[22m[39m [2m[console.error] [22m[vite] Failed to reload /slides/slide11.jsx. This could be due to syntax errors or importing non-existent modules. (see errors above)
[2m6:55:30 a.m.[22m [31m[1m[vite][22m[39m [31m[2m(client)[22m[39m [2m[console.error] [22m[vite] Failed to reload /slides/slide11.jsx. This could be due to syntax errors or importing non-existent modules. (see errors above)
[2m6:55:30 a.m.[22m [31m[1m[vite][22m[39m [31m[2m(client)[22m[39m [2m[console.error] [22m[vite] Failed to reload /slides/slide11.jsx. This could be due to syntax errors or importing non-existent modules. (see errors above)
[2m6:55:30 a.m.[22m [31m[1m[vite][22m[39m [31m[2m(client)[22m[39m [2m[console.error] [22m[vite] Failed to reload /slides/slide11.jsx. This could be due to syntax errors or importing non-existent modules. (see errors above)
[2m6:55:31 a.m.[22m [31m[1m[vite][22m[39m [31m[2m(client)[22m[39m [2m[console.error] [22m[vite] Failed to reload /slides/slide12.jsx. This could be due to syntax errors or importing non-existent modules. (see errors above)
[2m6:55:31 a.m.[22m [31m[1m[vite][22m[39m [31m[2m(client)[22m[39m [2m[console.error] [22m[vite] Failed to reload /slides/slide12.jsx. This could be due to syntax errors or importing non-existent modules. (see errors above)
[2m6:55:31 a.m.[22m [31m[1m[vite][22m[39m [31m[2m(client)[22m[39m [2m[console.error] [22m[vite] Failed to reload /slides/slide12.jsx. This could be due to syntax errors or importing non-existent modules. (see errors above)
[2m6:55:31 a.m.[22m [31m[1m[vite][22m[39m [31m[2m(client)[22m[39m [2m[console.error] [22m[vite] Failed to reload /slides/slide12.jsx. This could be due to syntax errors or importing non-existent modules. (see errors above)
[2m6:55:31 a.m.[22m [31m[1m[vite][22m[39m [31m[2m(client)[22m[39m [2m[console.error] [22m[vite] Failed to reload /slides/slide12.jsx. This could be due to syntax errors or importing non-existent modules. (see errors above)
[2m6:55:31 a.m.[22m [31m[1m[vite][22m[39m [31m[2m(client)[22m[39m [2m[console.error] [22m[vite] Failed to reload /slides/slide12.jsx. This could be due to syntax errors or importing non-existent modules. (see errors above)
[2m6:55:31 a.m.[22m [31m[1m[vite][22m[39m [31m[2m(client)[22m[39m [2m[console.error] [22m[vite] Failed to reload /slides/slide13.jsx. This could be due to syntax errors or importing non-existent modules. (see errors above)
[2m6:55:31 a.m.[22m [31m[1m[vite][22m[39m [31m[2m(client)[22m[39m [2m[console.error] [22m[vite] Failed to reload /slides/slide13.jsx. This could be due to syntax errors or importing non-existent modules. (see errors above)
[2m6:55:31 a.m.[22m [31m[1m[vite][22m[39m [31m[2m(client)[22m[39m [2m[console.error] [22m[vite] Failed to reload /slides/slide13.jsx. This could be due to syntax errors or importing non-existent modules. (see errors above)
[2m6:55:31 a.m.[22m [31m[1m[vite][22m[39m [31m[2m(client)[22m[39m [2m[console.error] [22m[vite] Failed to reload /slides/slide13.jsx. This could be due to syntax errors or importing non-existent modules. (see errors above)
[2m6:55:31 a.m.[22m [31m[1m[vite][22m[39m [31m[2m(client)[22m[39m [2m[console.error] [22m[vite] Failed to reload /slides/slide13.jsx. This could be due to syntax errors or importing non-existent modules. (see errors above)
[2m6:55:31 a.m.[22m [31m[1m[vite][22m[39m [31m[2m(client)[22m[39m [2m[console.error] [22m[vite] Failed to reload /slides/slide13.jsx. This could be due to syntax errors or importing non-existent modules. (see errors above)
[2m6:55:32 a.m.[22m [31m[1m[vite][22m[39m [31m[2m(client)[22m[39m [2m[console.error] [22m[vite] Failed to reload /slides/slide14.jsx. This could be due to syntax errors or importing non-existent modules. (see errors above)
[2m6:55:32 a.m.[22m [31m[1m[vite][22m[39m [31m[2m(client)[22m[39m [2m[console.error] [22m[vite] Failed to reload /slides/slide14.jsx. This could be due to syntax errors or importing non-existent modules. (see errors above)
[2m6:55:32 a.m.[22m [31m[1m[vite][22m[39m [31m[2m(client)[22m[39m [2m[console.error] [22m[vite] Failed to reload /slides/slide14.jsx. This could be due to syntax errors or importing non-existent modules. (see errors above)
[2m6:55:32 a.m.[22m [31m[1m[vite][22m[39m [31m[2m(client)[22m[39m [2m[console.error] [22m[vite] Failed to reload /slides/slide14.jsx. This could be due to syntax errors or importing non-existent modules. (see errors above)
[2m6:55:32 a.m.[22m [31m[1m[vite][22m[39m [31m[2m(client)[22m[39m [2m[console.error] [22m[vite] Failed to reload /slides/slide14.jsx. This could be due to syntax errors or importing non-existent modules. (see errors above)
[2m6:55:32 a.m.[22m [31m[1m[vite][22m[39m [31m[2m(client)[22m[39m [2m[console.error] [22m[vite] Failed to reload /slides/slide14.jsx. This could be due to syntax errors or importing non-existent modules. (see errors above)
[2m6:56:13 a.m.[22m [31m[1m[vite][22m[39m [31m[2m(client)[22m[39m Pre-transform error: Failed to resolve import "./slide12.jsx" from "slides/index.js". Does the file exist?
  Plugin: [35mvite:import-analysis[39m
  File: [36mC:/Users/sebas/Documents/retateydejahuella/slides/index.js[39m:12:20
[33m  10 |  import slide10 from "./slide10.jsx";
  11 |  import slide11 from "./slide11.jsx";
  12 |  import slide12 from "./slide12.jsx";
     |                       ^
  13 |  import slide13 from "./slide13.jsx";
  14 |  import slide14 from "./slide14.jsx";[39m
[2m6:56:13 a.m.[22m [31m[1m[vite][22m[39m [31mInternal server error: Failed to resolve import "./slide12.jsx" from "slides/index.js". Does the file exist?[39m
  Plugin: [35mvite:import-analysis[39m
  File: [36mC:/Users/sebas/Documents/retateydejahuella/slides/index.js[39m:12:20
[33m  10 |  import slide10 from "./slide10.jsx";
  11 |  import slide11 from "./slide11.jsx";
  12 |  import slide12 from "./slide12.jsx";
     |                       ^
  13 |  import slide13 from "./slide13.jsx";
  14 |  import slide14 from "./slide14.jsx";[39m
      at TransformPluginContext._formatLog (file:///C:/Users/sebas/Documents/retateydejahuella/node_modules/vite/dist/node/chunks/node.js:30408:39)
      at TransformPluginContext.error (file:///C:/Users/sebas/Documents/retateydejahuella/node_modules/vite/dist/node/chunks/node.js:30405:14)
      at normalizeUrl (file:///C:/Users/sebas/Documents/retateydejahuella/node_modules/vite/dist/node/chunks/node.js:27662:18)
      at async file:///C:/Users/sebas/Documents/retateydejahuella/node_modules/vite/dist/node/chunks/node.js:27725:30
      at async Promise.all (index 11)
      at async TransformPluginContext.transform (file:///C:/Users/sebas/Documents/retateydejahuella/node_modules/vite/dist/node/chunks/node.js:27693:4)
      at async EnvironmentPluginContainer.transform (file:///C:/Users/sebas/Documents/retateydejahuella/node_modules/vite/dist/node/chunks/node.js:30193:14)
      at async loadAndTransform (file:///C:/Users/sebas/Documents/retateydejahuella/node_modules/vite/dist/node/chunks/node.js:24511:26)
[2m6:56:13 a.m.[22m [31m[1m[vite][22m[39m [31mInternal server error: Failed to resolve import "./slide12.jsx" from "slides/index.js". Does the file exist?[39m
  Plugin: [35mvite:import-analysis[39m
  File: [36mC:/Users/sebas/Documents/retateydejahuella/slides/index.js[39m:12:20
[33m  10 |  import slide10 from "./slide10.jsx";
  11 |  import slide11 from "./slide11.jsx";
  12 |  import slide12 from "./slide12.jsx";
     |                       ^
  13 |  import slide13 from "./slide13.jsx";
  14 |  import slide14 from "./slide14.jsx";[39m
      at TransformPluginContext._formatLog (file:///C:/Users/sebas/Documents/retateydejahuella/node_modules/vite/dist/node/chunks/node.js:30408:39)
      at TransformPluginContext.error (file:///C:/Users/sebas/Documents/retateydejahuella/node_modules/vite/dist/node/chunks/node.js:30405:14)
      at normalizeUrl (file:///C:/Users/sebas/Documents/retateydejahuella/node_modules/vite/dist/node/chunks/node.js:27662:18)
      at async file:///C:/Users/sebas/Documents/retateydejahuella/node_modules/vite/dist/node/chunks/node.js:27725:30
      at async Promise.all (index 11)
      at async TransformPluginContext.transform (file:///C:/Users/sebas/Documents/retateydejahuella/node_modules/vite/dist/node/chunks/node.js:27693:4)
      at async EnvironmentPluginContainer.transform (file:///C:/Users/sebas/Documents/retateydejahuella/node_modules/vite/dist/node/chunks/node.js:30193:14)
      at async loadAndTransform (file:///C:/Users/sebas/Documents/retateydejahuella/node_modules/vite/dist/node/chunks/node.js:24511:26)
[2m6:56:13 a.m.[22m [31m[1m[vite][22m[39m [31m[2m(client)[22m[39m [2m[console.error] [22m[vite] Failed to reload /App.jsx. This could be due to syntax errors or importing non-existent modules. (see errors above)
[2m6:56:13 a.m.[22m [31m[1m[vite][22m[39m [31m[2m(client)[22m[39m [2m[console.error] [22m[vite] Failed to reload /App.jsx. This could be due to syntax errors or importing non-existent modules. (see errors above)
[2m6:56:14 a.m.[22m [31m[1m[vite][22m[39m [31mInternal server error: Failed to resolve import "./slide12.jsx" from "slides/index.js". Does the file exist?[39m
  Plugin: [35mvite:import-analysis[39m
  File: [36mC:/Users/sebas/Documents/retateydejahuella/slides/index.js[39m:12:20
[33m  10 |  import slide10 from "./slide10.jsx";
  11 |  import slide11 from "./slide11.jsx";
  12 |  import slide12 from "./slide12.jsx";
     |                       ^
  13 |  import slide13 from "./slide13.jsx";
  14 |  import slide14 from "./slide14.jsx";[39m
      at TransformPluginContext._formatLog (file:///C:/Users/sebas/Documents/retateydejahuella/node_modules/vite/dist/node/chunks/node.js:30408:39)
      at TransformPluginContext.error (file:///C:/Users/sebas/Documents/retateydejahuella/node_modules/vite/dist/node/chunks/node.js:30405:14)
      at normalizeUrl (file:///C:/Users/sebas/Documents/retateydejahuella/node_modules/vite/dist/node/chunks/node.js:27662:18)
      at async file:///C:/Users/sebas/Documents/retateydejahuella/node_modules/vite/dist/node/chunks/node.js:27725:30
      at async Promise.all (index 11)
      at async TransformPluginContext.transform (file:///C:/Users/sebas/Documents/retateydejahuella/node_modules/vite/dist/node/chunks/node.js:27693:4)
      at async EnvironmentPluginContainer.transform (file:///C:/Users/sebas/Documents/retateydejahuella/node_modules/vite/dist/node/chunks/node.js:30193:14)
      at async loadAndTransform (file:///C:/Users/sebas/Documents/retateydejahuella/node_modules/vite/dist/node/chunks/node.js:24511:26)
[2m6:56:14 a.m.[22m [31m[1m[vite][22m[39m [31mInternal server error: Failed to resolve import "./slide12.jsx" from "slides/index.js". Does the file exist?[39m
  Plugin: [35mvite:import-analysis[39m
  File: [36mC:/Users/sebas/Documents/retateydejahuella/slides/index.js[39m:12:20
[33m  10 |  import slide10 from "./slide10.jsx";
  11 |  import slide11 from "./slide11.jsx";
  12 |  import slide12 from "./slide12.jsx";
     |                       ^
  13 |  import slide13 from "./slide13.jsx";
  14 |  import slide14 from "./slide14.jsx";[39m
      at TransformPluginContext._formatLog (file:///C:/Users/sebas/Documents/retateydejahuella/node_modules/vite/dist/node/chunks/node.js:30408:39)
      at TransformPluginContext.error (file:///C:/Users/sebas/Documents/retateydejahuella/node_modules/vite/dist/node/chunks/node.js:30405:14)
      at normalizeUrl (file:///C:/Users/sebas/Documents/retateydejahuella/node_modules/vite/dist/node/chunks/node.js:27662:18)
      at async file:///C:/Users/sebas/Documents/retateydejahuella/node_modules/vite/dist/node/chunks/node.js:27725:30
      at async Promise.all (index 11)
      at async TransformPluginContext.transform (file:///C:/Users/sebas/Documents/retateydejahuella/node_modules/vite/dist/node/chunks/node.js:27693:4)
      at async EnvironmentPluginContainer.transform (file:///C:/Users/sebas/Documents/retateydejahuella/node_modules/vite/dist/node/chunks/node.js:30193:14)
      at async loadAndTransform (file:///C:/Users/sebas/Documents/retateydejahuella/node_modules/vite/dist/node/chunks/node.js:24511:26)
[2m6:56:14 a.m.[22m [31m[1m[vite][22m[39m [31m[2m(client)[22m[39m [2m[console.error] [22m[vite] Failed to reload /App.jsx. This could be due to syntax errors or importing non-existent modules. (see errors above)
[2m6:56:14 a.m.[22m [31m[1m[vite][22m[39m [31m[2m(client)[22m[39m [2m[console.error] [22m[vite] Failed to reload /App.jsx. This could be due to syntax errors or importing non-existent modules. (see errors above)
[2m6:56:14 a.m.[22m [31m[1m[vite][22m[39m [31mInternal server error: Failed to resolve import "./slide12.jsx" from "slides/index.js". Does the file exist?[39m
  Plugin: [35mvite:import-analysis[39m
  File: [36mC:/Users/sebas/Documents/retateydejahuella/slides/index.js[39m:12:20
[33m  10 |  import slide10 from "./slide10.jsx";
  11 |  import slide11 from "./slide11.jsx";
  12 |  import slide12 from "./slide12.jsx";
     |                       ^
  13 |  import slide13 from "./slide13.jsx";
  14 |  import slide14 from "./slide14.jsx";[39m
      at TransformPluginContext._formatLog (file:///C:/Users/sebas/Documents/retateydejahuella/node_modules/vite/dist/node/chunks/node.js:30408:39)
      at TransformPluginContext.error (file:///C:/Users/sebas/Documents/retateydejahuella/node_modules/vite/dist/node/chunks/node.js:30405:14)
      at normalizeUrl (file:///C:/Users/sebas/Documents/retateydejahuella/node_modules/vite/dist/node/chunks/node.js:27662:18)
      at async file:///C:/Users/sebas/Documents/retateydejahuella/node_modules/vite/dist/node/chunks/node.js:27725:30
      at async Promise.all (index 11)
      at async TransformPluginContext.transform (file:///C:/Users/sebas/Documents/retateydejahuella/node_modules/vite/dist/node/chunks/node.js:27693:4)
      at async EnvironmentPluginContainer.transform (file:///C:/Users/sebas/Documents/retateydejahuella/node_modules/vite/dist/node/chunks/node.js:30193:14)
      at async loadAndTransform (file:///C:/Users/sebas/Documents/retateydejahuella/node_modules/vite/dist/node/chunks/node.js:24511:26)
      at async viteTransformMiddleware (file:///C:/Users/sebas/Documents/retateydejahuella/node_modules/vite/dist/node/chunks/node.js:24305:20)
[2m6:56:14 a.m.[22m [31m[1m[vite][22m[39m [31m[2m(client)[22m[39m [2m[console.error] [22m[vite] Failed to reload /App.jsx. This could be due to syntax errors or importing non-existent modules. (see errors above)
[2m6:56:14 a.m.[22m [31m[1m[vite][22m[39m [31mInternal server error: Failed to resolve import "./slide14.jsx" from "slides/index.js". Does the file exist?[39m
  Plugin: [35mvite:import-analysis[39m
  File: [36mC:/Users/sebas/Documents/retateydejahuella/slides/index.js[39m:14:20
[33m  12 |  import slide12 from "./slide12.jsx";
  13 |  import slide13 from "./slide13.jsx";
  14 |  import slide14 from "./slide14.jsx";
     |                       ^
  15 |  import slide15 from "./slide15.jsx";
  16 |  import { validateSlideRegistry } from "./shared/createSlide";[39m
      at TransformPluginContext._formatLog (file:///C:/Users/sebas/Documents/retateydejahuella/node_modules/vite/dist/node/chunks/node.js:30408:39)
      at TransformPluginContext.error (file:///C:/Users/sebas/Documents/retateydejahuella/node_modules/vite/dist/node/chunks/node.js:30405:14)
      at normalizeUrl (file:///C:/Users/sebas/Documents/retateydejahuella/node_modules/vite/dist/node/chunks/node.js:27662:18)
      at async file:///C:/Users/sebas/Documents/retateydejahuella/node_modules/vite/dist/node/chunks/node.js:27725:30
      at async Promise.all (index 13)
      at async TransformPluginContext.transform (file:///C:/Users/sebas/Documents/retateydejahuella/node_modules/vite/dist/node/chunks/node.js:27693:4)
      at async EnvironmentPluginContainer.transform (file:///C:/Users/sebas/Documents/retateydejahuella/node_modules/vite/dist/node/chunks/node.js:30193:14)
      at async loadAndTransform (file:///C:/Users/sebas/Documents/retateydejahuella/node_modules/vite/dist/node/chunks/node.js:24511:26)
[2m6:56:14 a.m.[22m [31m[1m[vite][22m[39m [31mInternal server error: Failed to resolve import "./slide14.jsx" from "slides/index.js". Does the file exist?[39m
  Plugin: [35mvite:import-analysis[39m
  File: [36mC:/Users/sebas/Documents/retateydejahuella/slides/index.js[39m:14:20
[33m  12 |  import slide12 from "./slide12.jsx";
  13 |  import slide13 from "./slide13.jsx";
  14 |  import slide14 from "./slide14.jsx";
     |                       ^
  15 |  import slide15 from "./slide15.jsx";
  16 |  import { validateSlideRegistry } from "./shared/createSlide";[39m
      at TransformPluginContext._formatLog (file:///C:/Users/sebas/Documents/retateydejahuella/node_modules/vite/dist/node/chunks/node.js:30408:39)
      at TransformPluginContext.error (file:///C:/Users/sebas/Documents/retateydejahuella/node_modules/vite/dist/node/chunks/node.js:30405:14)
      at normalizeUrl (file:///C:/Users/sebas/Documents/retateydejahuella/node_modules/vite/dist/node/chunks/node.js:27662:18)
      at async file:///C:/Users/sebas/Documents/retateydejahuella/node_modules/vite/dist/node/chunks/node.js:27725:30
      at async Promise.all (index 13)
      at async TransformPluginContext.transform (file:///C:/Users/sebas/Documents/retateydejahuella/node_modules/vite/dist/node/chunks/node.js:27693:4)
      at async EnvironmentPluginContainer.transform (file:///C:/Users/sebas/Documents/retateydejahuella/node_modules/vite/dist/node/chunks/node.js:30193:14)
      at async loadAndTransform (file:///C:/Users/sebas/Documents/retateydejahuella/node_modules/vite/dist/node/chunks/node.js:24511:26)
[2m6:56:14 a.m.[22m [31m[1m[vite][22m[39m [31m[2m(client)[22m[39m Pre-transform error: Failed to resolve import "./slide14.jsx" from "slides/index.js". Does the file exist?
  Plugin: [35mvite:import-analysis[39m
  File: [36mC:/Users/sebas/Documents/retateydejahuella/slides/index.js[39m:14:20
[33m  12 |  import slide12 from "./slide12.jsx";
  13 |  import slide13 from "./slide13.jsx";
  14 |  import slide14 from "./slide14.jsx";
     |                       ^
  15 |  import slide15 from "./slide15.jsx";
  16 |  import { validateSlideRegistry } from "./shared/createSlide";[39m
[2m6:56:14 a.m.[22m [31m[1m[vite][22m[39m [31m[2m(client)[22m[39m [2m[console.error] [22m[vite] Failed to reload /App.jsx. This could be due to syntax errors or importing non-existent modules. (see errors above)
[2m6:56:14 a.m.[22m [31m[1m[vite][22m[39m [31m[2m(client)[22m[39m [2m[console.error] [22m[vite] Failed to reload /App.jsx. This could be due to syntax errors or importing non-existent modules. (see errors above)
[2m6:56:14 a.m.[22m [31m[1m[vite][22m[39m [31m[2m(client)[22m[39m [2m[console.error] [22m[vite] Failed to reload /App.jsx. This could be due to syntax errors or importing non-existent modules. (see errors above)
[2m6:56:14 a.m.[22m [31m[1m[vite][22m[39m [31m[2m(client)[22m[39m [2m[console.error] [22m[vite] Failed to reload /App.jsx. This could be due to syntax errors or importing non-existent modules. (see errors above)
[2m6:56:14 a.m.[22m [31m[1m[vite][22m[39m [31mInternal server error: Failed to resolve import "./slide13.jsx" from "slides/index.js". Does the file exist?[39m
  Plugin: [35mvite:import-analysis[39m
  File: [36mC:/Users/sebas/Documents/retateydejahuella/slides/index.js[39m:13:20
[33m  11 |  import slide11 from "./slide11.jsx";
  12 |  import slide12 from "./slide12.jsx";
  13 |  import slide13 from "./slide13.jsx";
     |                       ^
  14 |  import slide14 from "./slide14.jsx";
  15 |  import slide15 from "./slide15.jsx";[39m
      at TransformPluginContext._formatLog (file:///C:/Users/sebas/Documents/retateydejahuella/node_modules/vite/dist/node/chunks/node.js:30408:39)
      at TransformPluginContext.error (file:///C:/Users/sebas/Documents/retateydejahuella/node_modules/vite/dist/node/chunks/node.js:30405:14)
      at normalizeUrl (file:///C:/Users/sebas/Documents/retateydejahuella/node_modules/vite/dist/node/chunks/node.js:27662:18)
      at async file:///C:/Users/sebas/Documents/retateydejahuella/node_modules/vite/dist/node/chunks/node.js:27725:30
      at async Promise.all (index 12)
      at async TransformPluginContext.transform (file:///C:/Users/sebas/Documents/retateydejahuella/node_modules/vite/dist/node/chunks/node.js:27693:4)
      at async EnvironmentPluginContainer.transform (file:///C:/Users/sebas/Documents/retateydejahuella/node_modules/vite/dist/node/chunks/node.js:30193:14)
      at async loadAndTransform (file:///C:/Users/sebas/Documents/retateydejahuella/node_modules/vite/dist/node/chunks/node.js:24511:26)
[2m6:56:14 a.m.[22m [31m[1m[vite][22m[39m [31mInternal server error: Failed to resolve import "./slide13.jsx" from "slides/index.js". Does the file exist?[39m
  Plugin: [35mvite:import-analysis[39m
  File: [36mC:/Users/sebas/Documents/retateydejahuella/slides/index.js[39m:13:20
[33m  11 |  import slide11 from "./slide11.jsx";
  12 |  import slide12 from "./slide12.jsx";
  13 |  import slide13 from "./slide13.jsx";
     |                       ^
  14 |  import slide14 from "./slide14.jsx";
  15 |  import slide15 from "./slide15.jsx";[39m
      at TransformPluginContext._formatLog (file:///C:/Users/sebas/Documents/retateydejahuella/node_modules/vite/dist/node/chunks/node.js:30408:39)
      at TransformPluginContext.error (file:///C:/Users/sebas/Documents/retateydejahuella/node_modules/vite/dist/node/chunks/node.js:30405:14)
      at normalizeUrl (file:///C:/Users/sebas/Documents/retateydejahuella/node_modules/vite/dist/node/chunks/node.js:27662:18)
      at async file:///C:/Users/sebas/Documents/retateydejahuella/node_modules/vite/dist/node/chunks/node.js:27725:30
      at async Promise.all (index 12)
      at async TransformPluginContext.transform (file:///C:/Users/sebas/Documents/retateydejahuella/node_modules/vite/dist/node/chunks/node.js:27693:4)
      at async EnvironmentPluginContainer.transform (file:///C:/Users/sebas/Documents/retateydejahuella/node_modules/vite/dist/node/chunks/node.js:30193:14)
      at async loadAndTransform (file:///C:/Users/sebas/Documents/retateydejahuella/node_modules/vite/dist/node/chunks/node.js:24511:26)
[2m6:56:14 a.m.[22m [31m[1m[vite][22m[39m [31m[2m(client)[22m[39m [2m[console.error] [22m[vite] Failed to reload /App.jsx. This could be due to syntax errors or importing non-existent modules. (see errors above)
[2m6:56:14 a.m.[22m [31m[1m[vite][22m[39m [31m[2m(client)[22m[39m [2m[console.error] [22m[vite] Failed to reload /App.jsx. This could be due to syntax errors or importing non-existent modules. (see errors above)
[2m6:56:14 a.m.[22m [31m[1m[vite][22m[39m [31m[2m(client)[22m[39m [2m[console.error] [22m[vite] Failed to reload /App.jsx. This could be due to syntax errors or importing non-existent modules. (see errors above)
[2m6:56:14 a.m.[22m [31m[1m[vite][22m[39m [31m[2m(client)[22m[39m [2m[console.error] [22m[vite] Failed to reload /App.jsx. This could be due to syntax errors or importing non-existent modules. (see errors above)
[2m6:56:14 a.m.[22m [31m[1m[vite][22m[39m [31mInternal server error: Failed to resolve import "./slide13.jsx" from "slides/index.js". Does the file exist?[39m
  Plugin: [35mvite:import-analysis[39m
  File: [36mC:/Users/sebas/Documents/retateydejahuella/slides/index.js[39m:13:20
[33m  11 |  import slide11 from "./slide11.jsx";
  12 |  import slide12 from "./slide12.jsx";
  13 |  import slide13 from "./slide13.jsx";
     |                       ^
  14 |  import slide14 from "./slide14.jsx";
  15 |  import slide15 from "./slide15.jsx";[39m
      at TransformPluginContext._formatLog (file:///C:/Users/sebas/Documents/retateydejahuella/node_modules/vite/dist/node/chunks/node.js:30408:39)
      at TransformPluginContext.error (file:///C:/Users/sebas/Documents/retateydejahuella/node_modules/vite/dist/node/chunks/node.js:30405:14)
      at normalizeUrl (file:///C:/Users/sebas/Documents/retateydejahuella/node_modules/vite/dist/node/chunks/node.js:27662:18)
      at async file:///C:/Users/sebas/Documents/retateydejahuella/node_modules/vite/dist/node/chunks/node.js:27725:30
      at async Promise.all (index 12)
      at async TransformPluginContext.transform (file:///C:/Users/sebas/Documents/retateydejahuella/node_modules/vite/dist/node/chunks/node.js:27693:4)
      at async EnvironmentPluginContainer.transform (file:///C:/Users/sebas/Documents/retateydejahuella/node_modules/vite/dist/node/chunks/node.js:30193:14)
      at async loadAndTransform (file:///C:/Users/sebas/Documents/retateydejahuella/node_modules/vite/dist/node/chunks/node.js:24511:26)
      at async viteTransformMiddleware (file:///C:/Users/sebas/Documents/retateydejahuella/node_modules/vite/dist/node/chunks/node.js:24305:20)
[2m6:56:14 a.m.[22m [31m[1m[vite][22m[39m [31m[2m(client)[22m[39m [2m[console.error] [22m[vite] Failed to reload /App.jsx. This could be due to syntax errors or importing non-existent modules. (see errors above)
[2m6:56:14 a.m.[22m [31m[1m[vite][22m[39m [31m[2m(client)[22m[39m [2m[console.error] [22m[vite] Failed to reload /App.jsx. This could be due to syntax errors or importing non-existent modules. (see errors above)
[2m6:56:14 a.m.[22m [31m[1m[vite][22m[39m [31m[2m(client)[22m[39m Pre-transform error: Failed to resolve import "./slide13.jsx" from "slides/index.js". Does the file exist?
  Plugin: [35mvite:import-analysis[39m
  File: [36mC:/Users/sebas/Documents/retateydejahuella/slides/index.js[39m:13:20
[33m  11 |  import slide11 from "./slide11.jsx";
  12 |  import slide12 from "./slide12.jsx";
  13 |  import slide13 from "./slide13.jsx";
     |                       ^
  14 |  import slide14 from "./slide14.jsx";
  15 |  import slide15 from "./slide15.jsx";[39m
[2m6:56:14 a.m.[22m [31m[1m[vite][22m[39m [31mInternal server error: Failed to resolve import "./slide13.jsx" from "slides/index.js". Does the file exist?[39m
  Plugin: [35mvite:import-analysis[39m
  File: [36mC:/Users/sebas/Documents/retateydejahuella/slides/index.js[39m:13:20
[33m  11 |  import slide11 from "./slide11.jsx";
  12 |  import slide12 from "./slide12.jsx";
  13 |  import slide13 from "./slide13.jsx";
     |                       ^
  14 |  import slide14 from "./slide14.jsx";
  15 |  import slide15 from "./slide15.jsx";[39m
      at TransformPluginContext._formatLog (file:///C:/Users/sebas/Documents/retateydejahuella/node_modules/vite/dist/node/chunks/node.js:30408:39)
      at TransformPluginContext.error (file:///C:/Users/sebas/Documents/retateydejahuella/node_modules/vite/dist/node/chunks/node.js:30405:14)
      at normalizeUrl (file:///C:/Users/sebas/Documents/retateydejahuella/node_modules/vite/dist/node/chunks/node.js:27662:18)
      at async file:///C:/Users/sebas/Documents/retateydejahuella/node_modules/vite/dist/node/chunks/node.js:27725:30
      at async Promise.all (index 12)
      at async TransformPluginContext.transform (file:///C:/Users/sebas/Documents/retateydejahuella/node_modules/vite/dist/node/chunks/node.js:27693:4)
      at async EnvironmentPluginContainer.transform (file:///C:/Users/sebas/Documents/retateydejahuella/node_modules/vite/dist/node/chunks/node.js:30193:14)
      at async loadAndTransform (file:///C:/Users/sebas/Documents/retateydejahuella/node_modules/vite/dist/node/chunks/node.js:24511:26)
      at async viteTransformMiddleware (file:///C:/Users/sebas/Documents/retateydejahuella/node_modules/vite/dist/node/chunks/node.js:24305:20)
[2m6:56:14 a.m.[22m [31m[1m[vite][22m[39m [31m[2m(client)[22m[39m [2m[console.error] [22m[vite] Failed to reload /App.jsx. This could be due to syntax errors or importing non-existent modules. (see errors above)
[2m6:56:14 a.m.[22m [31m[1m[vite][22m[39m [31m[2m(client)[22m[39m [2m[console.error] [22m[vite] Failed to reload /App.jsx. This could be due to syntax errors or importing non-existent modules. (see errors above)
[2m6:56:14 a.m.[22m [31m[1m[vite][22m[39m [31m[2m(client)[22m[39m [2m[console.error] [22m[vite] Failed to reload /App.jsx. This could be due to syntax errors or importing non-existent modules. (see errors above)
[2m6:56:14 a.m.[22m [31m[1m[vite][22m[39m [31mInternal server error: Failed to resolve import "./slide14.jsx" from "slides/index.js". Does the file exist?[39m
  Plugin: [35mvite:import-analysis[39m
  File: [36mC:/Users/sebas/Documents/retateydejahuella/slides/index.js[39m:14:20
[33m  12 |  import slide12 from "./slide12.jsx";
  13 |  import slide13 from "./slide13.jsx";
  14 |  import slide14 from "./slide14.jsx";
     |                       ^
  15 |  import slide15 from "./slide15.jsx";
  16 |  import { validateSlideRegistry } from "./shared/createSlide";[39m
      at TransformPluginContext._formatLog (file:///C:/Users/sebas/Documents/retateydejahuella/node_modules/vite/dist/node/chunks/node.js:30408:39)
      at TransformPluginContext.error (file:///C:/Users/sebas/Documents/retateydejahuella/node_modules/vite/dist/node/chunks/node.js:30405:14)
      at normalizeUrl (file:///C:/Users/sebas/Documents/retateydejahuella/node_modules/vite/dist/node/chunks/node.js:27662:18)
      at async file:///C:/Users/sebas/Documents/retateydejahuella/node_modules/vite/dist/node/chunks/node.js:27725:30
      at async Promise.all (index 13)
      at async TransformPluginContext.transform (file:///C:/Users/sebas/Documents/retateydejahuella/node_modules/vite/dist/node/chunks/node.js:27693:4)
      at async EnvironmentPluginContainer.transform (file:///C:/Users/sebas/Documents/retateydejahuella/node_modules/vite/dist/node/chunks/node.js:30193:14)
      at async loadAndTransform (file:///C:/Users/sebas/Documents/retateydejahuella/node_modules/vite/dist/node/chunks/node.js:24511:26)
[2m6:56:14 a.m.[22m [31m[1m[vite][22m[39m [31mInternal server error: Failed to resolve import "./slide14.jsx" from "slides/index.js". Does the file exist?[39m
  Plugin: [35mvite:import-analysis[39m
  File: [36mC:/Users/sebas/Documents/retateydejahuella/slides/index.js[39m:14:20
[33m  12 |  import slide12 from "./slide12.jsx";
  13 |  import slide13 from "./slide13.jsx";
  14 |  import slide14 from "./slide14.jsx";
     |                       ^
  15 |  import slide15 from "./slide15.jsx";
  16 |  import { validateSlideRegistry } from "./shared/createSlide";[39m
      at TransformPluginContext._formatLog (file:///C:/Users/sebas/Documents/retateydejahuella/node_modules/vite/dist/node/chunks/node.js:30408:39)
      at TransformPluginContext.error (file:///C:/Users/sebas/Documents/retateydejahuella/node_modules/vite/dist/node/chunks/node.js:30405:14)
      at normalizeUrl (file:///C:/Users/sebas/Documents/retateydejahuella/node_modules/vite/dist/node/chunks/node.js:27662:18)
      at async file:///C:/Users/sebas/Documents/retateydejahuella/node_modules/vite/dist/node/chunks/node.js:27725:30
      at async Promise.all (index 13)
      at async TransformPluginContext.transform (file:///C:/Users/sebas/Documents/retateydejahuella/node_modules/vite/dist/node/chunks/node.js:27693:4)
      at async EnvironmentPluginContainer.transform (file:///C:/Users/sebas/Documents/retateydejahuella/node_modules/vite/dist/node/chunks/node.js:30193:14)
      at async loadAndTransform (file:///C:/Users/sebas/Documents/retateydejahuella/node_modules/vite/dist/node/chunks/node.js:24511:26)
[2m6:56:14 a.m.[22m [31m[1m[vite][22m[39m [31mInternal server error: Failed to resolve import "./slide14.jsx" from "slides/index.js". Does the file exist?[39m
  Plugin: [35mvite:import-analysis[39m
  File: [36mC:/Users/sebas/Documents/retateydejahuella/slides/index.js[39m:14:20
[33m  12 |  import slide12 from "./slide12.jsx";
  13 |  import slide13 from "./slide13.jsx";
  14 |  import slide14 from "./slide14.jsx";
     |                       ^
  15 |  import slide15 from "./slide15.jsx";
  16 |  import { validateSlideRegistry } from "./shared/createSlide";[39m
      at TransformPluginContext._formatLog (file:///C:/Users/sebas/Documents/retateydejahuella/node_modules/vite/dist/node/chunks/node.js:30408:39)
      at TransformPluginContext.error (file:///C:/Users/sebas/Documents/retateydejahuella/node_modules/vite/dist/node/chunks/node.js:30405:14)
      at normalizeUrl (file:///C:/Users/sebas/Documents/retateydejahuella/node_modules/vite/dist/node/chunks/node.js:27662:18)
      at async file:///C:/Users/sebas/Documents/retateydejahuella/node_modules/vite/dist/node/chunks/node.js:27725:30
      at async Promise.all (index 13)
      at async TransformPluginContext.transform (file:///C:/Users/sebas/Documents/retateydejahuella/node_modules/vite/dist/node/chunks/node.js:27693:4)
      at async EnvironmentPluginContainer.transform (file:///C:/Users/sebas/Documents/retateydejahuella/node_modules/vite/dist/node/chunks/node.js:30193:14)
      at async loadAndTransform (file:///C:/Users/sebas/Documents/retateydejahuella/node_modules/vite/dist/node/chunks/node.js:24511:26)
[2m6:56:14 a.m.[22m [31m[1m[vite][22m[39m [31m[2m(client)[22m[39m Pre-transform error: Failed to resolve import "./slide14.jsx" from "slides/index.js". Does the file exist?
  Plugin: [35mvite:import-analysis[39m
  File: [36mC:/Users/sebas/Documents/retateydejahuella/slides/index.js[39m:14:20
[33m  12 |  import slide12 from "./slide12.jsx";
  13 |  import slide13 from "./slide13.jsx";
  14 |  import slide14 from "./slide14.jsx";
     |                       ^
  15 |  import slide15 from "./slide15.jsx";
  16 |  import { validateSlideRegistry } from "./shared/createSlide";[39m
[2m6:56:14 a.m.[22m [31m[1m[vite][22m[39m [31m[2m(client)[22m[39m [2m[console.error] [22m[vite] Failed to reload /App.jsx. This could be due to syntax errors or importing non-existent modules. (see errors above)
[2m6:56:14 a.m.[22m [31m[1m[vite][22m[39m [31m[2m(client)[22m[39m [2m[console.error] [22m[vite] Failed to reload /App.jsx. This could be due to syntax errors or importing non-existent modules. (see errors above)
[2m6:56:14 a.m.[22m [31m[1m[vite][22m[39m [31m[2m(client)[22m[39m [2m[console.error] [22m[vite] Failed to reload /App.jsx. This could be due to syntax errors or importing non-existent modules. (see errors above)
[2m6:56:14 a.m.[22m [31m[1m[vite][22m[39m [31m[2m(client)[22m[39m [2m[console.error] [22m[vite] Failed to reload /App.jsx. This could be due to syntax errors or importing non-existent modules. (see errors above)
[2m6:56:14 a.m.[22m [31m[1m[vite][22m[39m [31mInternal server error: Failed to resolve import "./slide14.jsx" from "slides/index.js". Does the file exist?[39m
  Plugin: [35mvite:import-analysis[39m
  File: [36mC:/Users/sebas/Documents/retateydejahuella/slides/index.js[39m:14:20
[33m  12 |  import slide12 from "./slide12.jsx";
  13 |  import slide13 from "./slide13.jsx";
  14 |  import slide14 from "./slide14.jsx";
     |                       ^
  15 |  import slide15 from "./slide15.jsx";
  16 |  import { validateSlideRegistry } from "./shared/createSlide";[39m
      at TransformPluginContext._formatLog (file:///C:/Users/sebas/Documents/retateydejahuella/node_modules/vite/dist/node/chunks/node.js:30408:39)
      at TransformPluginContext.error (file:///C:/Users/sebas/Documents/retateydejahuella/node_modules/vite/dist/node/chunks/node.js:30405:14)
      at normalizeUrl (file:///C:/Users/sebas/Documents/retateydejahuella/node_modules/vite/dist/node/chunks/node.js:27662:18)
      at async file:///C:/Users/sebas/Documents/retateydejahuella/node_modules/vite/dist/node/chunks/node.js:27725:30
      at async Promise.all (index 13)
      at async TransformPluginContext.transform (file:///C:/Users/sebas/Documents/retateydejahuella/node_modules/vite/dist/node/chunks/node.js:27693:4)
      at async EnvironmentPluginContainer.transform (file:///C:/Users/sebas/Documents/retateydejahuella/node_modules/vite/dist/node/chunks/node.js:30193:14)
      at async loadAndTransform (file:///C:/Users/sebas/Documents/retateydejahuella/node_modules/vite/dist/node/chunks/node.js:24511:26)
[2m6:56:14 a.m.[22m [31m[1m[vite][22m[39m [31mInternal server error: Failed to resolve import "./slide14.jsx" from "slides/index.js". Does the file exist?[39m
  Plugin: [35mvite:import-analysis[39m
  File: [36mC:/Users/sebas/Documents/retateydejahuella/slides/index.js[39m:14:20
[33m  12 |  import slide12 from "./slide12.jsx";
  13 |  import slide13 from "./slide13.jsx";
  14 |  import slide14 from "./slide14.jsx";
     |                       ^
  15 |  import slide15 from "./slide15.jsx";
  16 |  import { validateSlideRegistry } from "./shared/createSlide";[39m
      at TransformPluginContext._formatLog (file:///C:/Users/sebas/Documents/retateydejahuella/node_modules/vite/dist/node/chunks/node.js:30408:39)
      at TransformPluginContext.error (file:///C:/Users/sebas/Documents/retateydejahuella/node_modules/vite/dist/node/chunks/node.js:30405:14)
      at normalizeUrl (file:///C:/Users/sebas/Documents/retateydejahuella/node_modules/vite/dist/node/chunks/node.js:27662:18)
      at async file:///C:/Users/sebas/Documents/retateydejahuella/node_modules/vite/dist/node/chunks/node.js:27725:30
      at async Promise.all (index 13)
      at async TransformPluginContext.transform (file:///C:/Users/sebas/Documents/retateydejahuella/node_modules/vite/dist/node/chunks/node.js:27693:4)
      at async EnvironmentPluginContainer.transform (file:///C:/Users/sebas/Documents/retateydejahuella/node_modules/vite/dist/node/chunks/node.js:30193:14)
      at async loadAndTransform (file:///C:/Users/sebas/Documents/retateydejahuella/node_modules/vite/dist/node/chunks/node.js:24511:26)
[2m6:56:14 a.m.[22m [31m[1m[vite][22m[39m [31m[2m(client)[22m[39m [2m[console.error] [22m[vite] Failed to reload /App.jsx. This could be due to syntax errors or importing non-existent modules. (see errors above)
[2m6:56:14 a.m.[22m [31m[1m[vite][22m[39m [31m[2m(client)[22m[39m [2m[console.error] [22m[vite] Failed to reload /App.jsx. This could be due to syntax errors or importing non-existent modules. (see errors above)
[2m6:56:14 a.m.[22m [31m[1m[vite][22m[39m [31m[2m(client)[22m[39m [2m[console.error] [22m[vite] Failed to reload /App.jsx. This could be due to syntax errors or importing non-existent modules. (see errors above)
[2m6:56:14 a.m.[22m [31m[1m[vite][22m[39m [31m[2m(client)[22m[39m [2m[console.error] [22m[vite] Failed to reload /App.jsx. This could be due to syntax errors or importing non-existent modules. (see errors above)
[2m6:56:14 a.m.[22m [31m[1m[vite][22m[39m [31m[2m(client)[22m[39m [2m[console.error] [22m[vite] Failed to reload /App.jsx. This could be due to syntax errors or importing non-existent modules. (see errors above)
[2m6:56:14 a.m.[22m [31m[1m[vite][22m[39m [31mInternal server error: Failed to resolve import "./slide14.jsx" from "slides/index.js". Does the file exist?[39m
  Plugin: [35mvite:import-analysis[39m
  File: [36mC:/Users/sebas/Documents/retateydejahuella/slides/index.js[39m:14:20
[33m  12 |  import slide12 from "./slide12.jsx";
  13 |  import slide13 from "./slide13.jsx";
  14 |  import slide14 from "./slide14.jsx";
     |                       ^
  15 |  import slide15 from "./slide15.jsx";
  16 |  import { validateSlideRegistry } from "./shared/createSlide";[39m
      at TransformPluginContext._formatLog (file:///C:/Users/sebas/Documents/retateydejahuella/node_modules/vite/dist/node/chunks/node.js:30408:39)
      at TransformPluginContext.error (file:///C:/Users/sebas/Documents/retateydejahuella/node_modules/vite/dist/node/chunks/node.js:30405:14)
      at normalizeUrl (file:///C:/Users/sebas/Documents/retateydejahuella/node_modules/vite/dist/node/chunks/node.js:27662:18)
      at async file:///C:/Users/sebas/Documents/retateydejahuella/node_modules/vite/dist/node/chunks/node.js:27725:30
      at async Promise.all (index 13)
      at async TransformPluginContext.transform (file:///C:/Users/sebas/Documents/retateydejahuella/node_modules/vite/dist/node/chunks/node.js:27693:4)
      at async EnvironmentPluginContainer.transform (file:///C:/Users/sebas/Documents/retateydejahuella/node_modules/vite/dist/node/chunks/node.js:30193:14)
      at async loadAndTransform (file:///C:/Users/sebas/Documents/retateydejahuella/node_modules/vite/dist/node/chunks/node.js:24511:26)
      at async viteTransformMiddleware (file:///C:/Users/sebas/Documents/retateydejahuella/node_modules/vite/dist/node/chunks/node.js:24305:20)
[2m6:56:14 a.m.[22m [31m[1m[vite][22m[39m [31m[2m(client)[22m[39m [2m[console.error] [22m[vite] Failed to reload /App.jsx. This could be due to syntax errors or importing non-existent modules. (see errors above)
[2m6:56:14 a.m.[22m [31m[1m[vite][22m[39m [31m[2m(client)[22m[39m [2m[console.error] [22m[vite] Failed to reload /App.jsx. This could be due to syntax errors or importing non-existent modules. (see errors above)
[2m6:56:14 a.m.[22m [31m[1m[vite][22m[39m [31m[2m(client)[22m[39m [2m[console.error] [22m[vite] Failed to reload /App.jsx. This could be due to syntax errors or importing non-existent modules. (see errors above)
[2m7:26:20 a.m.[22m [31m[1m[vite][22m[39m [31m[2m(client)[22m[39m [31m[Unhandled error] [1mReferenceError[22m: RewardWatermark is not defined
[39m > VisitanteBoard slides/slide08.jsx:169:7
    167 |        }}
    168 |      >
    169 |        <RewardWatermark />
        |         ^
    170 |  
    171 |        <div className="relative z-10 mb-6 flex items-end justify-between gap-8">
 > Object.react_stack_bottom_frame node_modules/react-dom/cjs/react-dom-client.development.js:25904:19
 > renderWithHooks node_modules/react-dom/cjs/react-dom-client.development.js:7662:21
 > updateFunctionComponent node_modules/react-dom/cjs/react-dom-client.development.js:10166:18
 > beginWork node_modules/react-dom/cjs/react-dom-client.development.js:11778:17
 > runWithFiberInDEV node_modules/react-dom/cjs/react-dom-client.development.js:871:29
 > performUnitOfWork node_modules/react-dom/cjs/react-dom-client.development.js:17641:21
 > workLoopSync node_modules/react-dom/cjs/react-dom-client.development.js:17469:40
 > renderRootSync node_modules/react-dom/cjs/react-dom-client.development.js:17450:10
 > performWorkOnRoot node_modules/react-dom/cjs/react-dom-client.development.js:16583:34

[2m7:26:20 a.m.[22m [33m[1m[vite][22m[39m [33m[2m(client)[22m[39m [2m[console.warn] [22mAn error occurred in the <VisitanteBoard> component.

Consider adding an error boundary to your tree to customize error handling behavior.
Visit https://react.dev/link/error-boundaries to learn more about error boundaries.

[2m7:26:21 a.m.[22m [31m[1m[vite][22m[39m [31m[2m(client)[22m[39m [31m[Unhandled error] [1mReferenceError[22m: RewardWatermark is not defined
[39m > VisitanteBoard slides/slide08.jsx:169:7
    167 |        }}
    168 |      >
    169 |        <RewardWatermark />
        |         ^
    170 |  
    171 |        <div className="relative z-10 mb-6 flex items-end justify-between gap-8">
 > Object.react_stack_bottom_frame node_modules/react-dom/cjs/react-dom-client.development.js:25904:19
 > renderWithHooks node_modules/react-dom/cjs/react-dom-client.development.js:7662:21
 > updateFunctionComponent node_modules/react-dom/cjs/react-dom-client.development.js:10166:18
 > beginWork node_modules/react-dom/cjs/react-dom-client.development.js:11778:17
 > runWithFiberInDEV node_modules/react-dom/cjs/react-dom-client.development.js:871:29
 > performUnitOfWork node_modules/react-dom/cjs/react-dom-client.development.js:17641:21
 > workLoopSync node_modules/react-dom/cjs/react-dom-client.development.js:17469:40
 > renderRootSync node_modules/react-dom/cjs/react-dom-client.development.js:17450:10
 > performWorkOnRoot node_modules/react-dom/cjs/react-dom-client.development.js:16583:34

[2m7:26:21 a.m.[22m [33m[1m[vite][22m[39m [33m[2m(client)[22m[39m [2m[console.warn] [22mAn error occurred in the <VisitanteBoard> component.

Consider adding an error boundary to your tree to customize error handling behavior.
Visit https://react.dev/link/error-boundaries to learn more about error boundaries.

[2m7:26:26 a.m.[22m [31m[1m[vite][22m[39m [31m[2m(client)[22m[39m [31m[Unhandled error] [1mReferenceError[22m: RewardWatermark is not defined
[39m > VisitanteBoard slides/slide08.jsx:169:7
    167 |        }}
    168 |      >
    169 |        <RewardWatermark />
        |         ^
    170 |  
    171 |        <div className="relative z-10 mb-6 flex items-end justify-between gap-8">
 > Object.react_stack_bottom_frame node_modules/react-dom/cjs/react-dom-client.development.js:25904:19
 > renderWithHooks node_modules/react-dom/cjs/react-dom-client.development.js:7662:21
 > updateFunctionComponent node_modules/react-dom/cjs/react-dom-client.development.js:10166:18
 > beginWork node_modules/react-dom/cjs/react-dom-client.development.js:11778:17
 > runWithFiberInDEV node_modules/react-dom/cjs/react-dom-client.development.js:871:29
 > performUnitOfWork node_modules/react-dom/cjs/react-dom-client.development.js:17641:21
 > workLoopSync node_modules/react-dom/cjs/react-dom-client.development.js:17469:40
 > renderRootSync node_modules/react-dom/cjs/react-dom-client.development.js:17450:10
 > performWorkOnRoot node_modules/react-dom/cjs/react-dom-client.development.js:16583:34

[2m7:26:26 a.m.[22m [33m[1m[vite][22m[39m [33m[2m(client)[22m[39m [2m[console.warn] [22mAn error occurred in the <VisitanteBoard> component.

Consider adding an error boundary to your tree to customize error handling behavior.
Visit https://react.dev/link/error-boundaries to learn more about error boundaries.

